split,horizon_months,target,pipe_rows,pipe_rmse,pipe_mae,persistence_rows,persistence_rmse,persistence_mae,rmse_delta_pipe_minus_persistence,mae_delta_pipe_minus_persistence,rmse_relative_improvement,mae_relative_improvement
test,0,all,20553,0.12846954928808127,0.07994339554829932,20553,0.15237186489247284,0.0901183976342297,-0.023902315604391572,-0.010175002085930376,0.15686830125272258,0.11290704620857131
test,0,delta_yF,20553,0.13837267206464848,0.08575811677505017,20553,0.18747947895812336,0.11421805288065717,-0.04910680689347488,-0.028459936105607,0.2619316373523936,0.24917196001707267
test,0,delta_yN,20553,0.11763445694009095,0.07357628429996842,20553,0.1432993139075354,0.08971219622833053,-0.025664856967444444,-0.016135911928362112,0.17909965000952358,0.17986308001304394
test,0,delta_yT,20553,0.21382321343542543,0.13990365135891852,20553,0.29528583437850153,0.18574777079131408,-0.0814626209430761,-0.04584411943239555,0.27587717207814366,0.2468084501746242
test,0,sigma_F,20553,0.04237447360202733,0.022456583133180233,20553,0.04237447891678531,0.022456582103663917,-5.3147579809342815e-09,1.0295163159479426e-09,1.254235595763045e-07,-4.584474659569727e-08
test,0,sigma_N,20553,0.14367409151539945,0.06922353941211154,20553,0.14367407776031715,0.06922354998495413,1.3755082295396903e-08,-1.0572842587541764e-08,-9.573809353656463e-08,1.5273476425060247e-07
test,0,sigma_T,20553,0.07791112807670306,0.042391268428512395,20553,0.0779111180452955,0.04239126508983447,1.003140755184706e-08,3.3386779244026776e-09,-1.287545064622877e-07,-7.875862910265683e-08
test,0,yF,20553,0.1264823441082892,0.08075787715074796,20553,0.13861726382588127,0.08176904767990947,-0.012134919717592063,-0.001011170529161512,0.08754262912615902,0.012366177152017327
test,0,yN,20553,0.09563248777356884,0.061514938541185546,20553,0.10278502941063855,0.0629502591714484,-0.007152541637069715,-0.0014353206302628596,0.06958738717186577,0.022800869276069013
test,0,yT,20553,0.20032107607657856,0.14390830083501918,20553,0.23992018882917718,0.1425968547779551,-0.039599112752598614,0.0013114460570640696,0.1650511903389386,-0.009196879265718655
test,1,all,7582,0.12955179313689158,0.07654255518265075,7582,0.1475028588687866,0.08407848773565602,-0.017951065731895033,-0.007535932553005262,0.12169978175042474,0.08962973473902555
test,1,delta_yF,7582,0.15571323380686347,0.0936499403573944,7582,0.2007398691888921,0.11963815604066572,-0.04502663538202864,-0.02598821568327131,0.22430340103320232,0.21722347237145448
test,1,delta_yN,7582,0.13728414326246446,0.08486544279333974,7582,0.15745170532467426,0.09602681762017791,-0.020167562062209793,-0.011161374826838169,0.12808728886500878,0.11623185172068905
test,1,delta_yT,7582,0.23935211401283982,0.14911531188248392,7582,0.3075718717361506,0.18693415813719935,-0.06821975772331076,-0.03781884625471543,0.22180102926262657,0.2023110523597217
test,1,sigma_F,7582,0.03950933840424522,0.02025226403968185,7582,0.03950934460318529,0.020252267150805324,-6.198940069590542e-09,-3.111123473426014e-09,1.568980739075782e-07,1.5361852824967802e-07
test,1,sigma_N,7582,0.13817237574842772,0.06343080393873711,7582,0.13817236974546723,0.06343081179810715,6.002960489803755e-09,-7.859370043661329e-09,-4.344544789136963e-08,1.2390461072257412e-07
test,1,sigma_T,7582,0.07016276589451587,0.03643402902974959,7582,0.07016275783521964,0.036434025910764785,8.059296230378266e-09,3.118984806538272e-09,-1.1486572761729067e-07,-8.560637284985675e-08
test,1,yF,7582,0.11596744338200424,0.06966041279669269,7582,0.12235731782177724,0.06972551372946802,-0.0063898744397729995,-6.510093277532769e-05,0.05222306727154921,0.0009336744800176949
test,1,yN,7582,0.09098875623940786,0.055656220566405686,7582,0.09553779330623592,0.05668835822061447,-0.004549037066828063,-0.0010321376542087868,0.04761505273883209,0.018207224315652425
test,1,yT,7582,0.17881596748125553,0.11581857123937182,7582,0.1960227002574772,0.10757628101310136,-0.017206732776221673,0.00824229022627046,0.08777928655008072,-0.0766180997209474
test,2,all,6826,0.12536554683404666,0.07890923866172529,6826,0.15193268463914192,0.09094989380217738,-0.02656713780509526,-0.012040655140452092,0.1748612411358053,0.13238778669320264
test,2,delta_yF,6826,0.12395032618517214,0.07683096031900938,6826,0.17854819562874494,0.10976494153442531,-0.0545978694435728,-0.032933981215415936,0.3057878532533484,0.30004098535493623
test,2,delta_yN,6826,0.10777407517668872,0.0694409849494914,6826,0.13543177493310934,0.08665684876931297,-0.02765769975642063,-0.01721586381982157,0.20421869070298274,0.19866708822578455
test,2,delta_yT,6826,0.19257572483008184,0.12641872414528293,6826,0.28932626793942273,0.18511536629221637,-0.09675054310934089,-0.05869664214693343,0.33439944391636744,0.317081414269397
test,2,sigma_F,6826,0.04298339924312498,0.022706789422726793,6826,0.04298340314994802,0.022706787274654333,-3.906823045629615e-09,2.1480724594902245e-09,9.08914315602379e-08,-9.46004572777205e-08
test,2,sigma_N,6826,0.1489690713516195,0.07319875774479946,6826,0.1489690383125498,0.07319877714621612,3.303906970231196e-08,-1.940141665379702e-08,-2.217848089546847e-07,2.6505110345002457e-07
test,2,sigma_T,6826,0.08007679727490385,0.04394864959169126,6826,0.0800767882541445,0.04394864383730202,9.020759361710873e-09,5.754389235945734e-09,-1.1265136325249646e-07,-1.309343982774189e-07
test,2,yF,6826,0.12925529804631003,0.08317077077800775,6826,0.14165099822370472,0.08378983441813405,-0.012395700177394692,-0.0006190636401263022,0.08750873860993605,0.007388290529815424
test,2,yN,6826,0.0967664937981575,0.06280531240215129,6826,0.10454407289873392,0.06482659427870972,-0.007777579100576429,-0.0020212818765584367,0.07439521806377432,0.03117982517897387
test,2,yT,6826,0.20593873560036136,0.15166219860236735,6826,0.24586362241191953,0.14854125066862545,-0.039924886811558175,0.003120947933741902,0.16238631164665784,-0.021010648016585618
test,3,all,6145,0.12901281237093387,0.08528828188842981,6145,0.1572064615791914,0.09664708827842414,-0.028193649208257537,-0.011358806389994328,0.17934154184912576,0.11752869737028705
test,3,delta_yF,6145,0.13060409673739823,0.0859372809032195,6145,0.18007820578114475,0.11247707906295072,-0.04947410904374652,-0.026539798159731218,0.2747367946561735,0.23595739132661447
test,3,delta_yN,6145,0.10062981072502056,0.06424075194351841,6145,0.13311257756553785,0.08531485568516811,-0.03248276684051729,-0.021074103741649697,0.2440247753787536,0.24701564073926466
test,3,delta_yT,6145,0.2025778518383142,0.14351720759498093,6145,0.2862255735632716,0.18498643706541318,-0.08364772172495741,-0.041469229470432245,0.29224405312080426,0.22417443207346213
test,3,sigma_F,6145,0.04502588453099316,0.024898444684760372,6145,0.045025890405958065,0.02489843978883776,-5.87496490345174e-09,4.895922611769521e-09,1.3047970513147995e-07,-1.9663571907684016e-07
test,3,sigma_N,6145,0.14434069481758577,0.07195513908993044,6145,0.1443406939914012,0.0719551432038149,8.261845652057787e-10,-4.113884455314576e-09,-5.723850581285115e-09,5.717290345266754e-08
test,3,sigma_T,6145,0.08429536427048409,0.04801162730590224,6145,0.0842953510555974,0.04801162637958108,1.3214886684931315e-08,9.263211656063142e-10,-1.567688670780358e-07,-1.9293684373089064e-08
test,3,yF,6145,0.1354826175095067,0.0917701737874887,6145,0.15331670716941503,0.09438421190075995,-0.017834089659908348,-0.0026140381132712526,0.116321893348529,0.027695713728263967
test,3,yN,6145,0.09986234760475424,0.0673103344256166,6145,0.10923848109106296,0.06859222329952933,-0.009376133486308724,-0.0012818888739127288,0.08583178192026149,0.018688545322622964
test,3,yT,6145,0.21829664330434814,0.16995357726045116,6145,0.27922467358933384,0.17920377811976232,-0.060928030284985696,-0.009250200859311164,0.21820432092113332,0.051618336155442174
train,0,all,50000,0.10570267507500035,0.05841279311067529,50000,0.12789680841825346,0.06556309736510119,-0.02219413334325311,-0.007150304254425893,0.17353156515581636,0.10905989103303033
train,0,delta_yF,50000,0.13725531842570607,0.07819920845031739,50000,0.18483224896840753,0.10458704007029533,-0.04757693054270146,-0.026387831619977944,0.2574060035964479,0.25230498541924584
train,0,delta_yN,50000,0.056886760549416805,0.018543871443271638,50000,0.07013713190118719,0.02062672394871712,-0.01325037135177038,-0.0020828525054454802,0.18892091810138728,0.1009783478279896
train,0,delta_yT,50000,0.22073138672409967,0.13419961898803712,50000,0.3030790244791771,0.17700130402475595,-0.08234763775507745,-0.04280168503671883,0.2717035198875503,0.24181564804026784
train,0,sigma_F,50000,0.039915193771306264,0.018755866422653197,50000,0.03991519461850153,0.018755867320001125,-8.471952653299475e-10,-8.97347928602299e-10,2.1224881237012804e-08,4.7843584798948403e-08
train,0,sigma_N,50000,0.05532091863327344,0.011996641201972962,50000,0.05532091964368886,0.011996643759608268,-1.0104154249401809e-09,-2.5576353066686375e-09,1.8264617281275646e-08,2.131959036143083e-07
train,0,sigma_T,50000,0.06261111915297185,0.030931432933807373,50000,0.06261111169750122,0.030931432927548887,7.455470629746941e-09,6.258486784371797e-12,-1.1907583857905665e-07,-2.02334201555781e-10
train,0,yF,50000,0.12476891326870683,0.0731332470703125,50000,0.13642781954461328,0.0739443461549282,-0.011658906275906447,-0.000811099084615699,0.08545842273828812,0.010969048031289426
train,0,yN,50000,0.046687013422009656,0.01494563959300518,50000,0.05045837327558054,0.014340952278077603,-0.0037713598535708825,0.0006046873149275767,0.07474200234267248,-0.04216507406219712
train,0,yT,50000,0.20714745172751256,0.1450096118927002,50000,0.24828945163562383,0.1378835658019781,-0.041141999908111265,0.0071260460907220935,0.1657017631521819,-0.051681620280666266
train,1,all,17487,0.10875728784637867,0.05600550749210214,17487,0.1252963366640271,0.06138662075512845,-0.016539048817648422,-0.005381113263026309,0.13199946030342982,0.08765938240014218
train,1,delta_yF,17487,0.15946022956881398,0.0882278277029091,17487,0.2042647549903252,0.11274173445141103,-0.044804525421511227,-0.02451390674850193,0.21934535609744985,0.2174341814748897
train,1,delta_yN,17487,0.067424087944635,0.021288077353531304,17487,0.07774479568447384,0.022372974085277435,-0.010320707739838841,-0.0010848967317461308,0.13275110763330433,0.048491395359906514
train,1,delta_yT,17487,0.2516359944394578,0.14556690725868737,17487,0.31911417919288526,0.17908318253605662,-0.06747818475342748,-0.03351627527736925,0.21145467407338547,0.18715478920317424
train,1,sigma_F,17487,0.03877108402357688,0.017421152972504253,17487,0.03877108400484824,0.0174211527603244,1.872864363594573e-11,2.121798535481556e-10,-4.830570028324138e-10,-1.2179438207521039e-08
train,1,sigma_N,17487,0.05424762427870794,0.011269356760376346,17487,0.054247625433457076,0.011269359959264614,-1.1547491365893059e-09,-3.198888267122446e-09,2.1286630103390987e-08,2.838571381769219e-07
train,1,sigma_T,17487,0.05901512391521458,0.027890648680703477,17487,0.059015121878477565,0.02789064600502176,2.0367370151541664e-09,2.6756817178563708e-09,-3.451212079758411e-08,-9.593473444016355e-08
train,1,yF,17487,0.11802748411683064,0.06499321562842889,17487,0.1245913765447319,0.06503500469046418,-0.006563892427901258,-4.178906203529398e-05,0.0526833606782138,0.0006425626050799892
train,1,yN,17487,0.04459733208554781,0.01331967748192426,17487,0.046895163499571846,0.012940868103034488,-0.0022978314140240375,0.00037880937888977104,0.04899932621079393,-0.029272331336175544
train,1,yT,17487,0.1856366302446236,0.11407270358985425,17487,0.20302292874747285,0.10372466420530148,-0.017386298502849257,0.010348039384552768,0.08563711798520528,-0.09976450118046146
train,2,all,16759,0.1018512248455609,0.05705759869117154,16759,0.1254992461613103,0.06538497452940215,-0.023648021315749404,-0.008327375838230608,0.18843158057980244,0.12735916620241208
train,2,delta_yF,16759,0.12203453420898328,0.06916065433442332,16759,0.17298618487525944,0.09967924336614882,-0.05095165066627616,-0.030518589031725496,0.2945417329309705,0.306167944309353
train,2,delta_yN,16759,0.051658351611353605,0.017610459301663623,16759,0.06534037047004924,0.019488883458442012,-0.01368201885869564,-0.001878424156778389,0.20939610167908693,0.09638439065962554
train,2,delta_yT,16759,0.2014005798855167,0.12311206378091157,16759,0.29371654708674694,0.17467829956204006,-0.09231596720123023,-0.0515662357811285,0.31430291591289,0.29520687979226545
train,2,sigma_F,16759,0.040250957356623686,0.019128463014909607,16759,0.04025095854534417,0.01912846428994184,-1.1887204831584341e-09,-1.2750322325727481e-09,2.9532724837330203e-08,6.665627795552765e-08
train,2,sigma_N,16759,0.054611902708715875,0.011905551959680297,16759,0.05461190396713552,0.011905552583414684,-1.2584196462661623e-09,-6.237343870563183e-10,2.3042955012582184e-08,5.239020891186743e-08
train,2,sigma_T,16759,0.06276488360255811,0.031663954460689876,16759,0.06276487500778459,0.031663957249934024,8.594773517889287e-09,-2.7892441481491836e-09,-1.36936041326033e-07,8.808893108756946e-08
train,2,yF,16759,0.12595465507355047,0.07468282878381112,16759,0.1373939794434323,0.07533197442094212,-0.01143932436988182,-0.0006491456371310045,0.08325928411289381,0.008617132925571421
train,2,yN,16759,0.04609151019408075,0.01480711803522206,16759,0.04997050772755846,0.014249852470761517,-0.0038789975334777155,0.0005572655644605438,0.07762573785774182,-0.03910676027025305
train,2,yT,16759,0.21189364896866555,0.15144729454923242,16759,0.25245788832848204,0.1423385433629942,-0.040564239359816484,0.009108751186238218,0.16067725048478934,-0.06399356752590142
train,3,all,15754,0.10506539125768131,0.062526536089503,15754,0.13193926375294182,0.07038848819168955,-0.026873872495260506,-0.007861952102186556,0.20368366270090926,0.11169372015458034
train,3,delta_yF,15754,0.12539568015131827,0.07668255639739095,15754,0.1740092546900144,0.10075617961087051,-0.048613574538696136,-0.024073623213479556,0.27937350013536866,0.23892949600167523
train,3,delta_yN,15754,0.04884492894710045,0.016490750034645122,15754,0.06604341450951491,0.019898806761875058,-0.01719848556241446,-0.0034080567272299356,0.2604118168350709,0.17126940162862286
train,3,delta_yT,15754,0.20297502163838108,0.1333767529049697,15754,0.29449338873548797,0.17716160758344204,-0.0915183670971069,-0.043784854678472346,0.31076543853861555,0.24714640646873756
train,3,sigma_F,15754,0.04079850014474993,0.019841037668884596,15754,0.04079850154753552,0.019841039396034547,-1.402785589077471e-09,-1.7271499508364485e-09,3.438326251867473e-08,8.70493685518128e-08
train,3,sigma_N,15754,0.057217620914309514,0.012900829829736244,15754,0.05721762152188315,0.01290083373284921,-6.075736372346263e-10,-3.903112966510691e-09,1.0618645464007218e-08,3.0254734285678374e-07
train,3,sigma_T,15754,0.0662202650834515,0.033527463526990306,15754,0.06622025339171371,0.03352746350996474,1.1691737786256873e-08,1.7025568455064644e-11,-1.7655833657259738e-07,-5.07809618523765e-10
train,3,yF,15754,0.13064406351014698,0.08052027829334762,15754,0.1475144647004009,0.082357599428951,-0.016870401190253903,-0.0018373211356033786,0.11436438605880021,0.022309066174135094
train,3,yN,15754,0.04949940099397419,0.01689782203704221,15754,0.05461885427427889,0.015991962411363702,-0.005119453280304706,0.0009058596256785074,0.09373051391002096,-0.05664468202068898
train,3,yT,15754,0.2239930399356999,0.17250133411252017,15754,0.28653762040564673,0.17106090128985518,-0.06254458046994682,0.0014404328226649832,0.21827702896884346,-0.008420584784738349
validation,0,all,18186,0.1351650753921885,0.0837345234871738,18186,0.15903689047290429,0.09407184387594184,-0.023871815080715786,-0.010337320388768029,0.15010237567982956,0.10988750685487222
validation,0,delta_yF,18186,0.144071603155444,0.09002592979740759,18186,0.19275513347885218,0.11994353631656975,-0.048683530323408164,-0.029917606519162157,0.2525667122050962,0.2494307524850687
validation,0,delta_yN,18186,0.1167239449476138,0.06972000730794137,18186,0.1448551954083261,0.08675174220182132,-0.028131250460712284,-0.01703173489387995,0.1942025647158482,0.19632729512517358
validation,0,delta_yT,18186,0.23338342242031715,0.15677094509351716,18186,0.312860500552137,0.20199097308515518,-0.07947707813181984,-0.04522002799163802,0.2540335964161615,0.22387152901419113
validation,0,sigma_F,18186,0.055418795438852884,0.02548440732696879,18186,0.05541879010743788,0.025484409284456642,5.331415003917428e-09,-1.9574878523664907e-09,-9.620229877955937e-08,7.681119191412431e-08
validation,0,sigma_N,18186,0.13592676590281846,0.06209955977932082,18186,0.13592676695589775,0.062099568299596015,-1.0530792904361874e-09,-8.520275193713012e-09,7.747401884265115e-09,1.3720345289048395e-07
validation,0,sigma_T,18186,0.0929787160490488,0.052634820546907754,18186,0.09297872719669902,0.05263482241508369,-1.1147650219589522e-08,-1.8681759333949444e-09,1.1989463133869715e-07,3.549315543733224e-08
validation,0,yF,18186,0.12816310854383708,0.08235507880344808,18186,0.13960507528454708,0.08359512310799994,-0.011441966740709991,-0.0012400443045518517,0.0819595327561598,0.014833931196557818
validation,0,yN,18186,0.0961459919431853,0.05869856219499874,18186,0.10429087184315453,0.06052063164453518,-0.008144879899969232,-0.0018220694495364384,0.07809772567841322,0.030106583491036076
validation,0,yT,18186,0.2136733301285789,0.15582140053405394,18186,0.2526409534290871,0.15362578852825873,-0.03896762330050821,0.002195612005795211,0.1542411187560923,-0.01429194946258218
validation,1,all,7079,0.13442649937379086,0.07952399210510672,7079,0.15285879952628573,0.08700496712098589,-0.018432300152494863,-0.007480975015879174,0.12058383429424506,0.08598330949859916
validation,1,delta_yF,7079,0.16221234738689583,0.09859168931982884,7079,0.20865455511896702,0.12637161249738238,-0.046442207732071195,-0.02777992317755354,0.22257940980771584,0.2198272430695538
validation,1,delta_yN,7079,0.13784247369473776,0.08178204502623572,7079,0.15875524487033646,0.09300383590745932,-0.0209127711755987,-0.011221790881223603,0.13172963950059874,0.12065944132013555
validation,1,delta_yT,7079,0.2589382224550642,0.16671388111203417,7079,0.32936052828245466,0.20399671741411973,-0.07042230582739045,-0.037282836302085565,0.21381525647480543,0.18276194232282786
validation,1,sigma_F,7079,0.04968555078493211,0.022243889968835428,7079,0.04968554916675755,0.022243894012504116,1.6181745596255404e-09,-4.043668688086255e-09,-3.256831386112948e-08,1.8178780593960567e-07
validation,1,sigma_N,7079,0.11939879750629552,0.05241751829131981,7079,0.11939879299540233,0.05241752922880159,4.510893186759901e-09,-1.0937481781381209e-08,-3.778005684641721e-08,2.086607656312699e-07
validation,1,sigma_T,7079,0.07981832491337633,0.042010059833593974,7079,0.07981832565986487,0.04201006014513117,-7.464885376506913e-10,-3.115371988160476e-10,9.352345234999698e-09,7.415776072202403e-09
validation,1,yF,7079,0.11930343681147587,0.07161152485754382,7079,0.1259789658327469,0.07259873645060445,-0.006675529021271026,-0.0009872115930606301,0.05298923496588819,0.01359819249378149
validation,1,yN,7079,0.09040353946886256,0.05236557368960046,7079,0.09483473592883768,0.053117398770957835,-0.004431196459975112,-0.0007518250813573768,0.04672545788813293,0.014154026717295508
validation,1,yT,7079,0.19223580134247764,0.12797974684696814,7079,0.20924249788120428,0.11728491966191246,-0.017006696538726634,0.010694827185055683,0.08127744942321444,-0.09118672047425004
validation,2,all,6038,0.13205533160648775,0.08307242906816198,6038,0.1580166298839279,0.09470602908706047,-0.025961298277440148,-0.011633600018898488,0.16429472199546455,0.12283906453520568
validation,2,delta_yF,6038,0.12702469248599568,0.07934843305326843,6038,0.18035666561981917,0.11229618046211856,-0.053331973133823485,-0.032947747408850134,0.29570281170668805,0.29340042798663635
validation,2,delta_yN,6038,0.10590897019793682,0.0657086193897188,6038,0.13781273447091566,0.08378689073991127,-0.031903764272978835,-0.01807827135019248,0.23150084348490949,0.2157649148995217
validation,2,delta_yT,6038,0.2106584127202694,0.1433401091993546,6038,0.29868976395100405,0.1970857403414776,-0.08803135123073466,-0.053745631142122996,0.29472503532184985,0.2727017746134319
validation,2,sigma_F,6038,0.05558685609918928,0.025707079820105398,6038,0.05558685464601382,0.025707075274239394,1.4531754619073745e-09,4.545866003069499e-09,-2.6142430097213334e-08,-1.76833263005412e-07
validation,2,sigma_N,6038,0.14283787389434469,0.06585239139997869,6038,0.14283788307930692,0.06585240830754002,-9.184962235231353e-09,-1.6907561337098365e-08,6.430340493167102e-08,2.5674932430925946e-07
validation,2,sigma_T,6038,0.09792025935942092,0.05721137775574034,6038,0.09792028454456925,0.05721138635389297,-2.5185148327944162e-08,-8.5981526343204e-09,2.572005222930181e-07,1.5028743720934731e-07
validation,2,yF,6038,0.13009858211405936,0.08428755972155597,6038,0.14217666075942526,0.0854342422093647,-0.012078078645365892,-0.001146682487808734,0.08495120493653319,0.013421813761731273
validation,2,yN,6038,0.09861168666374909,0.06086602673778553,6038,0.1071807571539593,0.06289618171852683,-0.008569070490210218,-0.0020301549807413,0.07994971035613432,0.03227787323921594
validation,2,yT,6038,0.21985065092342446,0.16533026453595004,6038,0.25958806473033763,0.1620841563764729,-0.039737413806913174,0.0032461081594771513,0.1530787397648376,-0.020027300829683906
validation,3,all,5069,0.13759462702045042,0.0904033097873605,5069,0.16652488085814443,0.10318551723234322,-0.028930253837694014,-0.012782207444982721,0.17372931713632922,0.12387598364410944
validation,3,delta_yF,5069,0.13602203379628092,0.09078223551488482,5069,0.18371711682772637,0.12007578791751737,-0.04769508303144546,-0.029293552402632553,0.25961153677460375,0.2439588605719158
validation,3,delta_yN,5069,0.0947876217961312,0.05765324763984552,5069,0.13213863963270717,0.08155213710906167,-0.03735101783657596,-0.02389888946921615,0.28266537282657767,0.29305043762685923
validation,3,delta_yT,5069,0.22117344735151148,0.1588836582625587,5069,0.30562379560097264,0.20503282181302762,-0.08445034824946115,-0.046149163550468913,0.27632124679100867,0.2250818339346322
validation,3,sigma_F,5069,0.06237429928393299,0.029744641271468145,5069,0.062374285632135366,0.029744648062093978,1.3651797622915574e-08,-6.790625832475694e-09,-2.1886900161758546e-07,2.2829740053739417e-07
validation,3,sigma_N,5069,0.14857520487751755,0.07115057070219064,5069,0.14857520287821804,0.0711505658561531,1.999299503729901e-09,4.846037529593339e-09,-1.3456481734496824e-08,-6.810961334293103e-08
validation,3,sigma_T,5069,0.10342720977439893,0.06202117459358702,5069,0.10342721652157802,0.06202117061916012,-6.747179093213873e-09,3.974426898700756e-09,6.523601156573917e-08,-6.408177818999343e-08
validation,3,yF,5069,0.13744896724509734,0.09505685402529084,5069,0.15388402574091348,0.09676119531428562,-0.01643505849581614,-0.0017043412889947845,0.10680158916226297,0.017613892464422246
validation,3,yN,5069,0.10083686527223115,0.06496095610313996,5069,0.11304086501853941,0.06802978811825632,-0.012203999746308258,-0.00306883201511636,0.10796095504317599,0.045110121609989486
validation,3,yT,5069,0.23370599378695237,0.1833764499732789,5069,0.2959427798705092,0.1943015402815332,-0.062236786083556844,-0.01092509030825431,0.21030006581268434,0.05622750232666401
