module,module_seed,epoch,loss
ANFIS-N,20260713,1.0,0.07258963584899902
ANFIS-N,20260713,2.0,0.06441400200128555
ANFIS-N,20260713,3.0,0.056764841079711914
ANFIS-N,20260713,4.0,0.049700040370225906
ANFIS-N,20260713,5.0,0.04327757656574249
ANFIS-N,20260713,6.0,0.03753367066383362
ANFIS-N,20260713,7.0,0.032469987869262695
ANFIS-N,20260713,8.0,0.028060419484972954
ANFIS-N,20260713,9.0,0.024271180853247643
ANFIS-N,20260713,10.0,0.021065106615424156
ANFIS-N,20260713,11.0,0.018399346619844437
ANFIS-N,20260713,12.0,0.016224175691604614
ANFIS-N,20260713,13.0,0.014482126571238041
ANFIS-N,20260713,14.0,0.013106394559144974
ANFIS-N,20260713,15.0,0.012022201903164387
ANFIS-N,20260713,16.0,0.011154779233038425
ANFIS-N,20260713,17.0,0.010438941419124603
ANFIS-N,20260713,18.0,0.009824423119425774
ANFIS-N,20260713,19.0,0.009275739081203938
ANFIS-N,20260713,20.0,0.008768909610807896
ANFIS-N,20260713,21.0,0.008288291282951832
ANFIS-N,20260713,22.0,0.007824729196727276
ANFIS-N,20260713,23.0,0.00737389549612999
ANFIS-N,20260713,24.0,0.006934546399861574
ANFIS-N,20260713,25.0,0.006507296580821276
ANFIS-N,20260713,26.0,0.006094018928706646
ANFIS-N,20260713,27.0,0.005697626620531082
ANFIS-N,20260713,28.0,0.00532193249091506
ANFIS-N,20260713,29.0,0.0049713533371686935
ANFIS-N,20260713,30.0,0.004650340881198645
ANFIS-N,20260713,31.0,0.004362595733255148
ANFIS-N,20260713,32.0,0.0041101775132119656
ANFIS-N,20260713,33.0,0.003892750944942236
ANFIS-N,20260713,34.0,0.0037073204293847084
ANFIS-N,20260713,35.0,0.0035486682318150997
ANFIS-N,20260713,36.0,0.0034103617072105408
ANFIS-N,20260713,37.0,0.003285815939307213
ANFIS-N,20260713,38.0,0.0031691452022641897
ANFIS-N,20260713,39.0,0.003055949229747057
ANFIS-N,20260713,40.0,0.0029439777135849
ANFIS-N,20260713,41.0,0.0028332744259387255
ANFIS-N,20260713,42.0,0.0027254708111286163
ANFIS-N,20260713,43.0,0.002622451866045594
ANFIS-N,20260713,44.0,0.0025252026971429586
ANFIS-N,20260713,45.0,0.002433648332953453
ANFIS-N,20260713,46.0,0.0023473771288990974
ANFIS-N,20260713,47.0,0.002266233554109931
ANFIS-N,20260713,48.0,0.0021902061998844147
ANFIS-N,20260713,49.0,0.0021190412808209658
ANFIS-N,20260713,50.0,0.0020521748811006546
ANFIS-N,20260713,51.0,0.0019890754483640194
ANFIS-N,20260713,52.0,0.0019295006059110165
ANFIS-N,20260713,53.0,0.001873356057330966
ANFIS-N,20260713,54.0,0.0018203338840976357
ANFIS-N,20260713,55.0,0.0017697761068120599
ANFIS-N,20260713,56.0,0.0017209266079589725
ANFIS-N,20260713,57.0,0.0016733088996261358
ANFIS-N,20260713,58.0,0.0016268522012978792
ANFIS-N,20260713,59.0,0.0015817289240658283
ANFIS-N,20260713,60.0,0.0015381478006020188
ANFIS-F,20260814,1.0,0.09115995466709137
ANFIS-F,20260814,2.0,0.07691887766122818
ANFIS-F,20260814,3.0,0.06412915885448456
ANFIS-F,20260814,4.0,0.05285271257162094
ANFIS-F,20260814,5.0,0.043102819472551346
ANFIS-F,20260814,6.0,0.03484348952770233
ANFIS-F,20260814,7.0,0.027998916804790497
ANFIS-F,20260814,8.0,0.022460035979747772
ANFIS-F,20260814,9.0,0.018087059259414673
ANFIS-F,20260814,10.0,0.014712965115904808
ANFIS-F,20260814,11.0,0.012153944931924343
ANFIS-F,20260814,12.0,0.010229610837996006
ANFIS-F,20260814,13.0,0.008784019388258457
ANFIS-F,20260814,14.0,0.00769281480461359
ANFIS-F,20260814,15.0,0.006858023349195719
ANFIS-F,20260814,16.0,0.006202508695423603
ANFIS-F,20260814,17.0,0.005668678320944309
ANFIS-F,20260814,18.0,0.005216947291046381
ANFIS-F,20260814,19.0,0.00482178945094347
ANFIS-F,20260814,20.0,0.004466658923774958
ANFIS-F,20260814,21.0,0.004139485768973827
ANFIS-F,20260814,22.0,0.0038306594360619783
ANFIS-F,20260814,23.0,0.0035344832576811314
ANFIS-F,20260814,24.0,0.0032522662077099085
ANFIS-F,20260814,25.0,0.0029929589945822954
ANFIS-F,20260814,26.0,0.0027696825563907623
ANFIS-F,20260814,27.0,0.002593924989923835
ANFIS-F,20260814,28.0,0.0024686723481863737
ANFIS-F,20260814,29.0,0.00238232733681798
ANFIS-F,20260814,30.0,0.002313073491677642
ANFIS-F,20260814,31.0,0.002243607770651579
ANFIS-F,20260814,32.0,0.0021689245477318764
ANFIS-F,20260814,33.0,0.0020931351464241743
ANFIS-F,20260814,34.0,0.0020228514913469553
ANFIS-F,20260814,35.0,0.0019630687311291695
ANFIS-F,20260814,36.0,0.0019150169100612402
ANFIS-F,20260814,37.0,0.001874872948974371
ANFIS-F,20260814,38.0,0.001835657050833106
ANFIS-F,20260814,39.0,0.0017923847772181034
ANFIS-F,20260814,40.0,0.0017453585751354694
ANFIS-F,20260814,41.0,0.0016988986171782017
ANFIS-F,20260814,42.0,0.0016577040078118443
ANFIS-F,20260814,43.0,0.0016239017713814974
ANFIS-F,20260814,44.0,0.001596472691744566
ANFIS-F,20260814,45.0,0.0015728743746876717
ANFIS-F,20260814,46.0,0.0015509361401200294
ANFIS-F,20260814,47.0,0.0015294915065169334
ANFIS-F,20260814,48.0,0.0015081627061590552
ANFIS-F,20260814,49.0,0.0014872828032821417
ANFIS-F,20260814,50.0,0.0014677733415737748
ANFIS-F,20260814,51.0,0.0014504899736493826
ANFIS-F,20260814,52.0,0.0014353925362229347
ANFIS-F,20260814,53.0,0.001421503140591085
ANFIS-F,20260814,54.0,0.0014077754458412528
ANFIS-F,20260814,55.0,0.0013938788324594498
ANFIS-F,20260814,56.0,0.0013801042223349214
ANFIS-F,20260814,57.0,0.0013667275197803974
ANFIS-F,20260814,58.0,0.0013537094928324223
ANFIS-F,20260814,59.0,0.0013409219682216644
ANFIS-F,20260814,60.0,0.0013283772859722376
ANFIS-T-no-current,20261016,1.0,0.19042977690696716
ANFIS-T-no-current,20261016,2.0,0.18134349584579468
ANFIS-T-no-current,20261016,3.0,0.17240561544895172
ANFIS-T-no-current,20261016,4.0,0.16362442076206207
ANFIS-T-no-current,20261016,5.0,0.15503251552581787
ANFIS-T-no-current,20261016,6.0,0.1466670036315918
ANFIS-T-no-current,20261016,7.0,0.13856185972690582
ANFIS-T-no-current,20261016,8.0,0.13074494898319244
ANFIS-T-no-current,20261016,9.0,0.12324291467666626
ANFIS-T-no-current,20261016,10.0,0.11607813835144043
ANFIS-T-no-current,20261016,11.0,0.1092660129070282
ANFIS-T-no-current,20261016,12.0,0.10281453281641006
ANFIS-T-no-current,20261016,13.0,0.09672556817531586
ANFIS-T-no-current,20261016,14.0,0.09099611639976501
ANFIS-T-no-current,20261016,15.0,0.08561962097883224
ANFIS-T-no-current,20261016,16.0,0.08058518916368484
ANFIS-T-no-current,20261016,17.0,0.07587802410125732
ANFIS-T-no-current,20261016,18.0,0.07148411124944687
ANFIS-T-no-current,20261016,19.0,0.0673927441239357
ANFIS-T-no-current,20261016,20.0,0.06359419226646423
ANFIS-T-no-current,20261016,21.0,0.06007743999361992
ANFIS-T-no-current,20261016,22.0,0.05682911351323128
ANFIS-T-no-current,20261016,23.0,0.05383341386914253
ANFIS-T-no-current,20261016,24.0,0.0510728694498539
ANFIS-T-no-current,20261016,25.0,0.048529334366321564
ANFIS-T-no-current,20261016,26.0,0.046184614300727844
ANFIS-T-no-current,20261016,27.0,0.04402104392647743
ANFIS-T-no-current,20261016,28.0,0.042021457105875015
ANFIS-T-no-current,20261016,29.0,0.04016947001218796
ANFIS-T-no-current,20261016,30.0,0.03844960406422615
ANFIS-T-no-current,20261016,31.0,0.036847807466983795
ANFIS-T-no-current,20261016,32.0,0.0353514663875103
ANFIS-T-no-current,20261016,33.0,0.03394962102174759
ANFIS-T-no-current,20261016,34.0,0.03263261914253235
ANFIS-T-no-current,20261016,35.0,0.0313919298350811
ANFIS-T-no-current,20261016,36.0,0.0302200336009264
ANFIS-T-no-current,20261016,37.0,0.029110416769981384
ANFIS-T-no-current,20261016,38.0,0.028057685121893883
ANFIS-T-no-current,20261016,39.0,0.027057578787207603
ANFIS-T-no-current,20261016,40.0,0.02610686607658863
ANFIS-T-no-current,20261016,41.0,0.025203173980116844
ANFIS-T-no-current,20261016,42.0,0.024344809353351593
ANFIS-T-no-current,20261016,43.0,0.0235305093228817
ANFIS-T-no-current,20261016,44.0,0.022759204730391502
ANFIS-T-no-current,20261016,45.0,0.022030023857951164
ANFIS-T-no-current,20261016,46.0,0.021342307329177856
ANFIS-T-no-current,20261016,47.0,0.020695557817816734
ANFIS-T-no-current,20261016,48.0,0.020089196041226387
ANFIS-T-no-current,20261016,49.0,0.01952214725315571
ANFIS-T-no-current,20261016,50.0,0.018992628902196884
ANFIS-T-no-current,20261016,51.0,0.018498191609978676
ANFIS-T-no-current,20261016,52.0,0.01803588680922985
ANFIS-T-no-current,20261016,53.0,0.017602406442165375
ANFIS-T-no-current,20261016,54.0,0.01719411462545395
ANFIS-T-no-current,20261016,55.0,0.016807183623313904
ANFIS-T-no-current,20261016,56.0,0.016437895596027374
ANFIS-T-no-current,20261016,57.0,0.01608310081064701
ANFIS-T-no-current,20261016,58.0,0.015740498900413513
ANFIS-T-no-current,20261016,59.0,0.015408724546432495
ANFIS-T-no-current,20261016,60.0,0.015087109059095383
