source_id,site_id,split,origin_year_month,target_year_month,actual_yN,predicted_mu_yN,predicted_sigma_yN,actual_yF,predicted_mu_yF,predicted_sigma_yF,actual_yT,predicted_mu_yT,predicted_sigma_yT,actual_sigma_N,predicted_mu_sigma_N,predicted_sigma_sigma_N,actual_sigma_F,predicted_mu_sigma_F,predicted_sigma_sigma_F,actual_sigma_T,predicted_mu_sigma_T,predicted_sigma_sigma_T,actual_delta_yN,predicted_mu_delta_yN,predicted_sigma_delta_yN,actual_delta_yF,predicted_mu_delta_yF,predicted_sigma_delta_yF,actual_delta_yT,predicted_mu_delta_yT,predicted_sigma_delta_yT
aquamatch_chla,aquamatch_chla:1119USBR_WQX-AFE010,test,2022-06,2022-07,0.5,0.5024498105049133,0.0067379469983279705,0.5,0.4992126524448395,0.0067379469983279705,0.6206750869750977,0.22313788533210754,0.3136521875858307,0.7749999761581421,0.7749999761581421,0.0067379469983279705,0.7749999761581421,0.7749999761581421,0.007827015593647957,0.40922996401786804,0.3148765563964844,0.06424478441476822,0.0,8.395500481128693e-05,0.0067379469983279705,0.0,-0.003042877884581685,0.0067379469983279705,0.4586266577243805,0.08424483239650726,0.3145354986190796
aquamatch_chla,aquamatch_chla:1119USBR_WQX-AFE010,test,2022-07,2022-08,0.5,0.5018606781959534,0.0067379469983279705,0.5,0.4988250434398651,0.01009057741612196,1.0,0.5086588263511658,0.24945800006389618,0.7749999761581421,0.7749999761581421,0.0067379469983279705,0.7749999761581421,0.7749999761581421,0.011282183229923248,0.2574999928474426,0.3786795735359192,0.06177736073732376,0.0,0.0004472937434911728,0.0067379469983279705,0.0,-0.002669209847226739,0.01007330883294344,0.37932491302490234,-0.174503356218338,0.2499261051416397
aquamatch_chla,aquamatch_chla:1119USBR_WQX-AFE035,test,2022-06,2022-07,0.5,0.5023999214172363,0.0067379469983279705,0.5,0.49888572096824646,0.00691733043640852,0.29104670882225037,0.09294891357421875,0.2807944118976593,0.7749999761581421,0.7749999761581421,0.0067379469983279705,0.7749999761581421,0.7749999761581421,0.008453842252492905,0.37391868233680725,0.2733384370803833,0.059982918202877045,0.0,0.0003406703472137451,0.0067379469983279705,0.0,-0.0032610532362014055,0.006820499897003174,0.29104670882225037,0.13968944549560547,0.2821282148361206
aquamatch_chla,aquamatch_chla:1119USBR_WQX-AFE050,test,2022-06,2022-07,0.5,0.5026217699050903,0.0067379469983279705,0.5,0.499124675989151,0.0067379469983279705,0.5205380916595459,0.1027739867568016,0.3068470060825348,0.7749999761581421,0.7749999761581421,0.0067379469983279705,0.7749999761581421,0.7749999761581421,0.007857545278966427,0.44928476214408875,0.2777186632156372,0.06479056924581528,0.0,0.0005964059382677078,0.0067379469983279705,0.0,-0.0029709499794989824,0.0067379469983279705,0.5205380916595459,0.15036658942699432,0.3085118532180786
aquamatch_chla,aquamatch_chla:1119USBR_WQX-GAR050,test,2022-08,2022-09,0.5,0.5009468793869019,0.011182445101439953,0.5,0.499089777469635,0.007352737709879875,0.0,0.2064788043498993,0.28465351462364197,0.7749999761581421,0.7749999761581421,0.010372261516749859,0.7749999761581421,0.7749999761581421,0.009340779855847359,0.2574999928474426,0.3262426257133484,0.07856672257184982,0.0,2.1267682313919067e-05,0.010891865007579327,0.0,-0.0025511940475553274,0.007255373056977987,-0.17837680876255035,0.03581927716732025,0.28643688559532166
aquamatch_chla,aquamatch_chla:1119USBR_WQX-GAR052,test,2022-08,2022-09,0.5,0.5011347532272339,0.011137770488858223,0.5,0.4993157982826233,0.006937619764357805,0.7040887475013733,0.09304576367139816,0.2966071367263794,0.7749999761581421,0.7749999761581421,0.01028484757989645,0.7749999761581421,0.7749999761581421,0.008578458800911903,0.37586450576782227,0.2719847559928894,0.0799783319234848,0.0,-0.001747341826558113,0.010875211097300053,0.0,-0.0023562416899949312,0.0067379469983279705,0.7040887475013733,0.12752559781074524,0.29885074496269226
aquamatch_chla,aquamatch_chla:1119USBR_WQX-GAR054,test,2022-08,2022-09,0.5,0.5012286305427551,0.010657285340130329,0.5,0.49878793954849243,0.0067379469983279705,0.668156623840332,0.397629052400589,0.3068901598453522,0.7749999761581421,0.7749999761581421,0.009668947197496891,0.7749999761581421,0.7749999761581421,0.007975120097398758,0.39023736119270325,0.3998298645019531,0.08487512916326523,0.0,0.0003471728414297104,0.010383365675807,0.0,-0.0015400208067148924,0.0067379469983279705,0.24032536149024963,-0.06734403967857361,0.30838993191719055
aquamatch_chla,aquamatch_chla:1119USBR_WQX-GAR055,test,2022-08,2022-09,0.5,0.501156210899353,0.010153680108487606,0.5,0.49939706921577454,0.006838489323854446,0.959262490272522,0.3620486557483673,0.2998608648777008,0.7749999761581421,0.7749999761581421,0.009475410915911198,0.7749999761581421,0.7749999761581421,0.008469076827168465,0.2737950086593628,0.38874077796936035,0.08201473206281662,0.0,0.0001368951052427292,0.009880753234028816,0.0,-0.0026140480767935514,0.0067379469983279705,0.5578816533088684,-0.07188087701797485,0.30153828859329224
aquamatch_chla,aquamatch_chla:11NPSWRD_WQX-GUIS_BISA,test,2022-03,2022-04,0.5,0.5017801523208618,0.0067379469983279705,0.5,0.49901971220970154,0.01522610429674387,0.0,0.04111841320991516,0.17947131395339966,0.7749999761581421,0.7749999761581421,0.0067379469983279705,0.7749999761581421,0.7749999761581421,0.014824890531599522,0.2574999928474426,0.2683069109916687,0.04017997905611992,0.0,-0.00012442097067832947,0.0067379469983279705,0.0,-0.001672585727646947,0.01544328685849905,0.0,0.06898568570613861,0.179883673787117
aquamatch_chla,aquamatch_chla:11NPSWRD_WQX-GUIS_BISA,test,2022-08,2022-09,0.5,0.501078724861145,0.009645047597587109,0.5,0.4994010627269745,0.012726085260510445,0.0,0.030963385477662086,0.13881687819957733,0.7749999761581421,0.7749999761581421,0.010267511010169983,0.7749999761581421,0.7749999761581421,0.014369598589837551,0.2574999928474426,0.26725155115127563,0.04808230325579643,0.0,-8.526816964149475e-05,0.009430501610040665,0.0,-0.0021533065009862185,0.012776125222444534,0.0,0.04646393284201622,0.13937890529632568
aquamatch_chla,aquamatch_chla:11NPSWRD_WQX-GUIS_NALO,test,2022-03,2022-04,0.5,0.5017801523208618,0.0067379469983279705,0.5,0.49901971220970154,0.01522610429674387,0.0,0.04111841320991516,0.17947131395339966,0.7749999761581421,0.7749999761581421,0.0067379469983279705,0.7749999761581421,0.7749999761581421,0.014824890531599522,0.2574999928474426,0.2683069109916687,0.04017997905611992,0.0,-0.00012442097067832947,0.0067379469983279705,0.0,-0.001672585727646947,0.01544328685849905,0.0,0.06898568570613861,0.179883673787117
aquamatch_chla,aquamatch_chla:11NPSWRD_WQX-PAIS_BAFF,test,2022-03,2022-04,0.5,0.50196373462677,0.0067379469983279705,0.5,0.4993799328804016,0.012029699049890041,0.38489314913749695,0.641878604888916,0.2792472243309021,0.7749999761581421,0.7749999761581421,0.0067379469983279705,0.7749999761581421,0.7749999761581421,0.012127576395869255,0.41145727038383484,0.3339427709579468,0.05277065187692642,0.0,6.923265755176544e-05,0.0067379469983279705,0.0,-0.0016279455740004778,0.012052021920681,-0.4149968922138214,-0.2328336238861084,0.28104040026664734
aquamatch_chla,aquamatch_chla:11NPSWRD_WQX-PAIS_BAFF,test,2022-04,2022-05,0.5,0.5019335150718689,0.0067379469983279705,0.5,0.49835512042045593,0.008254882879555225,0.0,0.39263996481895447,0.2649978995323181,0.7749999761581421,0.7749999761581421,0.0067379469983279705,0.7749999761581421,0.7749999761581421,0.00907278060913086,0.2574999928474426,0.3865325152873993,0.05805541202425957,0.0,-0.000728042796254158,0.0067379469983279705,0.0,-0.0026547324378043413,0.00829984713345766,-0.38489314913749695,0.018608301877975464,0.2642931342124939
aquamatch_chla,aquamatch_chla:11NPSWRD_WQX-PAIS_BAFF,test,2022-05,2022-06,0.5,0.5020743608474731,0.0067379469983279705,0.5,0.49964264035224915,0.0067379469983279705,0.43807315826416016,0.11852727830410004,0.30621862411499023,0.7749999761581421,0.7749999761581421,0.0067379469983279705,0.7749999761581421,0.7749999761581421,0.006814758758991957,0.4327292740345001,0.2792595624923706,0.06206527352333069,0.0,-0.000649062916636467,0.0067379469983279705,0.0,-0.0024994995910674334,0.0067379469983279705,0.43807315826416016,0.1926650106906891,0.30765500664711
aquamatch_chla,aquamatch_chla:11NPSWRD_WQX-PAIS_BAFF,test,2022-06,2022-07,0.5,0.5025671720504761,0.0067379469983279705,0.5,0.4998987019062042,0.007090060506016016,1.0,0.4112565219402313,0.327941358089447,0.7749999761581421,0.7749999761581421,0.0067379469983279705,0.7749999761581421,0.7749999761581421,0.007843379862606525,0.2574999928474426,0.40055543184280396,0.07010163366794586,0.0,0.00024002417922019958,0.0067379469983279705,0.0,-0.0027282361406832933,0.006888223811984062,0.5619268417358398,-0.05451500415802002,0.32848626375198364
aquamatch_chla,aquamatch_chla:11NPSWRD_WQX-PAIS_BAFF,test,2022-07,2022-08,0.5,0.5024730563163757,0.0067379469983279705,0.5,0.49918419122695923,0.009332427754998207,0.48666274547576904,0.832554280757904,0.2893601059913635,0.7749999761581421,0.7749999761581421,0.0067379469983279705,0.7749999761581421,0.7749999761581421,0.010324588976800442,0.4521650969982147,0.28436610102653503,0.06040164828300476,0.0,0.00069420225918293,0.0067379469983279705,0.0,-0.002913297386839986,0.009330385364592075,-0.513337254524231,-0.26073747873306274,0.29132914543151855
aquamatch_chla,aquamatch_chla:11NPSWRD_WQX-PAIS_BAFF,test,2022-08,2022-09,0.5,0.5018645524978638,0.0067379469983279705,0.5,0.4980418384075165,0.009492654353380203,0.26059117913246155,0.5038280487060547,0.2794264853000641,0.7749999761581421,0.7749999761581421,0.0067379469983279705,0.7749999761581421,0.7749999761581421,0.011065644212067127,0.3617364764213562,0.4183127284049988,0.07955943793058395,0.0,0.00021750479936599731,0.0067379469983279705,0.0,-0.0038949076551944017,0.00952087715268135,-0.2260715812444687,0.03097611665725708,0.2788999676704407
aquamatch_chla,aquamatch_chla:11NPSWRD_WQX-PAIS_BAFF,test,2022-09,2022-10,0.5,0.5019031763076782,0.0067379469983279705,0.5,0.4989235997200012,0.0067379469983279705,0.48666274547576904,0.30350440740585327,0.29716435074806213,0.7749999761581421,0.7749999761581421,0.0067379469983279705,0.7749999761581421,0.7749999761581421,0.0067379469983279705,0.4521650969982147,0.35344159603118896,0.06555083394050598,0.0,-0.0003432091325521469,0.0067379469983279705,0.0,-0.0024169099051505327,0.0067379469983279705,0.2260715812444687,0.09727375209331512,0.29680338501930237
aquamatch_chla,aquamatch_chla:11NPSWRD_WQX-PAIS_BIRD,test,2022-03,2022-04,0.5,0.5017907619476318,0.0067379469983279705,0.5,0.49815717339515686,0.0115286810323596,0.6814895272254944,0.07145114243030548,0.24419867992401123,0.7749999761581421,0.7749999761581421,0.0067379469983279705,0.7749999761581421,0.7749999761581421,0.012314234860241413,0.3849041759967804,0.2753884792327881,0.050412412732839584,0.0,-0.00037539564073085785,0.0067379469983279705,0.0,-0.001411129953339696,0.011662397533655167,0.6814895272254944,0.12783944606781006,0.24421286582946777
aquamatch_chla,aquamatch_chla:11NPSWRD_WQX-PAIS_BIRD,test,2022-04,2022-05,0.5,0.5019737482070923,0.0067379469983279705,0.5,0.49977391958236694,0.00908344704657793,0.5728288292884827,0.5428282022476196,0.34178268909454346,0.7749999761581421,0.7749999761581421,0.0067379469983279705,0.7749999761581421,0.7749999761581421,0.009754972532391548,0.4283684492111206,0.3654412627220154,0.06109156087040901,0.0,7.97715038061142e-05,0.0067379469983279705,0.0,-0.0007981855305843055,0.009037487208843231,-0.10866069793701172,-0.20055139064788818,0.3439662754535675
aquamatch_chla,aquamatch_chla:11NPSWRD_WQX-PAIS_BIRD,test,2022-05,2022-06,0.5,0.5018714070320129,0.0067379469983279705,0.5,0.49946093559265137,0.008226105011999607,0.09154528379440308,0.5347856879234314,0.3617369830608368,0.7749999761581421,0.7749999761581421,0.0067379469983279705,0.7749999761581421,0.7749999761581421,0.009708678349852562,0.29411810636520386,0.4041810631752014,0.07246760278940201,0.0,-0.0006410051137208939,0.0067379469983279705,0.0,-0.002498028101399541,0.008234121836721897,-0.481283575296402,-0.06001466140151024,0.363460898399353
aquamatch_chla,aquamatch_chla:11NPSWRD_WQX-PAIS_BIRD,test,2022-06,2022-07,0.5,0.5022072196006775,0.0067379469983279705,0.5,0.4994223713874817,0.0067379469983279705,0.0,0.2088705599308014,0.33358705043792725,0.7749999761581421,0.7749999761581421,0.0067379469983279705,0.7749999761581421,0.7749999761581421,0.00785555224865675,0.2574999928474426,0.3075695037841797,0.07173013687133789,0.0,-0.0007703546434640884,0.0067379469983279705,0.0,-0.0035347931552678347,0.0067379469983279705,-0.09154528379440308,0.18911662697792053,0.334417462348938
aquamatch_chla,aquamatch_chla:11NPSWRD_WQX-PAIS_BIRD,test,2022-07,2022-08,0.5,0.5019189715385437,0.0067379469983279705,0.5,0.4984118342399597,0.0067379469983279705,0.43807315826416016,0.11015171557664871,0.28267398476600647,0.7749999761581421,0.7749999761581421,0.0067379469983279705,0.7749999761581421,0.7749999761581421,0.007385078351944685,0.4327292740345001,0.27744609117507935,0.06821765005588531,0.0,-0.0008835159242153168,0.0067379469983279705,0.0,-0.0023862842936068773,0.0067379469983279705,0.43807315826416016,0.16581949591636658,0.2832314372062683
aquamatch_chla,aquamatch_chla:11NPSWRD_WQX-PAIS_BIRD,test,2022-08,2022-09,0.5,0.5010999441146851,0.010626240633428097,0.5,0.4993847608566284,0.006925271358340979,0.26059117913246155,0.37721410393714905,0.3128024935722351,0.7749999761581421,0.7749999761581421,0.009857162833213806,0.7749999761581421,0.7749999761581421,0.008599903434515,0.3617364764213562,0.39823493361473083,0.08540073037147522,0.0,0.00022571347653865814,0.010330942459404469,0.0,-0.002519495552405715,0.00676353182643652,-0.1774819940328598,-0.10390394926071167,0.31429582834243774
aquamatch_chla,aquamatch_chla:11NPSWRD_WQX-PAIS_BIRD,test,2022-09,2022-10,0.5,0.5015636682510376,0.0067379469983279705,0.5,0.49994924664497375,0.006791907362639904,0.6114254593849182,0.23030783236026764,0.3003927767276764,0.7749999761581421,0.7749999761581421,0.0067379469983279705,0.7749999761581421,0.7749999761581421,0.008523714728653431,0.41292983293533325,0.34670138359069824,0.0753512978553772,0.0,-0.00045136362314224243,0.0067379469983279705,0.0,-0.002213024767115712,0.0067560793831944466,0.35083428025245667,-0.04568098485469818,0.30203717947006226
aquamatch_chla,aquamatch_chla:1VTDECWQ-500155,test,2022-07,2022-08,0.5,0.5019220113754272,0.0067379469983279705,0.5,0.4987310767173767,0.011323187500238419,0.015970630571246147,0.039268117398023605,0.1487753689289093,0.7749999761581421,0.7749999761581421,0.0067379469983279705,0.7749999761581421,0.7749999761581421,0.012685311958193779,0.26388823986053467,0.26781898736953735,0.04519159346818924,0.0,-0.00011650659143924713,0.0067379469983279705,0.0,-0.002452696906402707,0.01131408754736185,0.015970630571246147,0.06284646689891815,0.14877867698669434
aquamatch_chla,aquamatch_chla:1VTDECWQ-500155,test,2022-08,2022-09,0.5,0.5010845065116882,0.009864323772490025,0.5,0.4993656277656555,0.012124106287956238,0.0,0.04512998089194298,0.15015307068824768,0.7749999761581421,0.7749999761581421,0.010360214859247208,0.7749999761581421,0.7749999761581421,0.013855173252522945,0.2574999928474426,0.2719600200653076,0.05074238404631615,0.0,-6.52112066745758e-05,0.009639333002269268,0.0,-0.002217739587649703,0.012149078771471977,-0.015970630571246147,0.043083518743515015,0.15081952512264252
aquamatch_chla,aquamatch_chla:1VTDECWQ-500173,test,2022-07,2022-08,0.5,0.5019345879554749,0.0067379469983279705,0.5,0.498018354177475,0.007819383405148983,0.25570207834243774,0.1863173097372055,0.2629665732383728,0.7749999761581421,0.7749999761581421,0.0067379469983279705,0.7749999761581421,0.7749999761581421,0.009493296965956688,0.35978084802627563,0.31373506784439087,0.06543837487697601,0.0,6.792135536670685e-05,0.0067379469983279705,0.0,-0.0033106517512351274,0.007721404079347849,0.1011587530374527,0.049433790147304535,0.2633224427700043
aquamatch_chla,aquamatch_chla:1VTDECWQ-500196,test,2022-07,2022-08,0.5,0.5019367337226868,0.0067379469983279705,0.5,0.4986516237258911,0.011627049185335636,0.0,0.03827220946550369,0.1471056044101715,0.7749999761581421,0.7749999761581421,0.0067379469983279705,0.7749999761581421,0.7749999761581421,0.01300475001335144,0.2574999928474426,0.2678365111351013,0.04488607496023178,0.0,-6.188265979290009e-05,0.0067379469983279705,0.0,-0.002474352018907666,0.01163380965590477,0.0,0.06196856126189232,0.14713887870311737
aquamatch_chla,aquamatch_chla:1VTDECWQ-500289,test,2023-08,2023-09,0.5,0.501078724861145,0.009645047597587109,0.5,0.4994010627269745,0.012726085260510445,0.0,0.030963385477662086,0.13881687819957733,0.7749999761581421,0.7749999761581421,0.010267511010169983,0.7749999761581421,0.7749999761581421,0.014369598589837551,0.2574999928474426,0.26725155115127563,0.04808230325579643,0.0,-8.526816964149475e-05,0.009430501610040665,0.0,-0.0021533065009862185,0.012776125222444534,0.0,0.04646393284201622,0.13937890529632568
aquamatch_chla,aquamatch_chla:1VTDECWQ-500368,test,2023-08,2023-09,0.5,0.5012618899345398,0.007176701445132494,0.5,0.4988783597946167,0.0067379469983279705,0.0,0.22990021109580994,0.19529812037944794,0.7749999761581421,0.7749999761581421,0.00703514413908124,0.7749999761581421,0.7749999761581421,0.008008365519344807,0.2574999928474426,0.3068736493587494,0.056416407227516174,0.0,1.625344157218933e-05,0.007125474978238344,0.0,-0.0016062476206570864,0.0067379469983279705,-0.062157951295375824,0.264055997133255,0.19681772589683533
aquamatch_chla,aquamatch_chla:1VTDECWQ-500591,test,2022-08,2022-09,0.5,0.5010784864425659,0.009654232300817966,0.5,0.4993992745876312,0.01270756684243679,0.0,0.031081750988960266,0.13910050690174103,0.7749999761581421,0.7749999761581421,0.010272535495460033,0.7749999761581421,0.7749999761581421,0.014354354701936245,0.2574999928474426,0.26727038621902466,0.04815008118748665,0.0,-8.531473577022552e-05,0.009439454413950443,0.0,-0.0021549176890403032,0.012756816111505032,0.0,0.04663031920790672,0.1396656334400177
aquamatch_chla,aquamatch_chla:1VTDECWQ-500635,test,2022-07,2022-08,0.5,0.5020195841789246,0.0067379469983279705,0.5,0.49857649207115173,0.008028913289308548,0.15955781936645508,0.21188724040985107,0.21307864785194397,0.7749999761581421,0.7749999761581421,0.0067379469983279705,0.7749999761581421,0.7749999761581421,0.009116694331169128,0.32132312655448914,0.32272565364837646,0.05758011341094971,0.0,-0.00045179761946201324,0.0067379469983279705,0.0,-0.0024613228160887957,0.007894055917859077,-0.00414490420371294,0.06730997562408447,0.21347865462303162
aquamatch_chla,aquamatch_chla:1VTDECWQ-500635,test,2022-08,2022-09,0.5,0.5011051297187805,0.009474926628172398,0.5,0.4993283748626709,0.00897065456956625,0.4784565269947052,0.19529084861278534,0.20597276091575623,0.7749999761581421,0.7749999761581421,0.00943811796605587,0.7749999761581421,0.7749999761581421,0.01076443586498499,0.4488826096057892,0.32210350036621094,0.06225113943219185,0.0,0.0001465771347284317,0.00925706047564745,0.0,-0.002292042365297675,0.008931213058531284,0.3188987076282501,0.053291767835617065,0.20732159912586212
aquamatch_chla,aquamatch_chla:1VTDECWQ-500635,test,2022-09,2022-10,0.5,0.501548707485199,0.0067379469983279705,0.5,0.4996776878833771,0.008417206816375256,0.30855971574783325,0.36099228262901306,0.23861338198184967,0.7749999761581421,0.7749999761581421,0.0067379469983279705,0.7749999761581421,0.7749999761581421,0.009602507576346397,0.38092389702796936,0.4026718735694885,0.06103236600756645,0.0,-0.00036587566137313843,0.0067379469983279705,0.0,-0.0011840194929391146,0.008402490057051182,-0.16989679634571075,-0.18933674693107605,0.24057872593402863
aquamatch_chla,aquamatch_chla:1VTDECWQ-500635,test,2023-08,2023-09,0.5,0.5012064576148987,0.008693280629813671,0.5,0.4993968605995178,0.009394550696015358,0.08872176706790924,0.2556777000427246,0.19531577825546265,0.7749999761581421,0.7749999761581421,0.008874954655766487,0.7749999761581421,0.7749999761581421,0.011005666106939316,0.29298871755599976,0.3453848958015442,0.060110852122306824,0.0,0.0001674443483352661,0.008491568267345428,0.0,-0.0020975961815565825,0.009382486343383789,-0.14334231615066528,0.03642965853214264,0.19661325216293335
aquamatch_chla,aquamatch_chla:1VTDECWQ-500635,test,2023-09,2023-10,0.5,0.5012990236282349,0.0067379469983279705,0.5,0.4996669888496399,0.00942910835146904,0.4768008291721344,0.11990758031606674,0.11846861988306046,0.7749999761581421,0.7749999761581421,0.0067379469983279705,0.7749999761581421,0.7749999761581421,0.01041413377970457,0.4482203423976898,0.29807233810424805,0.037709273397922516,0.0,0.00031236931681632996,0.0067379469983279705,0.0,-0.0009414601954631507,0.009537662379443645,0.38807904720306396,0.05251497030258179,0.1193527802824974
aquamatch_chla,aquamatch_chla:1VTDECWQ-500636,test,2022-06,2022-07,0.5,0.5021324157714844,0.0067379469983279705,0.5,0.49917250871658325,0.008639088831841946,0.0005519745172932744,0.07375991344451904,0.23468850553035736,0.7749999761581421,0.7749999761581421,0.0067379469983279705,0.7749999761581421,0.7749999761581421,0.010393574833869934,0.25772079825401306,0.27384692430496216,0.053886231034994125,0.0,3.791786730289459e-05,0.0067379469983279705,0.0,-0.0034529727417975664,0.00865261536091566,0.0005519745172932744,0.11699177324771881,0.23569773137569427
aquamatch_chla,aquamatch_chla:1VTDECWQ-500636,test,2022-07,2022-08,0.5,0.5018765330314636,0.0067379469983279705,0.5,0.49870678782463074,0.010083765722811222,0.17757153511047363,0.04430587589740753,0.16948941349983215,0.7749999761581421,0.7749999761581421,0.0067379469983279705,0.7749999761581421,0.7749999761581421,0.011626118794083595,0.32852861285209656,0.2680171728134155,0.04908851906657219,0.0,-0.00021456368267536163,0.0067379469983279705,0.0,-0.0026552670169621706,0.010035352781414986,0.17701956629753113,0.06981746107339859,0.1694544404745102
aquamatch_chla,aquamatch_chla:1VTDECWQ-500636,test,2022-08,2022-09,0.5,0.5011882185935974,0.010122639127075672,0.5,0.49939343333244324,0.010326371528208256,0.36704540252685547,0.1616860032081604,0.2150239199399948,0.7749999761581421,0.7749999761581421,0.010278156027197838,0.7749999761581421,0.7749999761581421,0.012178699485957623,0.4043181538581848,0.31572985649108887,0.064885213971138,0.0,4.8298388719558716e-05,0.00983944907784462,0.0,-0.0025552085135132074,0.01027427427470684,0.18947386741638184,-0.030322059988975525,0.2161187082529068
aquamatch_chla,aquamatch_chla:1VTDECWQ-500636,test,2022-09,2022-10,0.5,0.5015169382095337,0.0067379469983279705,0.5,0.5000478029251099,0.00923618208616972,0.06952774524688721,0.2702045440673828,0.19139978289604187,0.7749999761581421,0.7749999761581421,0.0067379469983279705,0.7749999761581421,0.7749999761581421,0.010623575188219547,0.28531110286712646,0.37104183435440063,0.05352376773953438,0.0,-0.00013143382966518402,0.0067379469983279705,0.0,-0.0012863625306636095,0.00929260440170765,-0.29751765727996826,-0.15202173590660095,0.192874014377594
aquamatch_chla,aquamatch_chla:1VTDECWQ-500636,test,2023-08,2023-09,0.5,0.5013175010681152,0.008500481024384499,0.5,0.49942341446876526,0.0102695282548666,0.025199279189109802,0.3182940185070038,0.24621084332466125,0.7749999761581421,0.7749999761581421,0.008913904428482056,0.7749999761581421,0.7749999761581421,0.012192854657769203,0.26757970452308655,0.37798669934272766,0.07146800309419632,0.0,0.00023779645562171936,0.008246609941124916,0.0,-0.0024153327103704214,0.010293551720678806,-0.3319737911224365,-0.05815514922142029,0.24755333364009857
aquamatch_chla,aquamatch_chla:1VTDECWQ-500636,test,2023-09,2023-10,0.5,0.5013970136642456,0.0067379469983279705,0.5,0.4993094801902771,0.0074773565866053104,0.3904428482055664,0.08008956909179688,0.21474303305149078,0.7749999761581421,0.7749999761581421,0.0067379469983279705,0.7749999761581421,0.7749999761581421,0.009066155180335045,0.4136771261692047,0.28131943941116333,0.056675903499126434,0.0,0.00027787312865257263,0.0067379469983279705,0.0,-0.0019777987617999315,0.007503981236368418,0.3652435541152954,0.09648331999778748,0.21580319106578827
aquamatch_chla,aquamatch_chla:1VTDECWQ-501605,test,2023-08,2023-09,0.5,0.5010635256767273,0.010140934959053993,0.5,0.49930334091186523,0.011547772213816643,0.27838796377182007,0.04360177367925644,0.16000378131866455,0.7749999761581421,0.7749999761581421,0.010496698319911957,0.7749999761581421,0.7749999761581421,0.013393709436058998,0.36885517835617065,0.2705411911010742,0.05295231193304062,0.0,-6.703846156597137e-05,0.009910272434353828,0.0,-0.0022825414780527353,0.011552410200238228,0.2696206271648407,0.05168068781495094,0.1607675403356552
aquamatch_chla,aquamatch_chla:1VTDECWQ-503006,test,2022-08,2022-09,0.5,0.501081109046936,0.009606813080608845,0.5,0.4994056820869446,0.01273558009415865,0.0,0.031127292662858963,0.13830751180648804,0.7749999761581421,0.7749999761581421,0.010236131958663464,0.7749999761581421,0.7749999761581421,0.014362679794430733,0.2574999928474426,0.26721668243408203,0.047943998128175735,0.0,-9.68538224697113e-05,0.00939328782260418,0.0,-0.002147398656234145,0.01278504729270935,0.0,0.04665878042578697,0.13886404037475586
aquamatch_chla,aquamatch_chla:1VTDECWQ-503088,test,2022-07,2022-08,0.5,0.5019625425338745,0.0067379469983279705,0.5,0.49835386872291565,0.010543365962803364,0.0,0.04743753373622894,0.16983139514923096,0.7749999761581421,0.7749999761581421,0.0067379469983279705,0.7749999761581421,0.7749999761581421,0.012073270045220852,0.2574999928474426,0.26888924837112427,0.04928043112158775,0.0,-6.22142106294632e-05,0.0067379469983279705,0.0,-0.0026453800965100527,0.010507053695619106,0.0,0.07604175806045532,0.1699802726507187
aquamatch_chla,aquamatch_chla:1VTDECWQ-503094,test,2022-06,2022-07,0.5,0.5020124316215515,0.0067379469983279705,0.5,0.49901747703552246,0.007542423438280821,0.0,0.07132844626903534,0.22710321843624115,0.7749999761581421,0.7749999761581421,0.0067379469983279705,0.7749999761581421,0.7749999761581421,0.009255096316337585,0.2574999928474426,0.2772634029388428,0.0545467771589756,0.0,-0.00024483539164066315,0.0067379469983279705,0.0,-0.0036134321708232164,0.00750861968845129,0.0,0.11536659300327301,0.22756673395633698
aquamatch_chla,aquamatch_chla:1VTDECWQ-503094,test,2022-07,2022-08,0.5,0.5020177364349365,0.0067379469983279705,0.5,0.49818745255470276,0.00866735354065895,0.0,0.06444688141345978,0.20987972617149353,0.7749999761581421,0.7749999761581421,0.0067379469983279705,0.7749999761581421,0.7749999761581421,0.0101998969912529,0.2574999928474426,0.2702813744544983,0.056565530598163605,0.0,-0.0003043282777070999,0.0067379469983279705,0.0,-0.0025853265542536974,0.008549799211323261,0.0,0.09873612225055695,0.21014715731143951
aquamatch_chla,aquamatch_chla:1VTDECWQ-503195,test,2023-08,2023-09,0.5,0.5019803047180176,0.0067379469983279705,0.5,0.498887836933136,0.0067379469983279705,0.0,0.11851382255554199,0.2859981060028076,0.7749999761581421,0.7749999761581421,0.0067379469983279705,0.7749999761581421,0.7749999761581421,0.0067379469983279705,0.2574999928474426,0.26352253556251526,0.06933902204036713,0.0,-0.0001766253262758255,0.0067379469983279705,0.0,-0.002766774268820882,0.0067379469983279705,0.0,0.2156982123851776,0.285232275724411
aquamatch_chla,aquamatch_chla:1VTDECWQ-503387,test,2022-07,2022-08,0.5,0.5020939111709595,0.0067379469983279705,0.5,0.49889084696769714,0.007376617752015591,0.8317418694496155,0.549376368522644,0.24326226115226746,0.7749999761581421,0.7749999761581421,0.0067379469983279705,0.7749999761581421,0.7749999761581421,0.007998199202120304,0.32480326294898987,0.3958410620689392,0.06198476627469063,0.0,-0.0004095938056707382,0.0067379469983279705,0.0,-0.0027152516413480043,0.00723014073446393,0.23639799654483795,-0.08751881122589111,0.243789404630661
aquamatch_chla,aquamatch_chla:1VTDECWQ-503387,test,2022-08,2022-09,0.5,0.5016785860061646,0.0067379469983279705,0.5,0.499157577753067,0.00831374991685152,0.695586085319519,0.714447557926178,0.2709077000617981,0.7749999761581421,0.7749999761581421,0.0067379469983279705,0.7749999761581421,0.7749999761581421,0.009615447372198105,0.37926557660102844,0.33791399002075195,0.06729300320148468,0.0,-0.00016955099999904633,0.0067379469983279705,0.0,-0.0031267760787159204,0.00829763151705265,-0.13615578413009644,-0.1842072457075119,0.2738162577152252
aquamatch_chla,aquamatch_chla:1VTDECWQ-503387,test,2022-09,2022-10,0.5,0.5016286969184875,0.0067379469983279705,0.5,0.49872884154319763,0.0071729449555277824,0.5070069432258606,0.5853545665740967,0.2826360762119293,0.7749999761581421,0.7749999761581421,0.0067379469983279705,0.7749999761581421,0.7749999761581421,0.008470345288515091,0.45469722151756287,0.364577054977417,0.06671388447284698,0.0,-0.00021295994520187378,0.0067379469983279705,0.0,-0.0022072375286370516,0.007175312377512455,-0.18857914209365845,-0.16139310598373413,0.2835039794445038
aquamatch_chla,aquamatch_chla:1VTDECWQ-503507,test,2022-08,2022-09,0.5,0.5013682842254639,0.00820899661630392,0.5,0.49927806854248047,0.008376934565603733,0.3120613992214203,0.5317400097846985,0.2823924720287323,0.7749999761581421,0.7749999761581421,0.008266018703579903,0.7749999761581421,0.7749999761581421,0.009749336168169975,0.38232454657554626,0.3753891587257385,0.07471166551113129,0.0,4.2732805013656616e-05,0.007942600175738335,0.0,-0.002642276929691434,0.008259356021881104,-0.341678261756897,-0.1990770399570465,0.2843398451805115
aquamatch_chla,aquamatch_chla:1VTDECWQ-503512,test,2022-06,2022-07,0.5,0.5024898052215576,0.0067379469983279705,0.5,0.4992429316043854,0.007429015822708607,0.7264247536659241,0.35964637994766235,0.2647440731525421,0.7749999761581421,0.7749999761581421,0.0067379469983279705,0.7749999761581421,0.7749999761581421,0.008283051662147045,0.3669300973415375,0.37867045402526855,0.06089376285672188,0.0,0.00034646131098270416,0.0067379469983279705,0.0,-0.003386684926226735,0.0072999452240765095,0.39318689703941345,0.02774226665496826,0.26600831747055054
aquamatch_chla,aquamatch_chla:1VTDECWQ-503512,test,2022-07,2022-08,0.5,0.502144455909729,0.0067379469983279705,0.5,0.49900615215301514,0.007720189169049263,1.0,0.6455835103988647,0.24845145642757416,0.7749999761581421,0.7749999761581421,0.0067379469983279705,0.7749999761581421,0.7749999761581421,0.008661800064146519,0.2574999928474426,0.35981833934783936,0.058846618980169296,0.0,0.00036223791539669037,0.0067379469983279705,0.0,-0.003079143585637212,0.007654866669327021,0.2735752463340759,-0.13041111826896667,0.24941878020763397
aquamatch_chla,aquamatch_chla:1VTDECWQ-503512,test,2022-08,2022-09,0.5,0.5017127990722656,0.0067379469983279705,0.5,0.499123215675354,0.009998559020459652,1.0,0.8272508382797241,0.24408340454101562,0.7749999761581421,0.7749999761581421,0.0067379469983279705,0.7749999761581421,0.7749999761581421,0.01120119821280241,0.2574999928474426,0.2870880961418152,0.0590185709297657,0.0,0.0003439132124185562,0.0067379469983279705,0.0,-0.002655866788700223,0.010056775063276291,0.0,-0.2681294083595276,0.2463720440864563
aquamatch_chla,aquamatch_chla:1VTDECWQ-503512,test,2022-09,2022-10,0.5,0.5017787218093872,0.0067379469983279705,0.5,0.4993368983268738,0.0068777771666646,0.7998900413513184,0.8110098242759705,0.28241798281669617,0.7749999761581421,0.7749999761581421,0.0067379469983279705,0.7749999761581421,0.7749999761581421,0.00810184609144926,0.3375439941883087,0.27883344888687134,0.0590764619410038,0.0,-0.00013138540089130402,0.0067379469983279705,0.0,-0.001849771710112691,0.006898568477481604,-0.20010995864868164,-0.28950998187065125,0.2826499342918396
aquamatch_chla,aquamatch_chla:1VTDECWQ-503512,test,2023-07,2023-08,0.5,0.5022667646408081,0.0067379469983279705,0.5,0.498407781124115,0.0067379469983279705,1.0,0.2941828966140747,0.30396726727485657,0.7749999761581421,0.7749999761581421,0.0067379469983279705,0.7749999761581421,0.7749999761581421,0.0067379469983279705,0.2574999928474426,0.326874315738678,0.0656769797205925,0.0,0.0005362723022699356,0.0067379469983279705,0.0,-0.002233621897175908,0.0067379469983279705,0.7912099957466125,0.15467771887779236,0.30264317989349365
aquamatch_chla,aquamatch_chla:1VTDECWQ-503512,test,2023-08,2023-09,0.5,0.5018492937088013,0.0073470426723361015,0.5,0.4991636574268341,0.0067379469983279705,0.5296692252159119,0.8160637617111206,0.29580456018447876,0.7749999761581421,0.7749999761581421,0.0068688723258674145,0.7749999761581421,0.7749999761581421,0.006961950100958347,0.44563230872154236,0.28918522596359253,0.07116344571113586,0.0,9.214691817760468e-05,0.007129529491066933,0.0,-0.0017956786323338747,0.0067379469983279705,-0.4703308045864105,-0.30252379179000854,0.2970847487449646
aquamatch_chla,aquamatch_chla:1VTDECWQ-503512,test,2023-09,2023-10,0.5,0.5016075372695923,0.0067379469983279705,0.5,0.4978366494178772,0.0067379469983279705,1.0,0.4509008824825287,0.2887728810310364,0.7749999761581421,0.7749999761581421,0.0067379469983279705,0.7749999761581421,0.7749999761581421,0.00786805059760809,0.2574999928474426,0.4088565409183502,0.07821150869131088,0.0,-0.0007500294595956802,0.0067379469983279705,0.0,-0.004120037890970707,0.0067379469983279705,0.4703308045864105,-0.1347838044166565,0.2875116765499115
aquamatch_chla,aquamatch_chla:1VTDECWQ-503512,test,2023-10,2023-11,0.5,0.5017402172088623,0.0067379469983279705,0.5,0.5016642808914185,0.0067379469983279705,0.8025533556938171,0.7563874125480652,0.2954661548137665,0.7749999761581421,0.7749999761581421,0.0067379469983279705,0.7749999761581421,0.7749999761581421,0.0067379469983279705,0.33647865056991577,0.2921920716762543,0.05111603066325188,0.0,0.0004712473601102829,0.0067379469983279705,0.0,-0.0020772081334143877,0.0067379469983279705,-0.19744664430618286,-0.3778250515460968,0.29257550835609436
aquamatch_chla,aquamatch_chla:1VTDECWQ-503515,test,2022-07,2022-08,0.5,0.5023104548454285,0.0067379469983279705,0.5,0.4984360933303833,0.0067379469983279705,0.8484575748443604,0.37596437335014343,0.333339661359787,0.7749999761581421,0.7749999761581421,0.0067379469983279705,0.7749999761581421,0.7749999761581421,0.00728966947644949,0.3181169629096985,0.3490373492240906,0.07361280173063278,0.0,-0.0002282503992319107,0.0067379469983279705,0.0,-0.0036901405546814203,0.0067379469983279705,0.6008096933364868,0.21319282054901123,0.33415162563323975
aquamatch_chla,aquamatch_chla:1VTDECWQ-503515,test,2022-08,2022-09,0.5,0.5017775297164917,0.0067379469983279705,0.5,0.4998161792755127,0.0067379469983279705,0.4226396083831787,0.7041273713111877,0.2750273048877716,0.7749999761581421,0.7749999761581421,0.0067379469983279705,0.7749999761581421,0.7749999761581421,0.006791363470256329,0.4265558421611786,0.330711305141449,0.06531209498643875,0.0,-0.00041328929364681244,0.0067379469983279705,0.0,-0.0014046740252524614,0.0067379469983279705,-0.42581796646118164,-0.21118313074111938,0.27447932958602905
aquamatch_chla,aquamatch_chla:1VTDECWQ-503515,test,2022-09,2022-10,0.5,0.5019048452377319,0.0067379469983279705,0.5,0.4987572431564331,0.0067379469983279705,0.208917036652565,0.42610862851142883,0.3270973265171051,0.7749999761581421,0.7749999761581421,0.0067379469983279705,0.7749999761581421,0.7749999761581421,0.0067379469983279705,0.34106680750846863,0.39456844329833984,0.0781838446855545,0.0,-0.0008494965732097626,0.0067379469983279705,0.0,-0.0038596682716161013,0.0067379469983279705,-0.2137225717306137,0.0039109885692596436,0.32776007056236267
aquamatch_chla,aquamatch_chla:1VTDECWQ-503526,test,2022-06,2022-07,0.5,0.5022748708724976,0.0067379469983279705,0.5,0.498849093914032,0.0067379469983279705,0.7546025514602661,0.33072927594184875,0.30609235167503357,0.7749999761581421,0.7749999761581421,0.0067379469983279705,0.7749999761581421,0.7749999761581421,0.0067379469983279705,0.35565897822380066,0.3564184010028839,0.061686959117650986,0.0,0.0002920180559158325,0.0067379469983279705,0.0,-0.003132776590064168,0.0067379469983279705,0.47051626443862915,0.08248487114906311,0.30537188053131104
aquamatch_chla,aquamatch_chla:1VTDECWQ-503526,test,2022-07,2022-08,0.5,0.5024641752243042,0.0067379469983279705,0.5,0.4988802969455719,0.0067379469983279705,1.0,0.682159423828125,0.27917322516441345,0.7749999761581421,0.7749999761581421,0.0067379469983279705,0.7749999761581421,0.7749999761581421,0.006970739923417568,0.2574999928474426,0.3476838171482086,0.06277388334274292,0.0,0.0005552861839532852,0.0067379469983279705,0.0,-0.0023583669681102037,0.0067379469983279705,0.24539746344089508,-0.12772107124328613,0.27922725677490234
aquamatch_chla,aquamatch_chla:1VTDECWQ-503526,test,2022-08,2022-09,0.5,0.5016740560531616,0.0067379469983279705,0.5,0.49897128343582153,0.010612143203616142,1.0,0.8162722587585449,0.25261667370796204,0.7749999761581421,0.7749999761581421,0.0067379469983279705,0.7749999761581421,0.7749999761581421,0.01194818876683712,0.2574999928474426,0.28528136014938354,0.06096040830016136,0.0,0.0004250369966030121,0.0067379469983279705,0.0,-0.002526481868699193,0.010694395750761032,0.0,-0.2843722105026245,0.2547401189804077
aquamatch_chla,aquamatch_chla:1VTDECWQ-503526,test,2022-09,2022-10,0.5,0.5017603635787964,0.0067379469983279705,0.5,0.4994259476661682,0.006991438567638397,0.8410619497299194,0.8070327043533325,0.29054737091064453,0.7749999761581421,0.7749999761581421,0.0067379469983279705,0.7749999761581421,0.7749999761581421,0.00822081882506609,0.3210752010345459,0.27940285205841064,0.060308460146188736,0.0,-0.00010686181485652924,0.0067379469983279705,0.0,-0.0017773855943232775,0.007012533023953438,-0.15893803536891937,-0.2938832938671112,0.2905263900756836
aquamatch_chla,aquamatch_chla:1VTDECWQ-503526,test,2023-07,2023-08,0.5,0.5024303793907166,0.0067379469983279705,0.5,0.49825024604797363,0.0067379469983279705,0.9146221280097961,0.5688602924346924,0.2890916168689728,0.7749999761581421,0.7749999761581421,0.0067379469983279705,0.7749999761581421,0.7749999761581421,0.007513842079788446,0.2916511595249176,0.3876808285713196,0.06762664020061493,0.0,0.00047404877841472626,0.0067379469983279705,0.0,-0.0024319796357303858,0.0067379469983279705,0.3069394826889038,-0.07467907667160034,0.28934207558631897
aquamatch_chla,aquamatch_chla:1VTDECWQ-503526,test,2023-08,2023-09,0.5,0.5016274452209473,0.0067379469983279705,0.5,0.4989996552467346,0.01106012612581253,0.6924180388450623,0.7393894791603088,0.24331745505332947,0.7749999761581421,0.7749999761581421,0.0067379469983279705,0.7749999761581421,0.7749999761581421,0.012393240816891193,0.38053277134895325,0.3120824098587036,0.06177453324198723,0.0,0.00034356117248535156,0.0067379469983279705,0.0,-0.0019432094413787127,0.011128331534564495,-0.2222040593624115,-0.26864856481552124,0.24550051987171173
aquamatch_chla,aquamatch_chla:1VTDECWQ-503526,test,2023-09,2023-10,0.5,0.5016917586326599,0.0067379469983279705,0.5,0.4986276626586914,0.00709585752338171,0.973171591758728,0.5897663831710815,0.2836623787879944,0.7749999761581421,0.7749999761581421,0.0067379469983279705,0.7749999761581421,0.7749999761581421,0.008376646786928177,0.2682313621044159,0.36363279819488525,0.06747493147850037,0.0,-0.00029567815363407135,0.0067379469983279705,0.0,-0.002245991723611951,0.0071009076200425625,0.28075355291366577,-0.15115119516849518,0.28412336111068726
aquamatch_chla,aquamatch_chla:1VTDECWQ-503526,test,2023-10,2023-11,0.5,0.5017126798629761,0.0067379469983279705,0.5,0.500510573387146,0.0067379469983279705,0.7998900413513184,0.7824910879135132,0.28393012285232544,0.7749999761581421,0.7749999761581421,0.0067379469983279705,0.7749999761581421,0.7749999761581421,0.0067379469983279705,0.3375439941883087,0.29109513759613037,0.04888996109366417,0.0,0.0003011859953403473,0.0067379469983279705,0.0,-0.0032009382266551256,0.0067379469983279705,-0.17328155040740967,-0.29417264461517334,0.28251999616622925
aquamatch_chla,aquamatch_chla:1VTDECWQ-503527,test,2022-06,2022-07,0.5,0.5022133588790894,0.0067379469983279705,0.5,0.4992094337940216,0.0067379469983279705,0.7525737285614014,0.42383918166160583,0.3067302703857422,0.7749999761581421,0.7749999761581421,0.0067379469983279705,0.7749999761581421,0.7749999761581421,0.0067379469983279705,0.35647052526474,0.39717456698417664,0.06354377418756485,0.0,-2.7338042855262756e-05,0.0067379469983279705,0.0,-0.0033273149747401476,0.0067379469983279705,0.3364916741847992,0.012809425592422485,0.30625414848327637
aquamatch_chla,aquamatch_chla:1VTDECWQ-503527,test,2022-07,2022-08,0.5,0.5024675726890564,0.0067379469983279705,0.5,0.4987054467201233,0.0067379469983279705,1.0,0.689652681350708,0.2809840142726898,0.7749999761581421,0.7749999761581421,0.0067379469983279705,0.7749999761581421,0.7749999761581421,0.0076713101007044315,0.2574999928474426,0.3534252941608429,0.06272436678409576,0.0,0.0003087073564529419,0.0067379469983279705,0.0,-0.002994965063408017,0.0067379469983279705,0.24742630124092102,-0.10619962215423584,0.2821527123451233
aquamatch_chla,aquamatch_chla:1VTDECWQ-503527,test,2022-08,2022-09,0.5,0.5016860365867615,0.0067379469983279705,0.5,0.4990912079811096,0.010478140786290169,1.0,0.8275129795074463,0.24560193717479706,0.7749999761581421,0.7749999761581421,0.0067379469983279705,0.7749999761581421,0.7749999761581421,0.011685286648571491,0.2574999928474426,0.28778281807899475,0.059537533670663834,0.0,0.0005362723022699356,0.0067379469983279705,0.0,-0.0024426693562418222,0.010548846796154976,0.0,-0.2651732861995697,0.2476670891046524
aquamatch_chla,aquamatch_chla:1VTDECWQ-503527,test,2022-09,2022-10,0.5,0.5018357038497925,0.0067379469983279705,0.5,0.4992663264274597,0.0067379469983279705,0.6698405742645264,0.8203966617584229,0.27574479579925537,0.7749999761581421,0.7749999761581421,0.0067379469983279705,0.7749999761581421,0.7749999761581421,0.007639311254024506,0.38956376910209656,0.2775777280330658,0.05714913457632065,0.0,-0.00016599521040916443,0.0067379469983279705,0.0,-0.0019897979218512774,0.0067379469983279705,-0.33015939593315125,-0.2752706706523895,0.275918185710907
aquamatch_chla,aquamatch_chla:1VTDECWQ-503527,test,2023-07,2023-08,0.5,0.5023369193077087,0.0067379469983279705,0.5,0.4985561966896057,0.007264484651386738,1.0,0.6319236755371094,0.29006457328796387,0.7749999761581421,0.7749999761581421,0.0067379469983279705,0.7749999761581421,0.7749999761581421,0.008295130915939808,0.2574999928474426,0.3614650368690491,0.06572729349136353,0.0,0.0005804132670164108,0.0067379469983279705,0.0,-0.0030922305304557085,0.007190715055912733,0.2927555739879608,-0.12703561782836914,0.29090237617492676
aquamatch_chla,aquamatch_chla:1VTDECWQ-503527,test,2023-08,2023-09,0.5,0.501641035079956,0.0067379469983279705,0.5,0.49892657995224,0.011033273302018642,0.6166239380836487,0.8072443008422852,0.25139081478118896,0.7749999761581421,0.7749999761581421,0.0067379469983279705,0.7749999761581421,0.7749999761581421,0.012385041452944279,0.4108504354953766,0.2872888743877411,0.061069659888744354,0.0,0.0005022045224905014,0.0067379469983279705,0.0,-0.002164211357012391,0.01111742202192545,-0.3833760619163513,-0.29695865511894226,0.253496378660202
aquamatch_chla,aquamatch_chla:1VTDECWQ-503527,test,2023-09,2023-10,0.5,0.5018677711486816,0.0067379469983279705,0.5,0.49828511476516724,0.0067379469983279705,1.0,0.5510954260826111,0.29440852999687195,0.7749999761581421,0.7749999761581421,0.0067379469983279705,0.7749999761581421,0.7749999761581421,0.0079186437651515,0.2574999928474426,0.3827882409095764,0.07008140534162521,0.0,-0.00041862763464450836,0.0067379469983279705,0.0,-0.0026359513867646456,0.0067379469983279705,0.3833760619163513,-0.09409955143928528,0.29397037625312805
aquamatch_chla,aquamatch_chla:1VTDECWQ-503527,test,2023-10,2023-11,0.5,0.501699686050415,0.0067379469983279705,0.5,0.5007642507553101,0.0067379469983279705,0.8700790405273438,0.8031355142593384,0.27952560782432556,0.7749999761581421,0.7749999761581421,0.0067379469983279705,0.7749999761581421,0.7749999761581421,0.0067379469983279705,0.3094683885574341,0.287392795085907,0.046758443117141724,0.0,0.00040166452527046204,0.0067379469983279705,0.0,-0.0032004949171096087,0.0067379469983279705,-0.12992097437381744,-0.2994803190231323,0.27748528122901917
aquamatch_chla,aquamatch_chla:1VTDECWQ-503545,test,2022-08,2022-09,0.5,0.5012121200561523,0.008963283151388168,0.5,0.4994533061981201,0.01006292924284935,0.0,0.11419504135847092,0.20011383295059204,0.7749999761581421,0.7749999761581421,0.009277448989450932,0.7749999761581421,0.7749999761581421,0.011876346543431282,0.2574999928474426,0.2949552536010742,0.060448501259088516,0.0,-9.632669389247894e-05,0.008722890168428421,0.0,-0.0024399159010499716,0.010011717677116394,-0.10751143842935562,0.008007802069187164,0.20087075233459473
aquamatch_chla,aquamatch_chla:1VTDECWQ-503547,test,2022-08,2022-09,0.5,0.5012991428375244,0.00852623488754034,0.5,0.4993162155151367,0.00817205011844635,0.0,0.3860921859741211,0.2445494830608368,0.7749999761581421,0.7749999761581421,0.008512036874890327,0.7749999761581421,0.7749999761581421,0.009362228214740753,0.2574999928474426,0.3935304284095764,0.07062264531850815,0.0,-0.0005402937531471252,0.008294470608234406,0.0,-0.0026087176520377398,0.008052670396864414,-0.4106472432613373,-0.052952900528907776,0.24615682661533356
aquamatch_chla,aquamatch_chla:1VTDECWQ-503784,test,2022-07,2022-08,0.5,0.5019367337226868,0.0067379469983279705,0.5,0.4986516237258911,0.011627049185335636,0.0,0.03827220946550369,0.1471056044101715,0.7749999761581421,0.7749999761581421,0.0067379469983279705,0.7749999761581421,0.7749999761581421,0.01300475001335144,0.2574999928474426,0.2678365111351013,0.04488607496023178,0.0,-6.188265979290009e-05,0.0067379469983279705,0.0,-0.002474352018907666,0.01163380965590477,0.0,0.06196856126189232,0.14713887870311737
aquamatch_chla,aquamatch_chla:1VTDECWQ-503784,test,2022-08,2022-09,0.5,0.501078724861145,0.009645047597587109,0.5,0.4994010627269745,0.012726085260510445,0.0,0.030963385477662086,0.13881687819957733,0.7749999761581421,0.7749999761581421,0.010267511010169983,0.7749999761581421,0.7749999761581421,0.014369598589837551,0.2574999928474426,0.26725155115127563,0.04808230325579643,0.0,-8.526816964149475e-05,0.009430501610040665,0.0,-0.0021533065009862185,0.012776125222444534,0.0,0.04646393284201622,0.13937890529632568
aquamatch_chla,aquamatch_chla:1VTDECWQ-503784,test,2023-07,2023-08,0.5,0.5017628073692322,0.0067379469983279705,0.5,0.49828481674194336,0.006886907387524843,0.0,0.06359807401895523,0.2596268653869629,0.7749999761581421,0.7749999761581421,0.0067379469983279705,0.7749999761581421,0.7749999761581421,0.008804775774478912,0.2574999928474426,0.2703392505645752,0.06495309621095657,0.0,-0.00041695497930049896,0.0067379469983279705,0.0,-0.003358076559379697,0.0067713698372244835,0.0,0.1060122549533844,0.25937554240226746
aquamatch_chla,aquamatch_chla:1VTDECWQ-503796,test,2022-08,2022-09,0.5,0.501078724861145,0.009645047597587109,0.5,0.4994010627269745,0.012726085260510445,0.0,0.030963385477662086,0.13881687819957733,0.7749999761581421,0.7749999761581421,0.010267511010169983,0.7749999761581421,0.7749999761581421,0.014369598589837551,0.2574999928474426,0.26725155115127563,0.04808230325579643,0.0,-8.526816964149475e-05,0.009430501610040665,0.0,-0.0021533065009862185,0.012776125222444534,0.0,0.04646393284201622,0.13937890529632568
aquamatch_chla,aquamatch_chla:1VTDECWQ-503832,test,2022-08,2022-09,0.5,0.501078724861145,0.009645047597587109,0.5,0.4994010627269745,0.012726085260510445,0.0,0.030963385477662086,0.13881687819957733,0.7749999761581421,0.7749999761581421,0.010267511010169983,0.7749999761581421,0.7749999761581421,0.014369598589837551,0.2574999928474426,0.26725155115127563,0.04808230325579643,0.0,-8.526816964149475e-05,0.009430501610040665,0.0,-0.0021533065009862185,0.012776125222444534,0.0,0.04646393284201622,0.13937890529632568
aquamatch_chla,aquamatch_chla:1VTDECWQ-503877,test,2022-08,2022-09,0.5,0.501078724861145,0.009645047597587109,0.5,0.4994010627269745,0.012726085260510445,0.0,0.030963385477662086,0.13881687819957733,0.7749999761581421,0.7749999761581421,0.010267511010169983,0.7749999761581421,0.7749999761581421,0.014369598589837551,0.2574999928474426,0.26725155115127563,0.04808230325579643,0.0,-8.526816964149475e-05,0.009430501610040665,0.0,-0.0021533065009862185,0.012776125222444534,0.0,0.04646393284201622,0.13937890529632568
aquamatch_chla,aquamatch_chla:1VTDECWQ-503879,test,2023-08,2023-09,0.5,0.5023242235183716,0.0067379469983279705,0.5,0.49956294894218445,0.0067379469983279705,1.0,0.9565235376358032,0.19230881333351135,0.7749999761581421,0.7749999761581421,0.0067379469983279705,0.7749999761581421,0.7749999761581421,0.0067379469983279705,0.2574999928474426,0.2653844654560089,0.041581299155950546,0.0,0.0005591269582509995,0.0067379469983279705,0.0,-0.0028781250584870577,0.0067379469983279705,0.0,-0.062185514718294144,0.19213244318962097
aquamatch_chla,aquamatch_chla:1VTDECWQ-503879,test,2023-09,2023-10,0.5,0.5021738409996033,0.0067379469983279705,0.5,0.49941107630729675,0.0067379469983279705,1.0,0.8880497217178345,0.22633427381515503,0.7749999761581421,0.7749999761581421,0.0067379469983279705,0.7749999761581421,0.7749999761581421,0.0067379469983279705,0.2574999928474426,0.26911842823028564,0.04431622102856636,0.0,0.000530710443854332,0.0067379469983279705,0.0,-0.001831335248425603,0.0067379469983279705,0.0,-0.17004066705703735,0.2257019728422165
aquamatch_chla,aquamatch_chla:1VTDECWQ-503887,test,2022-08,2022-09,0.5,0.501078724861145,0.009645047597587109,0.5,0.4994010627269745,0.012726085260510445,0.0,0.030963385477662086,0.13881687819957733,0.7749999761581421,0.7749999761581421,0.010267511010169983,0.7749999761581421,0.7749999761581421,0.014369598589837551,0.2574999928474426,0.26725155115127563,0.04808230325579643,0.0,-8.526816964149475e-05,0.009430501610040665,0.0,-0.0021533065009862185,0.012776125222444534,0.0,0.04646393284201622,0.13937890529632568
aquamatch_chla,aquamatch_chla:1VTDECWQ-503894,test,2022-08,2022-09,0.5,0.5012462735176086,0.009559034369885921,0.5,0.49945583939552307,0.00833946280181408,0.3168015778064728,0.21433930099010468,0.3008292317390442,0.7749999761581421,0.7749999761581421,0.009372268803417683,0.7749999761581421,0.7749999761581421,0.010475482791662216,0.3842206299304962,0.3277047276496887,0.0808580294251442,0.0,0.00010602734982967377,0.009276245720684528,0.0,-0.0024448942858725786,0.008304945193231106,0.14347673952579498,0.06697240471839905,0.3023967146873474
aquamatch_chla,aquamatch_chla:1VTDECWQ-503894,test,2023-07,2023-08,0.5,0.5019381642341614,0.0067379469983279705,0.5,0.4979035258293152,0.008318563923239708,0.31881198287010193,0.09203284978866577,0.23718948662281036,0.7749999761581421,0.7749999761581421,0.0067379469983279705,0.7749999761581421,0.7749999761581421,0.010084939189255238,0.3850247859954834,0.2798282504081726,0.061116356402635574,0.0,-0.0001264680176973343,0.0067379469983279705,0.0,-0.003123170929029584,0.008221520110964775,0.28194060921669006,0.0874830037355423,0.23749899864196777
aquamatch_chla,aquamatch_chla:1VTDECWQ-503899,test,2023-07,2023-08,0.5,0.5019367337226868,0.0067379469983279705,0.5,0.4986516237258911,0.011627049185335636,0.0,0.03827220946550369,0.1471056044101715,0.7749999761581421,0.7749999761581421,0.0067379469983279705,0.7749999761581421,0.7749999761581421,0.01300475001335144,0.2574999928474426,0.2678365111351013,0.04488607496023178,0.0,-6.188265979290009e-05,0.0067379469983279705,0.0,-0.002474352018907666,0.01163380965590477,0.0,0.06196856126189232,0.14713887870311737
aquamatch_chla,aquamatch_chla:1VTDECWQ-503906,test,2022-08,2022-09,0.5,0.501078724861145,0.009645047597587109,0.5,0.4994010627269745,0.012726085260510445,0.0,0.030963385477662086,0.13881687819957733,0.7749999761581421,0.7749999761581421,0.010267511010169983,0.7749999761581421,0.7749999761581421,0.014369598589837551,0.2574999928474426,0.26725155115127563,0.04808230325579643,0.0,-8.526816964149475e-05,0.009430501610040665,0.0,-0.0021533065009862185,0.012776125222444534,0.0,0.04646393284201622,0.13937890529632568
aquamatch_chla,aquamatch_chla:1VTDECWQ-504152,test,2023-07,2023-08,0.5,0.5019367337226868,0.0067379469983279705,0.5,0.4986516237258911,0.011627049185335636,0.0,0.03827220946550369,0.1471056044101715,0.7749999761581421,0.7749999761581421,0.0067379469983279705,0.7749999761581421,0.7749999761581421,0.01300475001335144,0.2574999928474426,0.2678365111351013,0.04488607496023178,0.0,-6.188265979290009e-05,0.0067379469983279705,0.0,-0.002474352018907666,0.01163380965590477,0.0,0.06196856126189232,0.14713887870311737
aquamatch_chla,aquamatch_chla:1VTDECWQ-504153,test,2023-07,2023-08,0.5,0.5019367337226868,0.0067379469983279705,0.5,0.4986516237258911,0.011627049185335636,0.0,0.03827220946550369,0.1471056044101715,0.7749999761581421,0.7749999761581421,0.0067379469983279705,0.7749999761581421,0.7749999761581421,0.01300475001335144,0.2574999928474426,0.2678365111351013,0.04488607496023178,0.0,-6.188265979290009e-05,0.0067379469983279705,0.0,-0.002474352018907666,0.01163380965590477,0.0,0.06196856126189232,0.14713887870311737
aquamatch_chla,aquamatch_chla:1VTDECWQ-504156,test,2022-08,2022-09,0.5,0.5013959407806396,0.009343220852315426,0.5,0.4996638894081116,0.008049245923757553,0.0,0.10513769835233688,0.3326300084590912,0.7749999761581421,0.7749999761581421,0.00913666095584631,0.7749999761581421,0.7749999761581421,0.01041137333959341,0.2574999928474426,0.2775675654411316,0.08701430261135101,0.0,0.000669160857796669,0.009082775563001633,0.0,-0.0018571403343230486,0.007998690940439701,0.0,0.16258355975151062,0.33277684450149536
aquamatch_chla,aquamatch_chla:1VTDECWQ-504156,test,2023-08,2023-09,0.5,0.501078724861145,0.009645047597587109,0.5,0.4994010627269745,0.012726085260510445,0.0,0.030963385477662086,0.13881687819957733,0.7749999761581421,0.7749999761581421,0.010267511010169983,0.7749999761581421,0.7749999761581421,0.014369598589837551,0.2574999928474426,0.26725155115127563,0.04808230325579643,0.0,-8.526816964149475e-05,0.009430501610040665,0.0,-0.0021533065009862185,0.012776125222444534,0.0,0.04646393284201622,0.13937890529632568
aquamatch_chla,aquamatch_chla:1VTDECWQ-504253,test,2023-08,2023-09,0.5,0.5007789134979248,0.012690901756286621,0.5,0.49866431951522827,0.0067379469983279705,0.0,0.08043129742145538,0.2899334728717804,0.7749999761581421,0.7749999761581421,0.011284896172583103,0.7749999761581421,0.7749999761581421,0.00884449016302824,0.2574999928474426,0.2722175121307373,0.07953997701406479,0.0,-0.00033999793231487274,0.012413089163601398,0.0,-0.0021468691993504763,0.0067379469983279705,0.0,0.1156880259513855,0.2915581464767456
