target,blend_weight,validation_rows,validation_mae,validation_rmse,selection_metric,selection_objective
yN,0.65,7079,0.053426356449657986,0.08441696407565874,balanced,1.0187931038820999
yF,0.8,7079,0.07173015014113873,0.1113886767395951,balanced,1.0112724217057587
yT,0.5,7079,0.12260596087666314,0.19006129670064245,balanced,1.0446693598900825
sigma_N,0.2,7079,0.05256690364686222,0.11886271450699974,balanced,1.00721598870765
sigma_F,0.1,7079,0.02231325094840304,0.04948145355273176,balanced,1.0064562839410165
sigma_T,0.0,7079,0.04201006145021945,0.0798183263902169,balanced,1.0141018913803417
delta_yN,0.9,7079,0.057591698166003485,0.08501291406055561,balanced,1.0073246856733071
delta_yF,1.0,7079,0.07508149128846654,0.11197119470656186,balanced,1.0047249973457837
delta_yT,0.9,7079,0.13104482349795057,0.18604199371184263,balanced,1.0098719417773876
