model_version,source_id,horizon_months,split,bin,bin_left,bin_right,rows,bloom_positive,mean_pred_probability,observed_bloom_rate,abs_calibration_error
current_refined_fuzzy_v0,all,1,test,0,0.0,0.1,90240,2195,0.028508427905294002,0.024324024822695037,0.004184403082598966
current_refined_fuzzy_v0,all,1,test,1,0.1,0.2,7651,1174,0.154004411663268,0.15344399424911775,0.0005604174141502494
current_refined_fuzzy_v0,all,1,test,2,0.2,0.3,4426,1098,0.24310989388841053,0.2480795300497063,0.004969636161295754
current_refined_fuzzy_v0,all,1,test,3,0.3,0.4,2996,1100,0.3541963400442098,0.3671562082777036,0.012959868233493821
current_refined_fuzzy_v0,all,1,test,4,0.4,0.5,3097,1487,0.45197580678233595,0.48014207297384565,0.028166266191509692
current_refined_fuzzy_v0,all,1,test,5,0.5,0.6,3516,2104,0.5478795841645463,0.5984072810011376,0.05052769683659131
current_refined_fuzzy_v0,all,1,test,6,0.6,0.7,3768,2595,0.6525521009767675,0.6886942675159236,0.03614216653915603
current_refined_fuzzy_v0,all,1,test,7,0.7,0.8,4307,3581,0.7584944212734482,0.8314371952635244,0.0729427739900762
current_refined_fuzzy_v0,all,1,test,8,0.8,0.9,1539,1403,0.8390289657467983,0.9116309291747888,0.07260196342799052
current_refined_fuzzy_v0,all,1,test,9,0.9,1.0,0,0,,,
current_refined_fuzzy_v0,aquamatch_chla,1,test,0,0.0,0.1,50983,1214,0.026448152300405543,0.02381185885491242,0.002636293445493123
current_refined_fuzzy_v0,aquamatch_chla,1,test,1,0.1,0.2,3971,559,0.15535685864481258,0.14077058675396625,0.014586271890846325
current_refined_fuzzy_v0,aquamatch_chla,1,test,2,0.2,0.3,2201,494,0.2431653085328357,0.22444343480236256,0.018721873730473126
current_refined_fuzzy_v0,aquamatch_chla,1,test,3,0.3,0.4,1398,454,0.3590923945729133,0.32474964234620884,0.034342752226704465
current_refined_fuzzy_v0,aquamatch_chla,1,test,4,0.4,0.5,1804,859,0.4523201882774377,0.4761640798226164,0.023843891545178686
current_refined_fuzzy_v0,aquamatch_chla,1,test,5,0.5,0.6,2144,1276,0.5446791404712107,0.5951492537313433,0.05047011326013262
current_refined_fuzzy_v0,aquamatch_chla,1,test,6,0.6,0.7,2127,1534,0.6503352508402155,0.7212035731076634,0.07086832226744788
current_refined_fuzzy_v0,aquamatch_chla,1,test,7,0.7,0.8,1598,1392,0.7530731105883517,0.8710888610763454,0.11801575048799373
current_refined_fuzzy_v0,aquamatch_chla,1,test,8,0.8,0.9,0,0,,,
current_refined_fuzzy_v0,aquamatch_chla,1,test,9,0.9,1.0,0,0,,,
current_refined_fuzzy_v0,lakebed_us_cse,1,test,0,0.0,0.1,91,3,0.0283468667318823,0.03296703296703297,0.004620166235150668
current_refined_fuzzy_v0,lakebed_us_cse,1,test,1,0.1,0.2,15,0,0.14065868384887523,0.0,0.14065868384887523
current_refined_fuzzy_v0,lakebed_us_cse,1,test,2,0.2,0.3,8,0,0.24856846186323683,0.0,0.24856846186323683
current_refined_fuzzy_v0,lakebed_us_cse,1,test,3,0.3,0.4,5,0,0.3408587056313208,0.0,0.3408587056313208
current_refined_fuzzy_v0,lakebed_us_cse,1,test,4,0.4,0.5,3,1,0.4343391665462353,0.3333333333333333,0.10100583321290196
current_refined_fuzzy_v0,lakebed_us_cse,1,test,5,0.5,0.6,8,3,0.5823562979813989,0.375,0.20735629798139887
current_refined_fuzzy_v0,lakebed_us_cse,1,test,6,0.6,0.7,24,12,0.6580900973080696,0.5,0.15809009730806955
current_refined_fuzzy_v0,lakebed_us_cse,1,test,7,0.7,0.8,9,3,0.7644692513709964,0.3333333333333333,0.4311359180376631
current_refined_fuzzy_v0,lakebed_us_cse,1,test,8,0.8,0.9,0,0,,,
current_refined_fuzzy_v0,lakebed_us_cse,1,test,9,0.9,1.0,0,0,,,
current_refined_fuzzy_v0,wqp,1,test,0,0.0,0.1,39166,978,0.031190696537036034,0.02497063779809018,0.006220058738945853
current_refined_fuzzy_v0,wqp,1,test,1,0.1,0.2,3665,615,0.15259366649369155,0.16780354706684858,0.01520988057315703
current_refined_fuzzy_v0,wqp,1,test,2,0.2,0.3,2217,604,0.2430351820362777,0.2724402345511953,0.029405052514917623
current_refined_fuzzy_v0,wqp,1,test,3,0.3,0.4,1593,646,0.34994147748359267,0.40552416823603266,0.05558269075243999
current_refined_fuzzy_v0,wqp,1,test,4,0.4,0.5,1290,627,0.4515352220564016,0.48604651162790696,0.034511289571505344
current_refined_fuzzy_v0,wqp,1,test,5,0.5,0.6,1364,825,0.552707984141069,0.6048387096774194,0.05213072553635034
current_refined_fuzzy_v0,wqp,1,test,6,0.6,0.7,1617,1049,0.655385946572621,0.6487322201607916,0.006653726411829375
current_refined_fuzzy_v0,wqp,1,test,7,0.7,0.8,2700,2186,0.7616831179415617,0.8096296296296296,0.04794651168806785
current_refined_fuzzy_v0,wqp,1,test,8,0.8,0.9,1539,1403,0.8390289657467983,0.9116309291747888,0.07260196342799052
current_refined_fuzzy_v0,wqp,1,test,9,0.9,1.0,0,0,,,
current_refined_fuzzy_v0,all,1,validation,0,0.0,0.1,122443,3207,0.02828068302127437,0.026191779031876056,0.002088903989398313
current_refined_fuzzy_v0,all,1,validation,1,0.1,0.2,10615,1607,0.15372850475127542,0.15138954309938765,0.0023389616518877665
current_refined_fuzzy_v0,all,1,validation,2,0.2,0.3,5916,1350,0.24233767249496402,0.2281947261663286,0.014142946328635414
current_refined_fuzzy_v0,all,1,validation,3,0.3,0.4,3773,1190,0.3569773709461433,0.31539888682745826,0.04157848411868503
current_refined_fuzzy_v0,all,1,validation,4,0.4,0.5,4221,1832,0.45184711204641825,0.4340203743188818,0.017826737727536457
current_refined_fuzzy_v0,all,1,validation,5,0.5,0.6,4701,2621,0.5464547131978338,0.5575409487343118,0.011086235536478029
current_refined_fuzzy_v0,all,1,validation,6,0.6,0.7,5313,3618,0.6519104832629662,0.6809712027103332,0.02906071944736699
current_refined_fuzzy_v0,all,1,validation,7,0.7,0.8,4792,3862,0.7552671578581023,0.8059265442404007,0.05065938638229839
current_refined_fuzzy_v0,all,1,validation,8,0.8,0.9,1336,1219,0.8424650882047456,0.9124251497005988,0.06996006149585321
current_refined_fuzzy_v0,all,1,validation,9,0.9,1.0,0,0,,,
current_refined_fuzzy_v0,aquamatch_chla,1,validation,0,0.0,0.1,85074,2171,0.026735820527222173,0.025518959964266404,0.001216860562955769
current_refined_fuzzy_v0,aquamatch_chla,1,validation,1,0.1,0.2,6807,978,0.15525953978059706,0.14367562802996914,0.011583911750627923
current_refined_fuzzy_v0,aquamatch_chla,1,validation,2,0.2,0.3,3918,855,0.24132304929285245,0.21822358346094947,0.023099465831902977
current_refined_fuzzy_v0,aquamatch_chla,1,validation,3,0.3,0.4,2420,716,0.36052606944866894,0.2958677685950413,0.06465830085362761
current_refined_fuzzy_v0,aquamatch_chla,1,validation,4,0.4,0.5,2863,1255,0.4523522052197476,0.4383513796716731,0.014000825548074525
current_refined_fuzzy_v0,aquamatch_chla,1,validation,5,0.5,0.6,3362,1909,0.5442084800255993,0.5678167757287329,0.023608295703133608
current_refined_fuzzy_v0,aquamatch_chla,1,validation,6,0.6,0.7,3532,2406,0.6503249558462426,0.6812004530011325,0.030875497154889908
current_refined_fuzzy_v0,aquamatch_chla,1,validation,7,0.7,0.8,2467,2086,0.7528820973998992,0.8455614106201864,0.09267931322028722
current_refined_fuzzy_v0,aquamatch_chla,1,validation,8,0.8,0.9,0,0,,,
current_refined_fuzzy_v0,aquamatch_chla,1,validation,9,0.9,1.0,0,0,,,
current_refined_fuzzy_v0,lakebed_us_cse,1,validation,0,0.0,0.1,237,9,0.02761539904853023,0.0379746835443038,0.010359284495773568
current_refined_fuzzy_v0,lakebed_us_cse,1,validation,1,0.1,0.2,54,6,0.14736433245220656,0.1111111111111111,0.03625322134109546
current_refined_fuzzy_v0,lakebed_us_cse,1,validation,2,0.2,0.3,20,4,0.2674696164166323,0.2,0.0674696164166323
current_refined_fuzzy_v0,lakebed_us_cse,1,validation,3,0.3,0.4,19,2,0.34099569850590283,0.10526315789473684,0.235732540611166
current_refined_fuzzy_v0,lakebed_us_cse,1,validation,4,0.4,0.5,12,2,0.45048290077458103,0.16666666666666666,0.28381623410791434
current_refined_fuzzy_v0,lakebed_us_cse,1,validation,5,0.5,0.6,22,9,0.5625247091735157,0.4090909090909091,0.1534338000826066
current_refined_fuzzy_v0,lakebed_us_cse,1,validation,6,0.6,0.7,48,18,0.6611769940320309,0.375,0.2861769940320309
current_refined_fuzzy_v0,lakebed_us_cse,1,validation,7,0.7,0.8,31,4,0.7538306118136274,0.12903225806451613,0.6247983537491113
current_refined_fuzzy_v0,lakebed_us_cse,1,validation,8,0.8,0.9,2,1,0.8176585082963517,0.5,0.31765850829635167
current_refined_fuzzy_v0,lakebed_us_cse,1,validation,9,0.9,1.0,0,0,,,
current_refined_fuzzy_v0,wqp,1,validation,0,0.0,0.1,37132,1027,0.03182440014183176,0.027658084670903804,0.004166315470927953
current_refined_fuzzy_v0,wqp,1,validation,1,0.1,0.2,3754,623,0.15104387764939933,0.16595631326584975,0.01491243561645042
current_refined_fuzzy_v0,wqp,1,validation,2,0.2,0.3,1978,491,0.24409331194260803,0.24823053589484328,0.004137223952235258
current_refined_fuzzy_v0,wqp,1,validation,3,0.3,0.4,1334,472,0.3507673270182966,0.3538230884557721,0.0030557614374754904
current_refined_fuzzy_v0,wqp,1,validation,4,0.4,0.5,1346,575,0.45078491946099497,0.42719167904903416,0.023593240411960814
current_refined_fuzzy_v0,wqp,1,validation,5,0.5,0.6,1317,703,0.551920389745736,0.5337889141989369,0.01813147554679906
current_refined_fuzzy_v0,wqp,1,validation,6,0.6,0.7,1733,1194,0.6548852612889058,0.6889786497403346,0.03409338845142884
current_refined_fuzzy_v0,wqp,1,validation,7,0.7,0.8,2294,1772,0.7578514983453586,0.7724498692240628,0.014598370878704192
current_refined_fuzzy_v0,wqp,1,validation,8,0.8,0.9,1334,1218,0.842502279478971,0.9130434782608695,0.07054119878189846
current_refined_fuzzy_v0,wqp,1,validation,9,0.9,1.0,0,0,,,
current_refined_fuzzy_v0,all,2,test,0,0.0,0.1,79454,2866,0.03619862591914666,0.03607118584338108,0.0001274400757655808
current_refined_fuzzy_v0,all,2,test,1,0.1,0.2,11941,1771,0.14298992204403743,0.1483125366384725,0.00532261459443506
current_refined_fuzzy_v0,all,2,test,2,0.2,0.3,6604,1580,0.23800236414373918,0.23924894003634162,0.0012465758926024362
current_refined_fuzzy_v0,all,2,test,3,0.3,0.4,2936,1011,0.3422623003148298,0.34434604904632155,0.0020837487314917524
current_refined_fuzzy_v0,all,2,test,4,0.4,0.5,611,282,0.4443194298418049,0.46153846153846156,0.017219031696656673
current_refined_fuzzy_v0,all,2,test,5,0.5,0.6,11087,6859,0.565745297032164,0.6186524758726436,0.052907178840479574
current_refined_fuzzy_v0,all,2,test,6,0.6,0.7,3058,2396,0.6129234433804999,0.7835186396337476,0.1705951962532477
current_refined_fuzzy_v0,all,2,test,7,0.7,0.8,0,0,,,
current_refined_fuzzy_v0,all,2,test,8,0.8,0.9,0,0,,,
current_refined_fuzzy_v0,all,2,test,9,0.9,1.0,0,0,,,
current_refined_fuzzy_v0,aquamatch_chla,2,test,0,0.0,0.1,47109,1439,0.03210466837196794,0.030546180135430596,0.001558488236537342
current_refined_fuzzy_v0,aquamatch_chla,2,test,1,0.1,0.2,5634,769,0.14513248566250295,0.1364927227547036,0.008639762907799359
current_refined_fuzzy_v0,aquamatch_chla,2,test,2,0.2,0.3,3591,787,0.233816379985604,0.21915900863269283,0.014657371352911175
current_refined_fuzzy_v0,aquamatch_chla,2,test,3,0.3,0.4,1511,472,0.34096709552816057,0.3123759099933819,0.028591185534778685
current_refined_fuzzy_v0,aquamatch_chla,2,test,4,0.4,0.5,208,75,0.4173254835996634,0.3605769230769231,0.056748560522740354
current_refined_fuzzy_v0,aquamatch_chla,2,test,5,0.5,0.6,7064,4248,0.5664325390205921,0.6013590033975085,0.03492646437691638
current_refined_fuzzy_v0,aquamatch_chla,2,test,6,0.6,0.7,0,0,,,
current_refined_fuzzy_v0,aquamatch_chla,2,test,7,0.7,0.8,0,0,,,
current_refined_fuzzy_v0,aquamatch_chla,2,test,8,0.8,0.9,0,0,,,
current_refined_fuzzy_v0,aquamatch_chla,2,test,9,0.9,1.0,0,0,,,
current_refined_fuzzy_v0,lakebed_us_cse,2,test,0,0.0,0.1,104,3,0.048936343976308375,0.028846153846153848,0.020090190130154527
current_refined_fuzzy_v0,lakebed_us_cse,2,test,1,0.1,0.2,18,2,0.1348667211184019,0.1111111111111111,0.02375561000729079
current_refined_fuzzy_v0,lakebed_us_cse,2,test,2,0.2,0.3,9,2,0.236388753284739,0.2222222222222222,0.01416653106251678
current_refined_fuzzy_v0,lakebed_us_cse,2,test,3,0.3,0.4,4,0,0.3338176141477508,0.0,0.3338176141477508
current_refined_fuzzy_v0,lakebed_us_cse,2,test,4,0.4,0.5,13,11,0.4851043120413386,0.8461538461538461,0.36104953411250756
current_refined_fuzzy_v0,lakebed_us_cse,2,test,5,0.5,0.6,3,1,0.5723293079983991,0.3333333333333333,0.23899597466506578
current_refined_fuzzy_v0,lakebed_us_cse,2,test,6,0.6,0.7,0,0,,,
current_refined_fuzzy_v0,lakebed_us_cse,2,test,7,0.7,0.8,0,0,,,
current_refined_fuzzy_v0,lakebed_us_cse,2,test,8,0.8,0.9,0,0,,,
current_refined_fuzzy_v0,lakebed_us_cse,2,test,9,0.9,1.0,0,0,,,
current_refined_fuzzy_v0,wqp,2,test,0,0.0,0.1,32241,1424,0.042139431831249206,0.04416736453583946,0.0020279327045902504
current_refined_fuzzy_v0,wqp,2,test,1,0.1,0.2,6289,1000,0.14109375638816637,0.1590077913817777,0.017914034993611327
current_refined_fuzzy_v0,wqp,2,test,2,0.2,0.3,3004,791,0.24301114963295162,0.2633155792276964,0.020304429594744766
current_refined_fuzzy_v0,wqp,2,test,3,0.3,0.4,1421,539,0.34366330888437635,0.3793103448275862,0.03564703594320984
current_refined_fuzzy_v0,wqp,2,test,4,0.4,0.5,390,196,0.45735670509762916,0.5025641025641026,0.0452073974664734
current_refined_fuzzy_v0,wqp,2,test,5,0.5,0.6,4020,2610,0.5645327523955586,0.6492537313432836,0.08472097894772501
current_refined_fuzzy_v0,wqp,2,test,6,0.6,0.7,3058,2396,0.6129234433804999,0.7835186396337476,0.1705951962532477
current_refined_fuzzy_v0,wqp,2,test,7,0.7,0.8,0,0,,,
current_refined_fuzzy_v0,wqp,2,test,8,0.8,0.9,0,0,,,
current_refined_fuzzy_v0,wqp,2,test,9,0.9,1.0,0,0,,,
current_refined_fuzzy_v0,all,2,validation,0,0.0,0.1,109079,3955,0.03601296800239699,0.036258124845295614,0.0002451568428986223
current_refined_fuzzy_v0,all,2,validation,1,0.1,0.2,15542,2203,0.14343982955275386,0.141744949169991,0.001694880382762859
current_refined_fuzzy_v0,all,2,validation,2,0.2,0.3,8463,1967,0.2369342422036773,0.23242349048800662,0.004510751715670669
current_refined_fuzzy_v0,all,2,validation,3,0.3,0.4,3536,1175,0.34277838257449134,0.3322963800904977,0.010482002483993613
current_refined_fuzzy_v0,all,2,validation,4,0.4,0.5,602,257,0.435454132382847,0.4269102990033223,0.008543833379524746
current_refined_fuzzy_v0,all,2,validation,5,0.5,0.6,14701,8472,0.5656310541023111,0.5762873273926944,0.010656273290383322
current_refined_fuzzy_v0,all,2,validation,6,0.6,0.7,2293,1668,0.6146067462162889,0.7274313126907981,0.11282456647450922
current_refined_fuzzy_v0,all,2,validation,7,0.7,0.8,0,0,,,
current_refined_fuzzy_v0,all,2,validation,8,0.8,0.9,0,0,,,
current_refined_fuzzy_v0,all,2,validation,9,0.9,1.0,0,0,,,
current_refined_fuzzy_v0,aquamatch_chla,2,validation,0,0.0,0.1,77307,2471,0.032810448734454274,0.0319634703196347,0.0008469784148195728
current_refined_fuzzy_v0,aquamatch_chla,2,validation,1,0.1,0.2,9706,1266,0.14518447042208057,0.13043478260869565,0.014749687813384926
current_refined_fuzzy_v0,aquamatch_chla,2,validation,2,0.2,0.3,6017,1273,0.2346715803834523,0.21156722619245472,0.023104354190997572
current_refined_fuzzy_v0,aquamatch_chla,2,validation,3,0.3,0.4,2308,705,0.34255585899653124,0.3054592720970537,0.037096586899477535
current_refined_fuzzy_v0,aquamatch_chla,2,validation,4,0.4,0.5,310,102,0.4173254835996635,0.32903225806451614,0.08829322553514735
current_refined_fuzzy_v0,aquamatch_chla,2,validation,5,0.5,0.6,11088,6196,0.5664414499785357,0.5588023088023089,0.007639141176226882
current_refined_fuzzy_v0,aquamatch_chla,2,validation,6,0.6,0.7,0,0,,,
current_refined_fuzzy_v0,aquamatch_chla,2,validation,7,0.7,0.8,0,0,,,
current_refined_fuzzy_v0,aquamatch_chla,2,validation,8,0.8,0.9,0,0,,,
current_refined_fuzzy_v0,aquamatch_chla,2,validation,9,0.9,1.0,0,0,,,
current_refined_fuzzy_v0,lakebed_us_cse,2,validation,0,0.0,0.1,284,19,0.041632535723883764,0.06690140845070422,0.025268872726820456
current_refined_fuzzy_v0,lakebed_us_cse,2,validation,1,0.1,0.2,59,9,0.1458366204273171,0.15254237288135594,0.006705752454038844
current_refined_fuzzy_v0,lakebed_us_cse,2,validation,2,0.2,0.3,26,2,0.23578657563528818,0.07692307692307693,0.15886349871221125
current_refined_fuzzy_v0,lakebed_us_cse,2,validation,3,0.3,0.4,11,3,0.3161768986925815,0.2727272727272727,0.04344962596530877
current_refined_fuzzy_v0,lakebed_us_cse,2,validation,4,0.4,0.5,30,18,0.4823638312928789,0.6,0.11763616870712107
current_refined_fuzzy_v0,lakebed_us_cse,2,validation,5,0.5,0.6,17,3,0.5425176800688556,0.17647058823529413,0.36604709183356143
current_refined_fuzzy_v0,lakebed_us_cse,2,validation,6,0.6,0.7,3,1,0.6056204515806672,0.3333333333333333,0.2722871182473339
current_refined_fuzzy_v0,lakebed_us_cse,2,validation,7,0.7,0.8,0,0,,,
current_refined_fuzzy_v0,lakebed_us_cse,2,validation,8,0.8,0.9,0,0,,,
current_refined_fuzzy_v0,lakebed_us_cse,2,validation,9,0.9,1.0,0,0,,,
current_refined_fuzzy_v0,wqp,2,validation,0,0.0,0.1,31488,1465,0.04382487094364273,0.04652566056910569,0.0027007896254629613
current_refined_fuzzy_v0,wqp,2,validation,1,0.1,0.2,5777,928,0.1404841613963952,0.16063700882811147,0.020152847431716275
current_refined_fuzzy_v0,wqp,2,validation,2,0.2,0.3,2420,692,0.2425723725768475,0.2859504132231405,0.043378040646293026
current_refined_fuzzy_v0,wqp,2,validation,3,0.3,0.4,1217,467,0.3434408318272707,0.38373048479868527,0.04028965297141457
current_refined_fuzzy_v0,wqp,2,validation,4,0.4,0.5,262,137,0.4515327207625643,0.5229007633587787,0.07136804259621438
current_refined_fuzzy_v0,wqp,2,validation,5,0.5,0.6,3596,2273,0.5632415262610952,0.632091212458287,0.06884968619719178
current_refined_fuzzy_v0,wqp,2,validation,6,0.6,0.7,2290,1667,0.6146185186546762,0.7279475982532752,0.11332907959859895
current_refined_fuzzy_v0,wqp,2,validation,7,0.7,0.8,0,0,,,
current_refined_fuzzy_v0,wqp,2,validation,8,0.8,0.9,0,0,,,
current_refined_fuzzy_v0,wqp,2,validation,9,0.9,1.0,0,0,,,
current_refined_fuzzy_v0,all,3,test,0,0.0,0.1,76131,3847,0.05839196642960571,0.05053132101246536,0.00786064541714035
current_refined_fuzzy_v0,all,3,test,1,0.1,0.2,5077,917,0.1264587522807293,0.18061847547764429,0.05415972319691498
current_refined_fuzzy_v0,all,3,test,2,0.2,0.3,1977,541,0.2629401376420116,0.2736469398077896,0.010706802165778018
current_refined_fuzzy_v0,all,3,test,3,0.3,0.4,4913,1781,0.34914152716057023,0.3625076328109098,0.013366105650339577
current_refined_fuzzy_v0,all,3,test,4,0.4,0.5,3596,1858,0.44780555612529,0.5166852057842046,0.06887964965891463
current_refined_fuzzy_v0,all,3,test,5,0.5,0.6,3383,2075,0.5480635899558478,0.6133609222583506,0.06529733230250279
current_refined_fuzzy_v0,all,3,test,6,0.6,0.7,2621,1928,0.6485579643274281,0.7355971003433804,0.08703913601595237
current_refined_fuzzy_v0,all,3,test,7,0.7,0.8,1602,1335,0.7478280808822614,0.8333333333333334,0.08550525245107199
current_refined_fuzzy_v0,all,3,test,8,0.8,0.9,370,357,0.835012589135447,0.9648648648648649,0.12985227572941793
current_refined_fuzzy_v0,all,3,test,9,0.9,1.0,0,0,,,
current_refined_fuzzy_v0,aquamatch_chla,3,test,0,0.0,0.1,44972,2046,0.05670222519255356,0.04549497465089389,0.01120725054165967
current_refined_fuzzy_v0,aquamatch_chla,3,test,1,0.1,0.2,2332,416,0.12984439589006572,0.1783876500857633,0.04854325419569758
current_refined_fuzzy_v0,aquamatch_chla,3,test,2,0.2,0.3,803,195,0.26303778487715757,0.24283935242839352,0.020198432448764042
current_refined_fuzzy_v0,aquamatch_chla,3,test,3,0.3,0.4,2852,1042,0.3511490774076649,0.3653576437587658,0.014208566351100904
current_refined_fuzzy_v0,aquamatch_chla,3,test,4,0.4,0.5,1858,923,0.4489422895080487,0.4967707212055974,0.04782843169754869
current_refined_fuzzy_v0,aquamatch_chla,3,test,5,0.5,0.6,1796,1107,0.5462316811147089,0.6163697104677061,0.07013802935299718
current_refined_fuzzy_v0,aquamatch_chla,3,test,6,0.6,0.7,958,746,0.6411439662794076,0.778705636743215,0.1375616704638074
current_refined_fuzzy_v0,aquamatch_chla,3,test,7,0.7,0.8,260,214,0.7394138255773279,0.823076923076923,0.08366309749959511
current_refined_fuzzy_v0,aquamatch_chla,3,test,8,0.8,0.9,0,0,,,
current_refined_fuzzy_v0,aquamatch_chla,3,test,9,0.9,1.0,0,0,,,
current_refined_fuzzy_v0,lakebed_us_cse,3,test,0,0.0,0.1,115,6,0.05963112862005528,0.05217391304347826,0.007457215576577025
current_refined_fuzzy_v0,lakebed_us_cse,3,test,1,0.1,0.2,3,0,0.11939622408097773,0.0,0.11939622408097773
current_refined_fuzzy_v0,lakebed_us_cse,3,test,2,0.2,0.3,8,2,0.2703944644510077,0.25,0.020394464451007677
current_refined_fuzzy_v0,lakebed_us_cse,3,test,3,0.3,0.4,4,2,0.3756996404427923,0.5,0.1243003595572077
current_refined_fuzzy_v0,lakebed_us_cse,3,test,4,0.4,0.5,5,2,0.44487679635338323,0.4,0.04487679635338321
current_refined_fuzzy_v0,lakebed_us_cse,3,test,5,0.5,0.6,7,5,0.5693983729288358,0.7142857142857143,0.14488734135687853
current_refined_fuzzy_v0,lakebed_us_cse,3,test,6,0.6,0.7,1,0,0.644550246872332,0.0,0.644550246872332
current_refined_fuzzy_v0,lakebed_us_cse,3,test,7,0.7,0.8,0,0,,,
current_refined_fuzzy_v0,lakebed_us_cse,3,test,8,0.8,0.9,0,0,,,
current_refined_fuzzy_v0,lakebed_us_cse,3,test,9,0.9,1.0,0,0,,,
current_refined_fuzzy_v0,wqp,3,test,0,0.0,0.1,31044,1795,0.06083522565073727,0.057821157067388225,0.0030140685833490444
current_refined_fuzzy_v0,wqp,3,test,1,0.1,0.2,2742,501,0.12358707711210302,0.18271334792122537,0.05912627080912235
current_refined_fuzzy_v0,wqp,3,test,2,0.2,0.3,1166,344,0.2628217454084831,0.2950257289879931,0.03220398357951004
current_refined_fuzzy_v0,wqp,3,test,3,0.3,0.4,2057,737,0.3463064441475208,0.3582887700534759,0.011982325905955105
current_refined_fuzzy_v0,wqp,3,test,4,0.4,0.5,1733,933,0.44659528098027795,0.5383727639930755,0.09177748301279759
current_refined_fuzzy_v0,wqp,3,test,5,0.5,0.6,1580,963,0.5500514157772877,0.609493670886076,0.05944225510878831
current_refined_fuzzy_v0,wqp,3,test,6,0.6,0.7,1662,1182,0.6528339076772828,0.7111913357400722,0.05835742806278943
current_refined_fuzzy_v0,wqp,3,test,7,0.7,0.8,1342,1121,0.7494582644733812,0.8353204172876304,0.08586215281424925
current_refined_fuzzy_v0,wqp,3,test,8,0.8,0.9,370,357,0.835012589135447,0.9648648648648649,0.12985227572941793
current_refined_fuzzy_v0,wqp,3,test,9,0.9,1.0,0,0,,,
current_refined_fuzzy_v0,all,3,validation,0,0.0,0.1,107134,5351,0.058210647504896934,0.04994679560176975,0.008263851903127187
current_refined_fuzzy_v0,all,3,validation,1,0.1,0.2,6622,1213,0.1263984571209863,0.1831772878284506,0.05677883070746431
current_refined_fuzzy_v0,all,3,validation,2,0.2,0.3,2492,689,0.26265513389735673,0.27648475120385235,0.013829617306495623
current_refined_fuzzy_v0,all,3,validation,3,0.3,0.4,6578,2263,0.35003403807030387,0.3440255396777136,0.006008498392590267
current_refined_fuzzy_v0,all,3,validation,4,0.4,0.5,4433,2056,0.44835902570177766,0.46379427024588316,0.015435244544105498
current_refined_fuzzy_v0,all,3,validation,5,0.5,0.6,4137,2330,0.5480627737003935,0.5632100555958424,0.015147281895448894
current_refined_fuzzy_v0,all,3,validation,6,0.6,0.7,2927,2077,0.6465711558884796,0.7096002733173898,0.06302911742891026
current_refined_fuzzy_v0,all,3,validation,7,0.7,0.8,1402,1117,0.7470771209486416,0.796718972895863,0.04964185194722137
current_refined_fuzzy_v0,all,3,validation,8,0.8,0.9,313,281,0.835831633978232,0.8977635782747604,0.061931944296528374
current_refined_fuzzy_v0,all,3,validation,9,0.9,1.0,0,0,,,
current_refined_fuzzy_v0,aquamatch_chla,3,validation,0,0.0,0.1,76822,3549,0.05687908799447738,0.04619770378277056,0.010681384211706814
current_refined_fuzzy_v0,aquamatch_chla,3,validation,1,0.1,0.2,4112,748,0.12913069937272115,0.1819066147859922,0.05277591541327106
current_refined_fuzzy_v0,aquamatch_chla,3,validation,2,0.2,0.3,1378,347,0.2625716067908161,0.25181422351233673,0.01075738327847936
current_refined_fuzzy_v0,aquamatch_chla,3,validation,3,0.3,0.4,4605,1558,0.35208988667828356,0.3383279044516829,0.013761982226600633
current_refined_fuzzy_v0,aquamatch_chla,3,validation,4,0.4,0.5,2909,1315,0.44920850937647433,0.45204537641801307,0.0028368670415387376
current_refined_fuzzy_v0,aquamatch_chla,3,validation,5,0.5,0.6,2777,1564,0.5460999861065784,0.5631976953546993,0.01709770924812093
current_refined_fuzzy_v0,aquamatch_chla,3,validation,6,0.6,0.7,1478,1061,0.6421446351529326,0.7178619756427604,0.07571734048982781
current_refined_fuzzy_v0,aquamatch_chla,3,validation,7,0.7,0.8,382,308,0.737635541241269,0.806282722513089,0.06864718127182001
current_refined_fuzzy_v0,aquamatch_chla,3,validation,8,0.8,0.9,0,0,,,
current_refined_fuzzy_v0,aquamatch_chla,3,validation,9,0.9,1.0,0,0,,,
current_refined_fuzzy_v0,lakebed_us_cse,3,validation,0,0.0,0.1,307,21,0.05682595002979172,0.06840390879478828,0.011577958764996558
current_refined_fuzzy_v0,lakebed_us_cse,3,validation,1,0.1,0.2,27,1,0.12574421944382264,0.037037037037037035,0.0887071824067856
current_refined_fuzzy_v0,lakebed_us_cse,3,validation,2,0.2,0.3,27,9,0.26692932406103537,0.3333333333333333,0.06640400927229795
current_refined_fuzzy_v0,lakebed_us_cse,3,validation,3,0.3,0.4,26,6,0.34632836093190195,0.23076923076923078,0.11555913016267116
current_refined_fuzzy_v0,lakebed_us_cse,3,validation,4,0.4,0.5,15,4,0.45003367343663864,0.26666666666666666,0.18336700676997197
current_refined_fuzzy_v0,lakebed_us_cse,3,validation,5,0.5,0.6,12,8,0.5597816670686971,0.6666666666666666,0.10688499959796949
current_refined_fuzzy_v0,lakebed_us_cse,3,validation,6,0.6,0.7,6,2,0.6470357670637917,0.3333333333333333,0.3137024337304584
current_refined_fuzzy_v0,lakebed_us_cse,3,validation,7,0.7,0.8,1,0,0.7451984183024997,0.0,0.7451984183024997
current_refined_fuzzy_v0,lakebed_us_cse,3,validation,8,0.8,0.9,0,0,,,
current_refined_fuzzy_v0,lakebed_us_cse,3,validation,9,0.9,1.0,0,0,,,
current_refined_fuzzy_v0,wqp,3,validation,0,0.0,0.1,30005,1781,0.06163401583798502,0.0593567738710215,0.0022772419669635224
current_refined_fuzzy_v0,wqp,3,validation,1,0.1,0.2,2483,464,0.12188081083751857,0.18687072090213452,0.06498991006461595
current_refined_fuzzy_v0,wqp,3,validation,2,0.2,0.3,1087,333,0.26265485534942073,0.3063477460901564,0.04369289074073568
current_refined_fuzzy_v0,wqp,3,validation,3,0.3,0.4,1947,699,0.3452210769844549,0.35901386748844377,0.01379279050398885
current_refined_fuzzy_v0,wqp,3,validation,4,0.4,0.5,1509,737,0.4467047727357635,0.48840291583830353,0.04169814310254005
current_refined_fuzzy_v0,wqp,3,validation,5,0.5,0.6,1348,758,0.5520019683796253,0.5623145400593472,0.010312571679721882
current_refined_fuzzy_v0,wqp,3,validation,6,0.6,0.7,1443,1014,0.6511031101366337,0.7027027027027027,0.05159959256606905
current_refined_fuzzy_v0,wqp,3,validation,7,0.7,0.8,1019,809,0.7506183988199496,0.7939156035328754,0.04329720471292575
current_refined_fuzzy_v0,wqp,3,validation,8,0.8,0.9,313,281,0.835831633978232,0.8977635782747604,0.061931944296528374
current_refined_fuzzy_v0,wqp,3,validation,9,0.9,1.0,0,0,,,
