degradation_version,scenario_id,scenario_family,scenario_tier,scenario_status,seed,score_recomputed,fuzzy_state_rebuilt,labels_preserved,backtest_version,target_event,group_type,group_value,source_id,split,rollout_horizon_months,rows,threshold,positive_rows,positive_rate,predicted_positive_rows,predicted_positive_rate,tn,fp,fn,tp,precision,recall,specificity,macro_f1,pr_auc,roc_auc,brier
pipe_grud_raw_predictor_recomputed_degradation_v0,control_observed,control,core,evaluated,,True,False,True,pipe_grud_rollout_backtest_v0,bloom_h,overall,all,all,test,1,461,0.3,60,0.1301518438177874,9,0.019522776572668113,393,8,59,1,0.1111111111111111,0.016666666666666666,0.9800498753117207,0.47521960004757297,0.2961015668373517,0.6746467165419784,0.11060677777322672
pipe_grud_raw_predictor_recomputed_degradation_v0,control_observed,control,core,evaluated,,True,False,True,pipe_grud_rollout_backtest_v0,bloom_h,source,aquamatch_chla,aquamatch_chla,test,1,290,0.3,25,0.08620689655172414,0,0.0,265,0,25,0,0.0,0.0,1.0,0.4774774774774775,0.09798463562831379,0.5635471698113208,0.08051858331325298
pipe_grud_raw_predictor_recomputed_degradation_v0,control_observed,control,core,evaluated,,True,False,True,pipe_grud_rollout_backtest_v0,bloom_h,source,lakebed_us_cse,lakebed_us_cse,test,1,1,0.3,0,0.0,0,0.0,1,0,0,0,0.0,0.0,1.0,1.0,0.0,,0.005074694075950551
pipe_grud_raw_predictor_recomputed_degradation_v0,control_observed,control,core,evaluated,,True,False,True,pipe_grud_rollout_backtest_v0,bloom_h,source,wqp,wqp,test,1,170,0.3,35,0.20588235294117646,9,0.052941176470588235,127,8,34,1,0.1111111111111111,0.02857142857142857,0.9407407407407408,0.45178132678132676,0.4048471134051781,0.7088888888888889,0.16255447469728357
pipe_grud_raw_predictor_recomputed_degradation_v0,control_observed,control,core,evaluated,,True,False,True,pipe_grud_rollout_backtest_v0,bloom_h,overall,all,all,test,2,460,0.3180428134556575,62,0.13478260869565217,6,0.013043478260869565,396,2,58,4,0.6666666666666666,0.06451612903225806,0.9949748743718593,0.5236122618061309,0.3064961226549024,0.7255430377694927,0.11225002951854844
pipe_grud_raw_predictor_recomputed_degradation_v0,control_observed,control,core,evaluated,,True,False,True,pipe_grud_rollout_backtest_v0,bloom_h,source,aquamatch_chla,aquamatch_chla,test,2,290,0.3180428134556575,23,0.07931034482758621,0,0.0,267,0,23,0,0.0,0.0,1.0,0.4793536804308797,0.11403251614086296,0.6086142322097379,0.07376610732690256
pipe_grud_raw_predictor_recomputed_degradation_v0,control_observed,control,core,evaluated,,True,False,True,pipe_grud_rollout_backtest_v0,bloom_h,source,lakebed_us_cse,lakebed_us_cse,test,2,1,0.3180428134556575,0,0.0,0,0.0,1,0,0,0,0.0,0.0,1.0,1.0,0.0,,0.004511918858677072
pipe_grud_raw_predictor_recomputed_degradation_v0,control_observed,control,core,evaluated,,True,False,True,pipe_grud_rollout_backtest_v0,bloom_h,source,wqp,wqp,test,2,169,0.3180428134556575,39,0.23076923076923078,6,0.03550295857988166,128,2,35,4,0.6666666666666666,0.10256410256410256,0.9846153846153847,0.5257489571482745,0.37888803838461993,0.6785009861932939,0.17892503275072105
pipe_grud_raw_predictor_recomputed_degradation_v0,control_observed,control,core,evaluated,,True,False,True,pipe_grud_rollout_backtest_v0,bloom_h,overall,all,all,test,3,467,0.3,62,0.13276231263383298,9,0.019271948608137045,401,4,57,5,0.5555555555555556,0.08064516129032258,0.9901234567901235,0.5350807043885561,0.31129167347580877,0.7080645161290322,0.11001973796054672
pipe_grud_raw_predictor_recomputed_degradation_v0,control_observed,control,core,evaluated,,True,False,True,pipe_grud_rollout_backtest_v0,bloom_h,source,aquamatch_chla,aquamatch_chla,test,3,290,0.3,24,0.08275862068965517,0,0.0,266,0,24,0,0.0,0.0,1.0,0.4784172661870504,0.0879562411776568,0.5135494987468671,0.07799741156895244
pipe_grud_raw_predictor_recomputed_degradation_v0,control_observed,control,core,evaluated,,True,False,True,pipe_grud_rollout_backtest_v0,bloom_h,source,lakebed_us_cse,lakebed_us_cse,test,3,1,0.3,0,0.0,0,0.0,1,0,0,0,0.0,0.0,1.0,1.0,0.0,,0.003936947327950788
pipe_grud_raw_predictor_recomputed_degradation_v0,control_observed,control,core,evaluated,,True,False,True,pipe_grud_rollout_backtest_v0,bloom_h,source,wqp,wqp,test,3,176,0.3,38,0.2159090909090909,9,0.05113636363636364,134,4,33,5,0.5555555555555556,0.13157894736842105,0.9710144927536232,0.5457272410184862,0.4079864000689772,0.7240655987795576,0.16338654162074528
pipe_grud_raw_predictor_recomputed_degradation_v0,control_observed,control,core,evaluated,,True,False,True,pipe_grud_rollout_backtest_v0,irc_alert,overall,all,all,test,1,512,0.5,196,0.3828125,108,0.2109375,299,17,105,91,0.8425925925925926,0.4642857142857143,0.9462025316455697,0.7146198830409357,0.5962818287037037,0.7052441229656421,0.23828125
pipe_grud_raw_predictor_recomputed_degradation_v0,control_observed,control,core,evaluated,,True,False,True,pipe_grud_rollout_backtest_v0,irc_alert,source,aquamatch_chla,aquamatch_chla,test,1,290,0.5,68,0.23448275862068965,0,0.0,222,0,68,0,0.0,0.0,1.0,0.43359375,0.23448275862068965,0.5,0.23448275862068965
pipe_grud_raw_predictor_recomputed_degradation_v0,control_observed,control,core,evaluated,,True,False,True,pipe_grud_rollout_backtest_v0,irc_alert,source,lakebed_us_cse,lakebed_us_cse,test,1,1,0.5,1,1.0,0,0.0,0,0,1,0,0.0,0.0,,0.0,1.0,,1.0
pipe_grud_raw_predictor_recomputed_degradation_v0,control_observed,control,core,evaluated,,True,False,True,pipe_grud_rollout_backtest_v0,irc_alert,source,wqp,wqp,test,1,221,0.5,127,0.5746606334841629,108,0.48868778280542985,77,17,36,91,0.8425925925925926,0.7165354330708661,0.8191489361702128,0.7592147188816939,0.7666433758374471,0.7678421846205394,0.2398190045248869
pipe_grud_raw_predictor_recomputed_degradation_v0,control_observed,control,core,evaluated,,True,False,True,pipe_grud_rollout_backtest_v0,irc_alert,overall,all,all,test,2,512,0.5,201,0.392578125,87,0.169921875,293,18,132,69,0.7931034482758621,0.34328358208955223,0.9421221864951769,0.6376811594202899,0.5300718926917138,0.6427028842923644,0.29296875
pipe_grud_raw_predictor_recomputed_degradation_v0,control_observed,control,core,evaluated,,True,False,True,pipe_grud_rollout_backtest_v0,irc_alert,source,aquamatch_chla,aquamatch_chla,test,2,290,0.5,72,0.2482758620689655,0,0.0,218,0,72,0,0.0,0.0,1.0,0.42913385826771655,0.2482758620689655,0.5,0.2482758620689655
pipe_grud_raw_predictor_recomputed_degradation_v0,control_observed,control,core,evaluated,,True,False,True,pipe_grud_rollout_backtest_v0,irc_alert,source,lakebed_us_cse,lakebed_us_cse,test,2,1,0.5,1,1.0,0,0.0,0,0,1,0,0.0,0.0,,0.0,1.0,,1.0
pipe_grud_raw_predictor_recomputed_degradation_v0,control_observed,control,core,evaluated,,True,False,True,pipe_grud_rollout_backtest_v0,irc_alert,source,wqp,wqp,test,2,221,0.5,128,0.579185520361991,87,0.3936651583710407,75,18,59,69,0.7931034482758621,0.5390625,0.8064516129032258,0.6513267083290646,0.6945006533780622,0.6727570564516129,0.34841628959276016
pipe_grud_raw_predictor_recomputed_degradation_v0,control_observed,control,core,evaluated,,True,False,True,pipe_grud_rollout_backtest_v0,irc_alert,overall,all,all,test,3,512,0.5,188,0.3671875,73,0.142578125,312,12,127,61,0.8356164383561644,0.324468085106383,0.9629629629629629,0.6426286638244879,0.5191777406368405,0.6437155240346731,0.271484375
pipe_grud_raw_predictor_recomputed_degradation_v0,control_observed,control,core,evaluated,,True,False,True,pipe_grud_rollout_backtest_v0,irc_alert,source,aquamatch_chla,aquamatch_chla,test,3,290,0.5,62,0.21379310344827587,0,0.0,228,0,62,0,0.0,0.0,1.0,0.44015444015444016,0.21379310344827587,0.5,0.21379310344827587
pipe_grud_raw_predictor_recomputed_degradation_v0,control_observed,control,core,evaluated,,True,False,True,pipe_grud_rollout_backtest_v0,irc_alert,source,lakebed_us_cse,lakebed_us_cse,test,3,1,0.5,1,1.0,0,0.0,0,0,1,0,0.0,0.0,,0.0,1.0,,1.0
pipe_grud_raw_predictor_recomputed_degradation_v0,control_observed,control,core,evaluated,,True,False,True,pipe_grud_rollout_backtest_v0,irc_alert,source,wqp,wqp,test,3,221,0.5,125,0.5656108597285068,73,0.33031674208144796,84,12,64,61,0.8356164383561644,0.488,0.875,0.6523431031627753,0.6973735820988037,0.6815,0.3438914027149321
pipe_grud_raw_predictor_recomputed_degradation_v0,ablate_nutrients,feature_family_ablation,core,evaluated,,True,True,True,pipe_grud_rollout_backtest_v0,bloom_h,overall,all,all,test,1,461,0.3,60,0.1301518438177874,3,0.006507592190889371,399,2,59,1,0.3333333333333333,0.016666666666666666,0.9950124688279302,0.4803666130790694,0.20753266324571826,0.6298004987531172,0.11263574290968727
pipe_grud_raw_predictor_recomputed_degradation_v0,ablate_nutrients,feature_family_ablation,core,evaluated,,True,True,True,pipe_grud_rollout_backtest_v0,bloom_h,source,aquamatch_chla,aquamatch_chla,test,1,290,0.3,25,0.08620689655172414,0,0.0,265,0,25,0,0.0,0.0,1.0,0.4774774774774775,0.09798463562831379,0.5635471698113208,0.08051858331325298
pipe_grud_raw_predictor_recomputed_degradation_v0,ablate_nutrients,feature_family_ablation,core,evaluated,,True,True,True,pipe_grud_rollout_backtest_v0,bloom_h,source,lakebed_us_cse,lakebed_us_cse,test,1,1,0.3,0,0.0,0,0.0,1,0,0,0,0.0,0.0,1.0,1.0,0.0,,0.005074694075950551
pipe_grud_raw_predictor_recomputed_degradation_v0,ablate_nutrients,feature_family_ablation,core,evaluated,,True,True,True,pipe_grud_rollout_backtest_v0,bloom_h,source,wqp,wqp,test,1,170,0.3,35,0.20588235294117646,3,0.01764705882352941,133,2,34,1,0.3333333333333333,0.02857142857142857,0.9851851851851852,0.4667131404670617,0.26285725361106776,0.5993650793650793,0.16805655074380305
pipe_grud_raw_predictor_recomputed_degradation_v0,ablate_nutrients,feature_family_ablation,core,evaluated,,True,True,True,pipe_grud_rollout_backtest_v0,bloom_h,overall,all,all,test,2,460,0.3180428134556575,62,0.13478260869565217,0,0.0,398,0,62,0,0.0,0.0,1.0,0.46386946386946387,0.24892094069912352,0.6647147025449831,0.11596275290161646
pipe_grud_raw_predictor_recomputed_degradation_v0,ablate_nutrients,feature_family_ablation,core,evaluated,,True,True,True,pipe_grud_rollout_backtest_v0,bloom_h,source,aquamatch_chla,aquamatch_chla,test,2,290,0.3180428134556575,23,0.07931034482758621,0,0.0,267,0,23,0,0.0,0.0,1.0,0.4793536804308797,0.11403251614086296,0.6086142322097379,0.07376610732690256
pipe_grud_raw_predictor_recomputed_degradation_v0,ablate_nutrients,feature_family_ablation,core,evaluated,,True,True,True,pipe_grud_rollout_backtest_v0,bloom_h,source,lakebed_us_cse,lakebed_us_cse,test,2,1,0.3180428134556575,0,0.0,0,0.0,1,0,0,0,0.0,0.0,1.0,1.0,0.0,,0.004511918858677072
pipe_grud_raw_predictor_recomputed_degradation_v0,ablate_nutrients,feature_family_ablation,core,evaluated,,True,True,True,pipe_grud_rollout_backtest_v0,bloom_h,source,wqp,wqp,test,2,169,0.3180428134556575,39,0.23076923076923078,0,0.0,130,0,39,0,0.0,0.0,1.0,0.43478260869565216,0.3057282185082259,0.5727810650887574,0.1890306703614388
pipe_grud_raw_predictor_recomputed_degradation_v0,ablate_nutrients,feature_family_ablation,core,evaluated,,True,True,True,pipe_grud_rollout_backtest_v0,bloom_h,overall,all,all,test,3,467,0.3,62,0.13276231263383298,0,0.0,405,0,62,0,0.0,0.0,1.0,0.4644495412844037,0.25685493391579817,0.6614695340501793,0.11498339502215749
pipe_grud_raw_predictor_recomputed_degradation_v0,ablate_nutrients,feature_family_ablation,core,evaluated,,True,True,True,pipe_grud_rollout_backtest_v0,bloom_h,source,aquamatch_chla,aquamatch_chla,test,3,290,0.3,24,0.08275862068965517,0,0.0,266,0,24,0,0.0,0.0,1.0,0.4784172661870504,0.0879562411776568,0.5135494987468671,0.07799741156895244
pipe_grud_raw_predictor_recomputed_degradation_v0,ablate_nutrients,feature_family_ablation,core,evaluated,,True,True,True,pipe_grud_rollout_backtest_v0,bloom_h,source,lakebed_us_cse,lakebed_us_cse,test,3,1,0.3,0,0.0,0,0.0,1,0,0,0,0.0,0.0,1.0,1.0,0.0,,0.003936947327950788
pipe_grud_raw_predictor_recomputed_degradation_v0,ablate_nutrients,feature_family_ablation,core,evaluated,,True,True,True,pipe_grud_rollout_backtest_v0,bloom_h,source,wqp,wqp,test,3,176,0.3,38,0.2159090909090909,0,0.0,138,0,38,0,0.0,0.0,1.0,0.4394904458598726,0.328340225257801,0.6067887109077041,0.17655715439217834
pipe_grud_raw_predictor_recomputed_degradation_v0,ablate_nutrients,feature_family_ablation,core,evaluated,,True,True,True,pipe_grud_rollout_backtest_v0,irc_alert,overall,all,all,test,1,512,0.5,196,0.3828125,119,0.232421875,295,21,98,98,0.8235294117647058,0.5,0.9335443037974683,0.7271900955963015,0.6031709558823529,0.7167721518987341,0.232421875
pipe_grud_raw_predictor_recomputed_degradation_v0,ablate_nutrients,feature_family_ablation,core,evaluated,,True,True,True,pipe_grud_rollout_backtest_v0,irc_alert,source,aquamatch_chla,aquamatch_chla,test,1,290,0.5,68,0.23448275862068965,0,0.0,222,0,68,0,0.0,0.0,1.0,0.43359375,0.23448275862068965,0.5,0.23448275862068965
pipe_grud_raw_predictor_recomputed_degradation_v0,ablate_nutrients,feature_family_ablation,core,evaluated,,True,True,True,pipe_grud_rollout_backtest_v0,irc_alert,source,lakebed_us_cse,lakebed_us_cse,test,1,1,0.5,1,1.0,0,0.0,0,0,1,0,0.0,0.0,,0.0,1.0,,1.0
pipe_grud_raw_predictor_recomputed_degradation_v0,ablate_nutrients,feature_family_ablation,core,evaluated,,True,True,True,pipe_grud_rollout_backtest_v0,irc_alert,source,wqp,wqp,test,1,221,0.5,127,0.5746606334841629,119,0.5384615384615384,73,21,29,98,0.8235294117647058,0.7716535433070866,0.776595744680851,0.7708229633316741,0.7667011080628495,0.7741246439939689,0.22624434389140272
pipe_grud_raw_predictor_recomputed_degradation_v0,ablate_nutrients,feature_family_ablation,core,evaluated,,True,True,True,pipe_grud_rollout_backtest_v0,irc_alert,overall,all,all,test,2,512,0.5,201,0.392578125,92,0.1796875,290,21,130,71,0.7717391304347826,0.35323383084577115,0.932475884244373,0.6390376453780179,0.5265106194570626,0.6428548575450721,0.294921875
pipe_grud_raw_predictor_recomputed_degradation_v0,ablate_nutrients,feature_family_ablation,core,evaluated,,True,True,True,pipe_grud_rollout_backtest_v0,irc_alert,source,aquamatch_chla,aquamatch_chla,test,2,290,0.5,72,0.2482758620689655,0,0.0,218,0,72,0,0.0,0.0,1.0,0.42913385826771655,0.2482758620689655,0.5,0.2482758620689655
pipe_grud_raw_predictor_recomputed_degradation_v0,ablate_nutrients,feature_family_ablation,core,evaluated,,True,True,True,pipe_grud_rollout_backtest_v0,irc_alert,source,lakebed_us_cse,lakebed_us_cse,test,2,1,0.5,1,1.0,0,0.0,0,0,1,0,0.0,0.0,,0.0,1.0,,1.0
pipe_grud_raw_predictor_recomputed_degradation_v0,ablate_nutrients,feature_family_ablation,core,evaluated,,True,True,True,pipe_grud_rollout_backtest_v0,irc_alert,source,wqp,wqp,test,2,221,0.5,128,0.579185520361991,92,0.416289592760181,72,21,57,71,0.7717391304347826,0.5546875,0.7741935483870968,0.6470515970515971,0.6859926009492425,0.6644405241935484,0.35294117647058826
pipe_grud_raw_predictor_recomputed_degradation_v0,ablate_nutrients,feature_family_ablation,core,evaluated,,True,True,True,pipe_grud_rollout_backtest_v0,irc_alert,overall,all,all,test,3,512,0.5,188,0.3671875,68,0.1328125,309,15,135,53,0.7794117647058824,0.28191489361702127,0.9537037037037037,0.609375,0.48339965973091364,0.6178092986603625,0.29296875
pipe_grud_raw_predictor_recomputed_degradation_v0,ablate_nutrients,feature_family_ablation,core,evaluated,,True,True,True,pipe_grud_rollout_backtest_v0,irc_alert,source,aquamatch_chla,aquamatch_chla,test,3,290,0.5,62,0.21379310344827587,0,0.0,228,0,62,0,0.0,0.0,1.0,0.44015444015444016,0.21379310344827587,0.5,0.21379310344827587
pipe_grud_raw_predictor_recomputed_degradation_v0,ablate_nutrients,feature_family_ablation,core,evaluated,,True,True,True,pipe_grud_rollout_backtest_v0,irc_alert,source,lakebed_us_cse,lakebed_us_cse,test,3,1,0.5,1,1.0,0,0.0,0,0,1,0,0.0,0.0,,0.0,1.0,,1.0
pipe_grud_raw_predictor_recomputed_degradation_v0,ablate_nutrients,feature_family_ablation,core,evaluated,,True,True,True,pipe_grud_rollout_backtest_v0,irc_alert,source,wqp,wqp,test,3,221,0.5,125,0.5656108597285068,68,0.3076923076923077,81,15,72,53,0.7794117647058824,0.424,0.84375,0.5999126037830076,0.656262443438914,0.633875,0.3936651583710407
pipe_grud_raw_predictor_recomputed_degradation_v0,ablate_light,feature_family_ablation,core,evaluated,,True,True,True,pipe_grud_rollout_backtest_v0,bloom_h,overall,all,all,test,1,461,0.3,60,0.1301518438177874,5,0.010845986984815618,397,4,59,1,0.2,0.016666666666666666,0.9900249376558603,0.4786284893636119,0.21908593550251212,0.650498753117207,0.11691669809985812
pipe_grud_raw_predictor_recomputed_degradation_v0,ablate_light,feature_family_ablation,core,evaluated,,True,True,True,pipe_grud_rollout_backtest_v0,bloom_h,source,aquamatch_chla,aquamatch_chla,test,1,290,0.3,25,0.08620689655172414,0,0.0,265,0,25,0,0.0,0.0,1.0,0.4774774774774775,0.09798463562831379,0.5635471698113208,0.08051858331325298
pipe_grud_raw_predictor_recomputed_degradation_v0,ablate_light,feature_family_ablation,core,evaluated,,True,True,True,pipe_grud_rollout_backtest_v0,bloom_h,source,lakebed_us_cse,lakebed_us_cse,test,1,1,0.3,0,0.0,0,0.0,1,0,0,0,0.0,0.0,1.0,1.0,0.0,,0.005074694075950551
pipe_grud_raw_predictor_recomputed_degradation_v0,ablate_light,feature_family_ablation,core,evaluated,,True,True,True,pipe_grud_rollout_backtest_v0,bloom_h,source,wqp,wqp,test,1,170,0.3,35,0.20588235294117646,5,0.029411764705882353,131,4,34,1,0.2,0.02857142857142857,0.9703703703703703,0.46166666666666667,0.2861865259988546,0.6344973544973544,0.17966549393597223
pipe_grud_raw_predictor_recomputed_degradation_v0,ablate_light,feature_family_ablation,core,evaluated,,True,True,True,pipe_grud_rollout_backtest_v0,bloom_h,overall,all,all,test,2,460,0.3180428134556575,62,0.13478260869565217,4,0.008695652173913044,396,2,60,2,0.5,0.03225806451612903,0.9949748743718593,0.4940032644950678,0.26880786372753795,0.699161128221754,0.11756935352224453
pipe_grud_raw_predictor_recomputed_degradation_v0,ablate_light,feature_family_ablation,core,evaluated,,True,True,True,pipe_grud_rollout_backtest_v0,bloom_h,source,aquamatch_chla,aquamatch_chla,test,2,290,0.3180428134556575,23,0.07931034482758621,0,0.0,267,0,23,0,0.0,0.0,1.0,0.4793536804308797,0.11403251614086296,0.6086142322097379,0.07376610732690256
pipe_grud_raw_predictor_recomputed_degradation_v0,ablate_light,feature_family_ablation,core,evaluated,,True,True,True,pipe_grud_rollout_backtest_v0,bloom_h,source,lakebed_us_cse,lakebed_us_cse,test,2,1,0.3180428134556575,0,0.0,0,0.0,1,0,0,0,0.0,0.0,1.0,1.0,0.0,,0.0049873918733441824
pipe_grud_raw_predictor_recomputed_degradation_v0,ablate_light,feature_family_ablation,core,evaluated,,True,True,True,pipe_grud_rollout_backtest_v0,bloom_h,source,wqp,wqp,test,2,169,0.3180428134556575,39,0.23076923076923078,4,0.023668639053254437,128,2,37,2,0.5,0.05128205128205128,0.9846153846153847,0.4804099329917225,0.33672808180920455,0.6454635108481263,0.19340085268377155
pipe_grud_raw_predictor_recomputed_degradation_v0,ablate_light,feature_family_ablation,core,evaluated,,True,True,True,pipe_grud_rollout_backtest_v0,bloom_h,overall,all,all,test,3,467,0.3,62,0.13276231263383298,1,0.0021413276231263384,405,0,61,1,1.0,0.016129032258064516,1.0,0.4808557942886301,0.25657891962020657,0.6799482277976902,0.11776921690504037
pipe_grud_raw_predictor_recomputed_degradation_v0,ablate_light,feature_family_ablation,core,evaluated,,True,True,True,pipe_grud_rollout_backtest_v0,bloom_h,source,aquamatch_chla,aquamatch_chla,test,3,290,0.3,24,0.08275862068965517,0,0.0,266,0,24,0,0.0,0.0,1.0,0.4784172661870504,0.0879562411776568,0.5135494987468671,0.07799741156895244
pipe_grud_raw_predictor_recomputed_degradation_v0,ablate_light,feature_family_ablation,core,evaluated,,True,True,True,pipe_grud_rollout_backtest_v0,bloom_h,source,lakebed_us_cse,lakebed_us_cse,test,3,1,0.3,0,0.0,0,0.0,1,0,0,0,0.0,0.0,1.0,1.0,0.0,,0.00498229048539724
pipe_grud_raw_predictor_recomputed_degradation_v0,ablate_light,feature_family_ablation,core,evaluated,,True,True,True,pipe_grud_rollout_backtest_v0,bloom_h,source,wqp,wqp,test,3,176,0.3,38,0.2159090909090909,1,0.005681818181818182,138,0,37,1,1.0,0.02631578947368421,1.0,0.4665355943311215,0.3369154755355581,0.6600877192982455,0.18394314005211507
pipe_grud_raw_predictor_recomputed_degradation_v0,ablate_light,feature_family_ablation,core,evaluated,,True,True,True,pipe_grud_rollout_backtest_v0,irc_alert,overall,all,all,test,1,512,0.5,196,0.3828125,76,0.1484375,307,9,129,67,0.881578947368421,0.34183673469387754,0.9715189873417721,0.6545682102628285,0.5533091937432868,0.6566778610178248,0.26953125
pipe_grud_raw_predictor_recomputed_degradation_v0,ablate_light,feature_family_ablation,core,evaluated,,True,True,True,pipe_grud_rollout_backtest_v0,irc_alert,source,aquamatch_chla,aquamatch_chla,test,1,290,0.5,68,0.23448275862068965,0,0.0,222,0,68,0,0.0,0.0,1.0,0.43359375,0.23448275862068965,0.5,0.23448275862068965
pipe_grud_raw_predictor_recomputed_degradation_v0,ablate_light,feature_family_ablation,core,evaluated,,True,True,True,pipe_grud_rollout_backtest_v0,irc_alert,source,lakebed_us_cse,lakebed_us_cse,test,1,1,0.5,1,1.0,0,0.0,0,0,1,0,0.0,0.0,,0.0,1.0,,1.0
pipe_grud_raw_predictor_recomputed_degradation_v0,ablate_light,feature_family_ablation,core,evaluated,,True,True,True,pipe_grud_rollout_backtest_v0,irc_alert,source,wqp,wqp,test,1,221,0.5,127,0.5746606334841629,76,0.3438914027149321,85,9,60,67,0.881578947368421,0.5275590551181102,0.9042553191489362,0.6856977966485973,0.7365781691553857,0.7159071871335232,0.31221719457013575
pipe_grud_raw_predictor_recomputed_degradation_v0,ablate_light,feature_family_ablation,core,evaluated,,True,True,True,pipe_grud_rollout_backtest_v0,irc_alert,overall,all,all,test,2,512,0.5,201,0.392578125,48,0.09375,300,11,164,37,0.7708333333333334,0.18407960199004975,0.9646302250803859,0.5356911517035885,0.4622071932006634,0.5743549135352177,0.341796875
pipe_grud_raw_predictor_recomputed_degradation_v0,ablate_light,feature_family_ablation,core,evaluated,,True,True,True,pipe_grud_rollout_backtest_v0,irc_alert,source,aquamatch_chla,aquamatch_chla,test,2,290,0.5,72,0.2482758620689655,0,0.0,218,0,72,0,0.0,0.0,1.0,0.42913385826771655,0.2482758620689655,0.5,0.2482758620689655
pipe_grud_raw_predictor_recomputed_degradation_v0,ablate_light,feature_family_ablation,core,evaluated,,True,True,True,pipe_grud_rollout_backtest_v0,irc_alert,source,lakebed_us_cse,lakebed_us_cse,test,2,1,0.5,1,1.0,0,0.0,0,0,1,0,0.0,0.0,,0.0,1.0,,1.0
pipe_grud_raw_predictor_recomputed_degradation_v0,ablate_light,feature_family_ablation,core,evaluated,,True,True,True,pipe_grud_rollout_backtest_v0,irc_alert,source,wqp,wqp,test,2,221,0.5,128,0.579185520361991,48,0.2171945701357466,82,11,91,37,0.7708333333333334,0.2890625,0.8817204301075269,0.5184979494190021,0.6345837162990197,0.5853914650537634,0.46153846153846156
pipe_grud_raw_predictor_recomputed_degradation_v0,ablate_light,feature_family_ablation,core,evaluated,,True,True,True,pipe_grud_rollout_backtest_v0,irc_alert,overall,all,all,test,3,512,0.5,188,0.3671875,25,0.048828125,320,4,167,21,0.84,0.11170212765957446,0.9876543209876543,0.49316614855594726,0.42000166223404256,0.5496782243236144,0.333984375
pipe_grud_raw_predictor_recomputed_degradation_v0,ablate_light,feature_family_ablation,core,evaluated,,True,True,True,pipe_grud_rollout_backtest_v0,irc_alert,source,aquamatch_chla,aquamatch_chla,test,3,290,0.5,62,0.21379310344827587,0,0.0,228,0,62,0,0.0,0.0,1.0,0.44015444015444016,0.21379310344827587,0.5,0.21379310344827587
pipe_grud_raw_predictor_recomputed_degradation_v0,ablate_light,feature_family_ablation,core,evaluated,,True,True,True,pipe_grud_rollout_backtest_v0,irc_alert,source,lakebed_us_cse,lakebed_us_cse,test,3,1,0.5,1,1.0,0,0.0,0,0,1,0,0.0,0.0,,0.0,1.0,,1.0
pipe_grud_raw_predictor_recomputed_degradation_v0,ablate_light,feature_family_ablation,core,evaluated,,True,True,True,pipe_grud_rollout_backtest_v0,irc_alert,source,wqp,wqp,test,3,221,0.5,125,0.5656108597285068,25,0.11312217194570136,92,4,104,21,0.84,0.168,0.9583333333333334,0.4550684931506849,0.6117082352941177,0.5631666666666666,0.48868778280542985
pipe_grud_raw_predictor_recomputed_degradation_v0,random_dropout_mcar_25,random_value_dropout,core,evaluated,20260612,True,True,True,pipe_grud_rollout_backtest_v0,bloom_h,overall,all,all,test,1,461,0.3,60,0.1301518438177874,10,0.021691973969631236,395,6,56,4,0.4,0.06666666666666667,0.9850374064837906,0.5207578806170355,0.26306789325397634,0.6749168744804654,0.11178389109924806
pipe_grud_raw_predictor_recomputed_degradation_v0,random_dropout_mcar_25,random_value_dropout,core,evaluated,20260612,True,True,True,pipe_grud_rollout_backtest_v0,bloom_h,source,aquamatch_chla,aquamatch_chla,test,1,290,0.3,25,0.08620689655172414,0,0.0,265,0,25,0,0.0,0.0,1.0,0.4774774774774775,0.09798463562831379,0.5635471698113208,0.08051858331325298
pipe_grud_raw_predictor_recomputed_degradation_v0,random_dropout_mcar_25,random_value_dropout,core,evaluated,20260612,True,True,True,pipe_grud_rollout_backtest_v0,bloom_h,source,lakebed_us_cse,lakebed_us_cse,test,1,1,0.3,0,0.0,0,0.0,1,0,0,0,0.0,0.0,1.0,1.0,0.0,,0.005074694075950551
pipe_grud_raw_predictor_recomputed_degradation_v0,random_dropout_mcar_25,random_value_dropout,core,evaluated,20260612,True,True,True,pipe_grud_rollout_backtest_v0,bloom_h,source,wqp,wqp,test,1,170,0.3,35,0.20588235294117646,10,0.058823529411764705,129,6,31,4,0.4,0.11428571428571428,0.9555555555555556,0.5261770244821092,0.3481024460438789,0.6926984126984126,0.16574652906961196
pipe_grud_raw_predictor_recomputed_degradation_v0,random_dropout_mcar_25,random_value_dropout,core,evaluated,20260612,True,True,True,pipe_grud_rollout_backtest_v0,bloom_h,overall,all,all,test,2,460,0.3180428134556575,62,0.13478260869565217,12,0.02608695652173913,391,7,57,5,0.4166666666666667,0.08064516129032258,0.9824120603015075,0.5297425084659128,0.29979732599133524,0.7123723455989626,0.11286669233816718
pipe_grud_raw_predictor_recomputed_degradation_v0,random_dropout_mcar_25,random_value_dropout,core,evaluated,20260612,True,True,True,pipe_grud_rollout_backtest_v0,bloom_h,source,aquamatch_chla,aquamatch_chla,test,2,290,0.3180428134556575,23,0.07931034482758621,0,0.0,267,0,23,0,0.0,0.0,1.0,0.4793536804308797,0.11403251614086296,0.6086142322097379,0.07376610732690256
pipe_grud_raw_predictor_recomputed_degradation_v0,random_dropout_mcar_25,random_value_dropout,core,evaluated,20260612,True,True,True,pipe_grud_rollout_backtest_v0,bloom_h,source,lakebed_us_cse,lakebed_us_cse,test,2,1,0.3180428134556575,0,0.0,0,0.0,1,0,0,0,0.0,0.0,1.0,1.0,0.0,,0.007190044420926707
pipe_grud_raw_predictor_recomputed_degradation_v0,random_dropout_mcar_25,random_value_dropout,core,evaluated,20260612,True,True,True,pipe_grud_rollout_backtest_v0,bloom_h,source,wqp,wqp,test,2,169,0.3180428134556575,39,0.23076923076923078,12,0.07100591715976332,123,7,34,5,0.4166666666666667,0.1282051282051282,0.9461538461538461,0.5266106442577031,0.3737470495671413,0.6477317554240631,0.18058767636884154
pipe_grud_raw_predictor_recomputed_degradation_v0,random_dropout_mcar_25,random_value_dropout,core,evaluated,20260612,True,True,True,pipe_grud_rollout_backtest_v0,bloom_h,overall,all,all,test,3,467,0.3,62,0.13276231263383298,12,0.02569593147751606,401,4,54,8,0.6666666666666666,0.12903225806451613,0.9901234567901235,0.57438717787555,0.3438767406824256,0.7057347670250895,0.10804535247017957
pipe_grud_raw_predictor_recomputed_degradation_v0,random_dropout_mcar_25,random_value_dropout,core,evaluated,20260612,True,True,True,pipe_grud_rollout_backtest_v0,bloom_h,source,aquamatch_chla,aquamatch_chla,test,3,290,0.3,24,0.08275862068965517,0,0.0,266,0,24,0,0.0,0.0,1.0,0.4784172661870504,0.0879562411776568,0.5135494987468671,0.07799741156895244
pipe_grud_raw_predictor_recomputed_degradation_v0,random_dropout_mcar_25,random_value_dropout,core,evaluated,20260612,True,True,True,pipe_grud_rollout_backtest_v0,bloom_h,source,lakebed_us_cse,lakebed_us_cse,test,3,1,0.3,0,0.0,0,0.0,1,0,0,0,0.0,0.0,1.0,1.0,0.0,,0.007143603771488008
pipe_grud_raw_predictor_recomputed_degradation_v0,random_dropout_mcar_25,random_value_dropout,core,evaluated,20260612,True,True,True,pipe_grud_rollout_backtest_v0,bloom_h,source,wqp,wqp,test,3,176,0.3,38,0.2159090909090909,12,0.06818181818181818,134,4,30,8,0.6666666666666666,0.21052631578947367,0.9710144927536232,0.6037086092715231,0.4635207842019947,0.7269260106788711,0.1581294695727623
pipe_grud_raw_predictor_recomputed_degradation_v0,random_dropout_mcar_25,random_value_dropout,core,evaluated,20260612,True,True,True,pipe_grud_rollout_backtest_v0,irc_alert,overall,all,all,test,1,512,0.5,196,0.3828125,99,0.193359375,301,15,112,84,0.8484848484848485,0.42857142857142855,0.9525316455696202,0.6976401385692033,0.5823863636363636,0.6905515370705244,0.248046875
pipe_grud_raw_predictor_recomputed_degradation_v0,random_dropout_mcar_25,random_value_dropout,core,evaluated,20260612,True,True,True,pipe_grud_rollout_backtest_v0,irc_alert,source,aquamatch_chla,aquamatch_chla,test,1,290,0.5,68,0.23448275862068965,0,0.0,222,0,68,0,0.0,0.0,1.0,0.43359375,0.23448275862068965,0.5,0.23448275862068965
pipe_grud_raw_predictor_recomputed_degradation_v0,random_dropout_mcar_25,random_value_dropout,core,evaluated,20260612,True,True,True,pipe_grud_rollout_backtest_v0,irc_alert,source,lakebed_us_cse,lakebed_us_cse,test,1,1,0.5,1,1.0,0,0.0,0,0,1,0,0.0,0.0,,0.0,1.0,,1.0
pipe_grud_raw_predictor_recomputed_degradation_v0,random_dropout_mcar_25,random_value_dropout,core,evaluated,20260612,True,True,True,pipe_grud_rollout_backtest_v0,irc_alert,source,wqp,wqp,test,1,221,0.5,127,0.5746606334841629,99,0.4479638009049774,79,15,43,84,0.8484848484848485,0.6614173228346457,0.8404255319148937,0.7374221566699444,0.7557727126972148,0.7509214273747697,0.26244343891402716
pipe_grud_raw_predictor_recomputed_degradation_v0,random_dropout_mcar_25,random_value_dropout,core,evaluated,20260612,True,True,True,pipe_grud_rollout_backtest_v0,irc_alert,overall,all,all,test,2,512,0.5,201,0.392578125,80,0.15625,295,16,137,64,0.8,0.31840796019900497,0.9485530546623794,0.6247970380730232,0.522304493159204,0.6334805074306921,0.298828125
pipe_grud_raw_predictor_recomputed_degradation_v0,random_dropout_mcar_25,random_value_dropout,core,evaluated,20260612,True,True,True,pipe_grud_rollout_backtest_v0,irc_alert,source,aquamatch_chla,aquamatch_chla,test,2,290,0.5,72,0.2482758620689655,0,0.0,218,0,72,0,0.0,0.0,1.0,0.42913385826771655,0.2482758620689655,0.5,0.2482758620689655
pipe_grud_raw_predictor_recomputed_degradation_v0,random_dropout_mcar_25,random_value_dropout,core,evaluated,20260612,True,True,True,pipe_grud_rollout_backtest_v0,irc_alert,source,lakebed_us_cse,lakebed_us_cse,test,2,1,0.5,1,1.0,0,0.0,0,0,1,0,0.0,0.0,,0.0,1.0,,1.0
pipe_grud_raw_predictor_recomputed_degradation_v0,random_dropout_mcar_25,random_value_dropout,core,evaluated,20260612,True,True,True,pipe_grud_rollout_backtest_v0,irc_alert,source,wqp,wqp,test,2,221,0.5,128,0.579185520361991,80,0.36199095022624433,77,16,64,64,0.8,0.5,0.8279569892473119,0.6367521367521367,0.6895927601809955,0.6639784946236558,0.36199095022624433
pipe_grud_raw_predictor_recomputed_degradation_v0,random_dropout_mcar_25,random_value_dropout,core,evaluated,20260612,True,True,True,pipe_grud_rollout_backtest_v0,irc_alert,overall,all,all,test,3,512,0.5,188,0.3671875,65,0.126953125,315,9,132,56,0.8615384615384616,0.2978723404255319,0.9722222222222222,0.6299041848018332,0.5144409779050736,0.635047281323877,0.275390625
pipe_grud_raw_predictor_recomputed_degradation_v0,random_dropout_mcar_25,random_value_dropout,core,evaluated,20260612,True,True,True,pipe_grud_rollout_backtest_v0,irc_alert,source,aquamatch_chla,aquamatch_chla,test,3,290,0.5,62,0.21379310344827587,0,0.0,228,0,62,0,0.0,0.0,1.0,0.44015444015444016,0.21379310344827587,0.5,0.21379310344827587
pipe_grud_raw_predictor_recomputed_degradation_v0,random_dropout_mcar_25,random_value_dropout,core,evaluated,20260612,True,True,True,pipe_grud_rollout_backtest_v0,irc_alert,source,lakebed_us_cse,lakebed_us_cse,test,3,1,0.5,1,1.0,0,0.0,0,0,1,0,0.0,0.0,,0.0,1.0,,1.0
pipe_grud_raw_predictor_recomputed_degradation_v0,random_dropout_mcar_25,random_value_dropout,core,evaluated,20260612,True,True,True,pipe_grud_rollout_backtest_v0,irc_alert,source,wqp,wqp,test,3,221,0.5,125,0.5656108597285068,65,0.29411764705882354,87,9,69,56,0.8615384615384616,0.448,0.90625,0.6399749373433583,0.6981864253393666,0.677125,0.35294117647058826
pipe_grud_raw_predictor_recomputed_degradation_v0,random_dropout_mcar_25,random_value_dropout,core,evaluated,20260613,True,True,True,pipe_grud_rollout_backtest_v0,bloom_h,overall,all,all,test,1,461,0.3,60,0.1301518438177874,7,0.015184381778741865,395,6,59,1,0.14285714285714285,0.016666666666666666,0.9850374064837906,0.47691367722789557,0.2589858878205513,0.6950124688279302,0.11253215530559554
pipe_grud_raw_predictor_recomputed_degradation_v0,random_dropout_mcar_25,random_value_dropout,core,evaluated,20260613,True,True,True,pipe_grud_rollout_backtest_v0,bloom_h,source,aquamatch_chla,aquamatch_chla,test,1,290,0.3,25,0.08620689655172414,0,0.0,265,0,25,0,0.0,0.0,1.0,0.4774774774774775,0.09798463562831379,0.5635471698113208,0.08051858331325298
pipe_grud_raw_predictor_recomputed_degradation_v0,random_dropout_mcar_25,random_value_dropout,core,evaluated,20260613,True,True,True,pipe_grud_rollout_backtest_v0,bloom_h,source,lakebed_us_cse,lakebed_us_cse,test,1,1,0.3,0,0.0,0,0.0,1,0,0,0,0.0,0.0,1.0,1.0,0.0,,0.0011123116632775951
pipe_grud_raw_predictor_recomputed_degradation_v0,random_dropout_mcar_25,random_value_dropout,core,evaluated,20260613,True,True,True,pipe_grud_rollout_backtest_v0,bloom_h,source,wqp,wqp,test,1,170,0.3,35,0.20588235294117646,7,0.041176470588235294,129,6,34,1,0.14285714285714285,0.02857142857142857,0.9555555555555556,0.4566954298497923,0.3330946140133455,0.6894179894179894,0.1677989536668994
pipe_grud_raw_predictor_recomputed_degradation_v0,random_dropout_mcar_25,random_value_dropout,core,evaluated,20260613,True,True,True,pipe_grud_rollout_backtest_v0,bloom_h,overall,all,all,test,2,460,0.3180428134556575,62,0.13478260869565217,5,0.010869565217391304,395,3,60,2,0.4,0.03225806451612903,0.992462311557789,0.4929222585781526,0.27672506932360796,0.7247933214459393,0.11539875400870628
pipe_grud_raw_predictor_recomputed_degradation_v0,random_dropout_mcar_25,random_value_dropout,core,evaluated,20260613,True,True,True,pipe_grud_rollout_backtest_v0,bloom_h,source,aquamatch_chla,aquamatch_chla,test,2,290,0.3180428134556575,23,0.07931034482758621,0,0.0,267,0,23,0,0.0,0.0,1.0,0.4793536804308797,0.11403251614086296,0.6086142322097379,0.07376610732690256
pipe_grud_raw_predictor_recomputed_degradation_v0,random_dropout_mcar_25,random_value_dropout,core,evaluated,20260613,True,True,True,pipe_grud_rollout_backtest_v0,bloom_h,source,lakebed_us_cse,lakebed_us_cse,test,2,1,0.3180428134556575,0,0.0,0,0.0,1,0,0,0,0.0,0.0,1.0,1.0,0.0,,0.002586210005122781
pipe_grud_raw_predictor_recomputed_degradation_v0,random_dropout_mcar_25,random_value_dropout,core,evaluated,20260613,True,True,True,pipe_grud_rollout_backtest_v0,bloom_h,source,wqp,wqp,test,2,169,0.3180428134556575,39,0.23076923076923078,5,0.029585798816568046,127,3,37,2,0.4,0.05128205128205128,0.9769230769230769,0.4774273345701917,0.33157362010338354,0.6651873767258383,0.18750692017276935
pipe_grud_raw_predictor_recomputed_degradation_v0,random_dropout_mcar_25,random_value_dropout,core,evaluated,20260613,True,True,True,pipe_grud_rollout_backtest_v0,bloom_h,overall,all,all,test,3,467,0.3,62,0.13276231263383298,9,0.019271948608137045,400,5,58,4,0.4444444444444444,0.06451612903225806,0.9876543209876543,0.5198374487947384,0.26663831460305604,0.6954798884906411,0.1138435502389799
pipe_grud_raw_predictor_recomputed_degradation_v0,random_dropout_mcar_25,random_value_dropout,core,evaluated,20260613,True,True,True,pipe_grud_rollout_backtest_v0,bloom_h,source,aquamatch_chla,aquamatch_chla,test,3,290,0.3,24,0.08275862068965517,0,0.0,266,0,24,0,0.0,0.0,1.0,0.4784172661870504,0.0879562411776568,0.5135494987468671,0.07799741156895244
pipe_grud_raw_predictor_recomputed_degradation_v0,random_dropout_mcar_25,random_value_dropout,core,evaluated,20260613,True,True,True,pipe_grud_rollout_backtest_v0,bloom_h,source,lakebed_us_cse,lakebed_us_cse,test,3,1,0.3,0,0.0,0,0.0,1,0,0,0,0.0,0.0,1.0,1.0,0.0,,0.0033078249672278785
pipe_grud_raw_predictor_recomputed_degradation_v0,random_dropout_mcar_25,random_value_dropout,core,evaluated,20260613,True,True,True,pipe_grud_rollout_backtest_v0,bloom_h,source,wqp,wqp,test,3,176,0.3,38,0.2159090909090909,9,0.05113636363636364,133,5,34,4,0.4444444444444444,0.10526315789473684,0.9637681159420289,0.5211719567492152,0.34232753284570316,0.6964149504195271,0.1735362544411374
pipe_grud_raw_predictor_recomputed_degradation_v0,random_dropout_mcar_25,random_value_dropout,core,evaluated,20260613,True,True,True,pipe_grud_rollout_backtest_v0,irc_alert,overall,all,all,test,1,512,0.5,196,0.3828125,91,0.177734375,299,17,122,74,0.8131868131868132,0.37755102040816324,0.9462025316455697,0.6635385000874625,0.5453007611011438,0.6618767760268665,0.271484375
pipe_grud_raw_predictor_recomputed_degradation_v0,random_dropout_mcar_25,random_value_dropout,core,evaluated,20260613,True,True,True,pipe_grud_rollout_backtest_v0,irc_alert,source,aquamatch_chla,aquamatch_chla,test,1,290,0.5,68,0.23448275862068965,0,0.0,222,0,68,0,0.0,0.0,1.0,0.43359375,0.23448275862068965,0.5,0.23448275862068965
pipe_grud_raw_predictor_recomputed_degradation_v0,random_dropout_mcar_25,random_value_dropout,core,evaluated,20260613,True,True,True,pipe_grud_rollout_backtest_v0,irc_alert,source,lakebed_us_cse,lakebed_us_cse,test,1,1,0.5,1,1.0,0,0.0,0,0,1,0,0.0,0.0,,0.0,1.0,,1.0
pipe_grud_raw_predictor_recomputed_degradation_v0,random_dropout_mcar_25,random_value_dropout,core,evaluated,20260613,True,True,True,pipe_grud_rollout_backtest_v0,irc_alert,source,wqp,wqp,test,1,221,0.5,127,0.5746606334841629,91,0.4117647058823529,77,17,53,74,0.8131868131868132,0.5826771653543307,0.8191489361702128,0.6831995412844036,0.7136443917361008,0.7009130507622716,0.3167420814479638
pipe_grud_raw_predictor_recomputed_degradation_v0,random_dropout_mcar_25,random_value_dropout,core,evaluated,20260613,True,True,True,pipe_grud_rollout_backtest_v0,irc_alert,overall,all,all,test,2,512,0.5,201,0.392578125,71,0.138671875,296,15,145,56,0.7887323943661971,0.27860696517412936,0.9517684887459807,0.5994993742177722,0.5029494637288907,0.6151877269600551,0.3125
pipe_grud_raw_predictor_recomputed_degradation_v0,random_dropout_mcar_25,random_value_dropout,core,evaluated,20260613,True,True,True,pipe_grud_rollout_backtest_v0,irc_alert,source,aquamatch_chla,aquamatch_chla,test,2,290,0.5,72,0.2482758620689655,0,0.0,218,0,72,0,0.0,0.0,1.0,0.42913385826771655,0.2482758620689655,0.5,0.2482758620689655
pipe_grud_raw_predictor_recomputed_degradation_v0,random_dropout_mcar_25,random_value_dropout,core,evaluated,20260613,True,True,True,pipe_grud_rollout_backtest_v0,irc_alert,source,lakebed_us_cse,lakebed_us_cse,test,2,1,0.5,1,1.0,0,0.0,0,0,1,0,0.0,0.0,,0.0,1.0,,1.0
pipe_grud_raw_predictor_recomputed_degradation_v0,random_dropout_mcar_25,random_value_dropout,core,evaluated,20260613,True,True,True,pipe_grud_rollout_backtest_v0,irc_alert,source,wqp,wqp,test,2,221,0.5,128,0.579185520361991,71,0.3212669683257919,78,15,72,56,0.7887323943661971,0.4375,0.8387096774193549,0.602394689496867,0.6708622777388311,0.6381048387096775,0.3936651583710407
pipe_grud_raw_predictor_recomputed_degradation_v0,random_dropout_mcar_25,random_value_dropout,core,evaluated,20260613,True,True,True,pipe_grud_rollout_backtest_v0,irc_alert,overall,all,all,test,3,512,0.5,188,0.3671875,59,0.115234375,315,9,138,50,0.847457627118644,0.26595744680851063,0.9722222222222222,0.6078345552029762,0.4949189167868734,0.6190898345153664,0.287109375
pipe_grud_raw_predictor_recomputed_degradation_v0,random_dropout_mcar_25,random_value_dropout,core,evaluated,20260613,True,True,True,pipe_grud_rollout_backtest_v0,irc_alert,source,aquamatch_chla,aquamatch_chla,test,3,290,0.5,62,0.21379310344827587,0,0.0,228,0,62,0,0.0,0.0,1.0,0.44015444015444016,0.21379310344827587,0.5,0.21379310344827587
pipe_grud_raw_predictor_recomputed_degradation_v0,random_dropout_mcar_25,random_value_dropout,core,evaluated,20260613,True,True,True,pipe_grud_rollout_backtest_v0,irc_alert,source,lakebed_us_cse,lakebed_us_cse,test,3,1,0.5,1,1.0,0,0.0,0,0,1,0,0.0,0.0,,0.0,1.0,,1.0
pipe_grud_raw_predictor_recomputed_degradation_v0,random_dropout_mcar_25,random_value_dropout,core,evaluated,20260613,True,True,True,pipe_grud_rollout_backtest_v0,irc_alert,source,wqp,wqp,test,3,221,0.5,125,0.5656108597285068,59,0.2669683257918552,87,9,75,50,0.847457627118644,0.4,0.90625,0.608948432760364,0.6783495666845616,0.653125,0.38009049773755654
pipe_grud_raw_predictor_recomputed_degradation_v0,random_dropout_mcar_25,random_value_dropout,core,evaluated,20260614,True,True,True,pipe_grud_rollout_backtest_v0,bloom_h,overall,all,all,test,1,461,0.3,60,0.1301518438177874,6,0.013015184381778741,397,4,58,2,0.3333333333333333,0.03333333333333333,0.9900249376558603,0.4940880770320023,0.24211175237245733,0.6806525353283458,0.11410817667481264
pipe_grud_raw_predictor_recomputed_degradation_v0,random_dropout_mcar_25,random_value_dropout,core,evaluated,20260614,True,True,True,pipe_grud_rollout_backtest_v0,bloom_h,source,aquamatch_chla,aquamatch_chla,test,1,290,0.3,25,0.08620689655172414,0,0.0,265,0,25,0,0.0,0.0,1.0,0.4774774774774775,0.09798463562831379,0.5635471698113208,0.08051858331325298
pipe_grud_raw_predictor_recomputed_degradation_v0,random_dropout_mcar_25,random_value_dropout,core,evaluated,20260614,True,True,True,pipe_grud_rollout_backtest_v0,bloom_h,source,lakebed_us_cse,lakebed_us_cse,test,1,1,0.3,0,0.0,0,0.0,1,0,0,0,0.0,0.0,1.0,1.0,0.0,,0.018906249999999993
pipe_grud_raw_predictor_recomputed_degradation_v0,random_dropout_mcar_25,random_value_dropout,core,evaluated,20260614,True,True,True,pipe_grud_rollout_backtest_v0,bloom_h,source,wqp,wqp,test,1,170,0.3,35,0.20588235294117646,6,0.03529411764705882,131,4,33,2,0.3333333333333333,0.05714285714285714,0.9703703703703703,0.48690757810588137,0.3114868381359143,0.6783068783068783,0.1719680825661486
pipe_grud_raw_predictor_recomputed_degradation_v0,random_dropout_mcar_25,random_value_dropout,core,evaluated,20260614,True,True,True,pipe_grud_rollout_backtest_v0,bloom_h,overall,all,all,test,2,460,0.3180428134556575,62,0.13478260869565217,8,0.017391304347826087,394,4,58,4,0.5,0.06451612903225806,0.9899497487437185,0.520672268907563,0.29134471832092246,0.7031731236829307,0.11407699709456023
pipe_grud_raw_predictor_recomputed_degradation_v0,random_dropout_mcar_25,random_value_dropout,core,evaluated,20260614,True,True,True,pipe_grud_rollout_backtest_v0,bloom_h,source,aquamatch_chla,aquamatch_chla,test,2,290,0.3180428134556575,23,0.07931034482758621,0,0.0,267,0,23,0,0.0,0.0,1.0,0.4793536804308797,0.11403251614086296,0.6086142322097379,0.07376610732690256
pipe_grud_raw_predictor_recomputed_degradation_v0,random_dropout_mcar_25,random_value_dropout,core,evaluated,20260614,True,True,True,pipe_grud_rollout_backtest_v0,bloom_h,source,lakebed_us_cse,lakebed_us_cse,test,2,1,0.3180428134556575,0,0.0,0,0.0,1,0,0,0,0.0,0.0,1.0,1.0,0.0,,0.02527629408793676
pipe_grud_raw_predictor_recomputed_degradation_v0,random_dropout_mcar_25,random_value_dropout,core,evaluated,20260614,True,True,True,pipe_grud_rollout_backtest_v0,bloom_h,source,wqp,wqp,test,2,169,0.3180428134556575,39,0.23076923076923078,8,0.047337278106508875,126,4,35,4,0.5,0.10256410256410256,0.9692307692307692,0.5180960737003729,0.3656769940389943,0.6444773175542406,0.1837749777787457
pipe_grud_raw_predictor_recomputed_degradation_v0,random_dropout_mcar_25,random_value_dropout,core,evaluated,20260614,True,True,True,pipe_grud_rollout_backtest_v0,bloom_h,overall,all,all,test,3,467,0.3,62,0.13276231263383298,7,0.014989293361884369,400,5,60,2,0.2857142857142857,0.03225806451612903,0.9876543209876543,0.4914132529111167,0.2646810859199862,0.692652329749104,0.11376395180453609
pipe_grud_raw_predictor_recomputed_degradation_v0,random_dropout_mcar_25,random_value_dropout,core,evaluated,20260614,True,True,True,pipe_grud_rollout_backtest_v0,bloom_h,source,aquamatch_chla,aquamatch_chla,test,3,290,0.3,24,0.08275862068965517,0,0.0,266,0,24,0,0.0,0.0,1.0,0.4784172661870504,0.0879562411776568,0.5135494987468671,0.07799741156895244
pipe_grud_raw_predictor_recomputed_degradation_v0,random_dropout_mcar_25,random_value_dropout,core,evaluated,20260614,True,True,True,pipe_grud_rollout_backtest_v0,bloom_h,source,lakebed_us_cse,lakebed_us_cse,test,3,1,0.3,0,0.0,0,0.0,1,0,0,0,0.0,0.0,1.0,1.0,0.0,,0.018892980128501363
pipe_grud_raw_predictor_recomputed_degradation_v0,random_dropout_mcar_25,random_value_dropout,core,evaluated,20260614,True,True,True,pipe_grud_rollout_backtest_v0,bloom_h,source,wqp,wqp,test,3,176,0.3,38,0.2159090909090909,7,0.03977272727272727,133,5,36,2,0.2857142857142857,0.05263157894736842,0.9637681159420289,0.4776692001447702,0.34106551257085294,0.6967963386727689,0.17323649521360027
pipe_grud_raw_predictor_recomputed_degradation_v0,random_dropout_mcar_25,random_value_dropout,core,evaluated,20260614,True,True,True,pipe_grud_rollout_backtest_v0,irc_alert,overall,all,all,test,1,512,0.5,196,0.3828125,96,0.1875,300,16,116,80,0.8333333333333334,0.40816326530612246,0.9493670886075949,0.6838086683134965,0.5666985544217688,0.6787651769568587,0.2578125
pipe_grud_raw_predictor_recomputed_degradation_v0,random_dropout_mcar_25,random_value_dropout,core,evaluated,20260614,True,True,True,pipe_grud_rollout_backtest_v0,irc_alert,source,aquamatch_chla,aquamatch_chla,test,1,290,0.5,68,0.23448275862068965,0,0.0,222,0,68,0,0.0,0.0,1.0,0.43359375,0.23448275862068965,0.5,0.23448275862068965
pipe_grud_raw_predictor_recomputed_degradation_v0,random_dropout_mcar_25,random_value_dropout,core,evaluated,20260614,True,True,True,pipe_grud_rollout_backtest_v0,irc_alert,source,lakebed_us_cse,lakebed_us_cse,test,1,1,0.5,1,1.0,1,1.0,0,0,0,1,1.0,1.0,,1.0,1.0,,0.0
pipe_grud_raw_predictor_recomputed_degradation_v0,random_dropout_mcar_25,random_value_dropout,core,evaluated,20260614,True,True,True,pipe_grud_rollout_backtest_v0,irc_alert,source,wqp,wqp,test,1,221,0.5,127,0.5746606334841629,95,0.4298642533936652,78,16,48,79,0.8315789473684211,0.6220472440944882,0.8297872340425532,0.7104013104013104,0.7344759625932684,0.7259172390685207,0.2895927601809955
pipe_grud_raw_predictor_recomputed_degradation_v0,random_dropout_mcar_25,random_value_dropout,core,evaluated,20260614,True,True,True,pipe_grud_rollout_backtest_v0,irc_alert,overall,all,all,test,2,512,0.5,201,0.392578125,81,0.158203125,298,13,133,68,0.8395061728395061,0.3383084577114428,0.9581993569131833,0.6427520024469041,0.5437776635725693,0.648253907312313,0.28515625
pipe_grud_raw_predictor_recomputed_degradation_v0,random_dropout_mcar_25,random_value_dropout,core,evaluated,20260614,True,True,True,pipe_grud_rollout_backtest_v0,irc_alert,source,aquamatch_chla,aquamatch_chla,test,2,290,0.5,72,0.2482758620689655,0,0.0,218,0,72,0,0.0,0.0,1.0,0.42913385826771655,0.2482758620689655,0.5,0.2482758620689655
pipe_grud_raw_predictor_recomputed_degradation_v0,random_dropout_mcar_25,random_value_dropout,core,evaluated,20260614,True,True,True,pipe_grud_rollout_backtest_v0,irc_alert,source,lakebed_us_cse,lakebed_us_cse,test,2,1,0.5,1,1.0,1,1.0,0,0,0,1,1.0,1.0,,1.0,1.0,,0.0
pipe_grud_raw_predictor_recomputed_degradation_v0,random_dropout_mcar_25,random_value_dropout,core,evaluated,20260614,True,True,True,pipe_grud_rollout_backtest_v0,irc_alert,source,wqp,wqp,test,2,221,0.5,128,0.579185520361991,80,0.36199095022624433,80,13,61,67,0.8375,0.5234375,0.8602150537634409,0.6639957264957266,0.7143970057975113,0.6918262768817205,0.334841628959276
pipe_grud_raw_predictor_recomputed_degradation_v0,random_dropout_mcar_25,random_value_dropout,core,evaluated,20260614,True,True,True,pipe_grud_rollout_backtest_v0,irc_alert,overall,all,all,test,3,512,0.5,188,0.3671875,68,0.1328125,316,8,128,60,0.8823529411764706,0.3191489361702128,0.9753086419753086,0.6458333333333333,0.531602002503129,0.6472287890727607,0.265625
pipe_grud_raw_predictor_recomputed_degradation_v0,random_dropout_mcar_25,random_value_dropout,core,evaluated,20260614,True,True,True,pipe_grud_rollout_backtest_v0,irc_alert,source,aquamatch_chla,aquamatch_chla,test,3,290,0.5,62,0.21379310344827587,0,0.0,228,0,62,0,0.0,0.0,1.0,0.44015444015444016,0.21379310344827587,0.5,0.21379310344827587
pipe_grud_raw_predictor_recomputed_degradation_v0,random_dropout_mcar_25,random_value_dropout,core,evaluated,20260614,True,True,True,pipe_grud_rollout_backtest_v0,irc_alert,source,lakebed_us_cse,lakebed_us_cse,test,3,1,0.5,1,1.0,1,1.0,0,0,0,1,1.0,1.0,,1.0,1.0,,0.0
pipe_grud_raw_predictor_recomputed_degradation_v0,random_dropout_mcar_25,random_value_dropout,core,evaluated,20260614,True,True,True,pipe_grud_rollout_backtest_v0,irc_alert,source,wqp,wqp,test,3,221,0.5,125,0.5656108597285068,67,0.3031674208144796,88,8,66,59,0.8805970149253731,0.472,0.9166666666666666,0.6592916666666666,0.7142843249814277,0.6943333333333332,0.334841628959276
pipe_grud_raw_predictor_recomputed_degradation_v0,temporal_blocks_3m_rate_10,temporal_block_missingness,core,evaluated,20260612,True,True,True,pipe_grud_rollout_backtest_v0,bloom_h,overall,all,all,test,1,461,0.3,60,0.1301518438177874,9,0.019522776572668113,393,8,59,1,0.1111111111111111,0.016666666666666666,0.9800498753117207,0.47521960004757297,0.2961369778729643,0.6743142144638404,0.11060242523163005
pipe_grud_raw_predictor_recomputed_degradation_v0,temporal_blocks_3m_rate_10,temporal_block_missingness,core,evaluated,20260612,True,True,True,pipe_grud_rollout_backtest_v0,bloom_h,source,aquamatch_chla,aquamatch_chla,test,1,290,0.3,25,0.08620689655172414,0,0.0,265,0,25,0,0.0,0.0,1.0,0.4774774774774775,0.09798463562831379,0.5635471698113208,0.08051858331325298
pipe_grud_raw_predictor_recomputed_degradation_v0,temporal_blocks_3m_rate_10,temporal_block_missingness,core,evaluated,20260612,True,True,True,pipe_grud_rollout_backtest_v0,bloom_h,source,lakebed_us_cse,lakebed_us_cse,test,1,1,0.3,0,0.0,0,0.0,1,0,0,0,0.0,0.0,1.0,1.0,0.0,,0.005074694075950551
pipe_grud_raw_predictor_recomputed_degradation_v0,temporal_blocks_3m_rate_10,temporal_block_missingness,core,evaluated,20260612,True,True,True,pipe_grud_rollout_backtest_v0,bloom_h,source,wqp,wqp,test,1,170,0.3,35,0.20588235294117646,9,0.052941176470588235,127,8,34,1,0.1111111111111111,0.02857142857142857,0.9407407407407408,0.45178132678132676,0.4049116311459201,0.7088888888888889,0.16254267162860084
pipe_grud_raw_predictor_recomputed_degradation_v0,temporal_blocks_3m_rate_10,temporal_block_missingness,core,evaluated,20260612,True,True,True,pipe_grud_rollout_backtest_v0,bloom_h,overall,all,all,test,2,460,0.3180428134556575,62,0.13478260869565217,6,0.013043478260869565,396,2,58,4,0.6666666666666666,0.06451612903225806,0.9949748743718593,0.5236122618061309,0.3066754341765181,0.7258267142162425,0.1122483930313084
pipe_grud_raw_predictor_recomputed_degradation_v0,temporal_blocks_3m_rate_10,temporal_block_missingness,core,evaluated,20260612,True,True,True,pipe_grud_rollout_backtest_v0,bloom_h,source,aquamatch_chla,aquamatch_chla,test,2,290,0.3180428134556575,23,0.07931034482758621,0,0.0,267,0,23,0,0.0,0.0,1.0,0.4793536804308797,0.11403251614086296,0.6086142322097379,0.07376610732690256
pipe_grud_raw_predictor_recomputed_degradation_v0,temporal_blocks_3m_rate_10,temporal_block_missingness,core,evaluated,20260612,True,True,True,pipe_grud_rollout_backtest_v0,bloom_h,source,lakebed_us_cse,lakebed_us_cse,test,2,1,0.3180428134556575,0,0.0,0,0.0,1,0,0,0,0.0,0.0,1.0,1.0,0.0,,0.004511918858677072
pipe_grud_raw_predictor_recomputed_degradation_v0,temporal_blocks_3m_rate_10,temporal_block_missingness,core,evaluated,20260612,True,True,True,pipe_grud_rollout_backtest_v0,bloom_h,source,wqp,wqp,test,2,169,0.3180428134556575,39,0.23076923076923078,6,0.03550295857988166,128,2,35,4,0.6666666666666666,0.10256410256410256,0.9846153846153847,0.5257489571482745,0.37900661330634444,0.6787968441814596,0.17892057840675413
pipe_grud_raw_predictor_recomputed_degradation_v0,temporal_blocks_3m_rate_10,temporal_block_missingness,core,evaluated,20260612,True,True,True,pipe_grud_rollout_backtest_v0,bloom_h,overall,all,all,test,3,467,0.3,62,0.13276231263383298,9,0.019271948608137045,401,4,57,5,0.5555555555555556,0.08064516129032258,0.9901234567901235,0.5350807043885561,0.3114112031266328,0.7085424133811231,0.11001506153489043
pipe_grud_raw_predictor_recomputed_degradation_v0,temporal_blocks_3m_rate_10,temporal_block_missingness,core,evaluated,20260612,True,True,True,pipe_grud_rollout_backtest_v0,bloom_h,source,aquamatch_chla,aquamatch_chla,test,3,290,0.3,24,0.08275862068965517,0,0.0,266,0,24,0,0.0,0.0,1.0,0.4784172661870504,0.0879562411776568,0.5135494987468671,0.07799741156895244
pipe_grud_raw_predictor_recomputed_degradation_v0,temporal_blocks_3m_rate_10,temporal_block_missingness,core,evaluated,20260612,True,True,True,pipe_grud_rollout_backtest_v0,bloom_h,source,lakebed_us_cse,lakebed_us_cse,test,3,1,0.3,0,0.0,0,0.0,1,0,0,0,0.0,0.0,1.0,1.0,0.0,,0.003936947327950788
pipe_grud_raw_predictor_recomputed_degradation_v0,temporal_blocks_3m_rate_10,temporal_block_missingness,core,evaluated,20260612,True,True,True,pipe_grud_rollout_backtest_v0,bloom_h,source,wqp,wqp,test,3,176,0.3,38,0.2159090909090909,9,0.05113636363636364,134,4,33,5,0.5555555555555556,0.13157894736842105,0.9710144927536232,0.5457272410184862,0.4079864000689772,0.7240655987795576,0.16337413315039592
pipe_grud_raw_predictor_recomputed_degradation_v0,temporal_blocks_3m_rate_10,temporal_block_missingness,core,evaluated,20260612,True,True,True,pipe_grud_rollout_backtest_v0,irc_alert,overall,all,all,test,1,512,0.5,196,0.3828125,108,0.2109375,299,17,105,91,0.8425925925925926,0.4642857142857143,0.9462025316455697,0.7146198830409357,0.5962818287037037,0.7052441229656421,0.23828125
pipe_grud_raw_predictor_recomputed_degradation_v0,temporal_blocks_3m_rate_10,temporal_block_missingness,core,evaluated,20260612,True,True,True,pipe_grud_rollout_backtest_v0,irc_alert,source,aquamatch_chla,aquamatch_chla,test,1,290,0.5,68,0.23448275862068965,0,0.0,222,0,68,0,0.0,0.0,1.0,0.43359375,0.23448275862068965,0.5,0.23448275862068965
pipe_grud_raw_predictor_recomputed_degradation_v0,temporal_blocks_3m_rate_10,temporal_block_missingness,core,evaluated,20260612,True,True,True,pipe_grud_rollout_backtest_v0,irc_alert,source,lakebed_us_cse,lakebed_us_cse,test,1,1,0.5,1,1.0,0,0.0,0,0,1,0,0.0,0.0,,0.0,1.0,,1.0
pipe_grud_raw_predictor_recomputed_degradation_v0,temporal_blocks_3m_rate_10,temporal_block_missingness,core,evaluated,20260612,True,True,True,pipe_grud_rollout_backtest_v0,irc_alert,source,wqp,wqp,test,1,221,0.5,127,0.5746606334841629,108,0.48868778280542985,77,17,36,91,0.8425925925925926,0.7165354330708661,0.8191489361702128,0.7592147188816939,0.7666433758374471,0.7678421846205394,0.2398190045248869
pipe_grud_raw_predictor_recomputed_degradation_v0,temporal_blocks_3m_rate_10,temporal_block_missingness,core,evaluated,20260612,True,True,True,pipe_grud_rollout_backtest_v0,irc_alert,overall,all,all,test,2,512,0.5,201,0.392578125,87,0.169921875,293,18,132,69,0.7931034482758621,0.34328358208955223,0.9421221864951769,0.6376811594202899,0.5300718926917138,0.6427028842923644,0.29296875
pipe_grud_raw_predictor_recomputed_degradation_v0,temporal_blocks_3m_rate_10,temporal_block_missingness,core,evaluated,20260612,True,True,True,pipe_grud_rollout_backtest_v0,irc_alert,source,aquamatch_chla,aquamatch_chla,test,2,290,0.5,72,0.2482758620689655,0,0.0,218,0,72,0,0.0,0.0,1.0,0.42913385826771655,0.2482758620689655,0.5,0.2482758620689655
pipe_grud_raw_predictor_recomputed_degradation_v0,temporal_blocks_3m_rate_10,temporal_block_missingness,core,evaluated,20260612,True,True,True,pipe_grud_rollout_backtest_v0,irc_alert,source,lakebed_us_cse,lakebed_us_cse,test,2,1,0.5,1,1.0,0,0.0,0,0,1,0,0.0,0.0,,0.0,1.0,,1.0
pipe_grud_raw_predictor_recomputed_degradation_v0,temporal_blocks_3m_rate_10,temporal_block_missingness,core,evaluated,20260612,True,True,True,pipe_grud_rollout_backtest_v0,irc_alert,source,wqp,wqp,test,2,221,0.5,128,0.579185520361991,87,0.3936651583710407,75,18,59,69,0.7931034482758621,0.5390625,0.8064516129032258,0.6513267083290646,0.6945006533780622,0.6727570564516129,0.34841628959276016
pipe_grud_raw_predictor_recomputed_degradation_v0,temporal_blocks_3m_rate_10,temporal_block_missingness,core,evaluated,20260612,True,True,True,pipe_grud_rollout_backtest_v0,irc_alert,overall,all,all,test,3,512,0.5,188,0.3671875,73,0.142578125,312,12,127,61,0.8356164383561644,0.324468085106383,0.9629629629629629,0.6426286638244879,0.5191777406368405,0.6437155240346731,0.271484375
pipe_grud_raw_predictor_recomputed_degradation_v0,temporal_blocks_3m_rate_10,temporal_block_missingness,core,evaluated,20260612,True,True,True,pipe_grud_rollout_backtest_v0,irc_alert,source,aquamatch_chla,aquamatch_chla,test,3,290,0.5,62,0.21379310344827587,0,0.0,228,0,62,0,0.0,0.0,1.0,0.44015444015444016,0.21379310344827587,0.5,0.21379310344827587
pipe_grud_raw_predictor_recomputed_degradation_v0,temporal_blocks_3m_rate_10,temporal_block_missingness,core,evaluated,20260612,True,True,True,pipe_grud_rollout_backtest_v0,irc_alert,source,lakebed_us_cse,lakebed_us_cse,test,3,1,0.5,1,1.0,0,0.0,0,0,1,0,0.0,0.0,,0.0,1.0,,1.0
pipe_grud_raw_predictor_recomputed_degradation_v0,temporal_blocks_3m_rate_10,temporal_block_missingness,core,evaluated,20260612,True,True,True,pipe_grud_rollout_backtest_v0,irc_alert,source,wqp,wqp,test,3,221,0.5,125,0.5656108597285068,73,0.33031674208144796,84,12,64,61,0.8356164383561644,0.488,0.875,0.6523431031627753,0.6973735820988037,0.6815,0.3438914027149321
pipe_grud_raw_predictor_recomputed_degradation_v0,temporal_blocks_3m_rate_10,temporal_block_missingness,core,evaluated,20260613,True,True,True,pipe_grud_rollout_backtest_v0,bloom_h,overall,all,all,test,1,461,0.3,60,0.1301518438177874,9,0.019522776572668113,393,8,59,1,0.1111111111111111,0.016666666666666666,0.9800498753117207,0.47521960004757297,0.2961015668373517,0.6746467165419784,0.11060677777322672
pipe_grud_raw_predictor_recomputed_degradation_v0,temporal_blocks_3m_rate_10,temporal_block_missingness,core,evaluated,20260613,True,True,True,pipe_grud_rollout_backtest_v0,bloom_h,source,aquamatch_chla,aquamatch_chla,test,1,290,0.3,25,0.08620689655172414,0,0.0,265,0,25,0,0.0,0.0,1.0,0.4774774774774775,0.09798463562831379,0.5635471698113208,0.08051858331325298
pipe_grud_raw_predictor_recomputed_degradation_v0,temporal_blocks_3m_rate_10,temporal_block_missingness,core,evaluated,20260613,True,True,True,pipe_grud_rollout_backtest_v0,bloom_h,source,lakebed_us_cse,lakebed_us_cse,test,1,1,0.3,0,0.0,0,0.0,1,0,0,0,0.0,0.0,1.0,1.0,0.0,,0.005074694075950551
pipe_grud_raw_predictor_recomputed_degradation_v0,temporal_blocks_3m_rate_10,temporal_block_missingness,core,evaluated,20260613,True,True,True,pipe_grud_rollout_backtest_v0,bloom_h,source,wqp,wqp,test,1,170,0.3,35,0.20588235294117646,9,0.052941176470588235,127,8,34,1,0.1111111111111111,0.02857142857142857,0.9407407407407408,0.45178132678132676,0.4048471134051781,0.7088888888888889,0.16255447469728357
pipe_grud_raw_predictor_recomputed_degradation_v0,temporal_blocks_3m_rate_10,temporal_block_missingness,core,evaluated,20260613,True,True,True,pipe_grud_rollout_backtest_v0,bloom_h,overall,all,all,test,2,460,0.3180428134556575,62,0.13478260869565217,6,0.013043478260869565,396,2,58,4,0.6666666666666666,0.06451612903225806,0.9949748743718593,0.5236122618061309,0.3064961226549024,0.7255633003728319,0.11224218532533502
pipe_grud_raw_predictor_recomputed_degradation_v0,temporal_blocks_3m_rate_10,temporal_block_missingness,core,evaluated,20260613,True,True,True,pipe_grud_rollout_backtest_v0,bloom_h,source,aquamatch_chla,aquamatch_chla,test,2,290,0.3180428134556575,23,0.07931034482758621,0,0.0,267,0,23,0,0.0,0.0,1.0,0.4793536804308797,0.11403251614086296,0.6086142322097379,0.07376610732690256
pipe_grud_raw_predictor_recomputed_degradation_v0,temporal_blocks_3m_rate_10,temporal_block_missingness,core,evaluated,20260613,True,True,True,pipe_grud_rollout_backtest_v0,bloom_h,source,lakebed_us_cse,lakebed_us_cse,test,2,1,0.3180428134556575,0,0.0,0,0.0,1,0,0,0,0.0,0.0,1.0,1.0,0.0,,0.004511918858677072
pipe_grud_raw_predictor_recomputed_degradation_v0,temporal_blocks_3m_rate_10,temporal_block_missingness,core,evaluated,20260613,True,True,True,pipe_grud_rollout_backtest_v0,bloom_h,source,wqp,wqp,test,2,169,0.3180428134556575,39,0.23076923076923078,6,0.03550295857988166,128,2,35,4,0.6666666666666666,0.10256410256410256,0.9846153846153847,0.5257489571482745,0.37888803838461993,0.6785996055226825,0.17890368169227036
pipe_grud_raw_predictor_recomputed_degradation_v0,temporal_blocks_3m_rate_10,temporal_block_missingness,core,evaluated,20260613,True,True,True,pipe_grud_rollout_backtest_v0,bloom_h,overall,all,all,test,3,467,0.3,62,0.13276231263383298,9,0.019271948608137045,401,4,57,5,0.5555555555555556,0.08064516129032258,0.9901234567901235,0.5350807043885561,0.31158439638430363,0.7081640780565512,0.11000685955539359
pipe_grud_raw_predictor_recomputed_degradation_v0,temporal_blocks_3m_rate_10,temporal_block_missingness,core,evaluated,20260613,True,True,True,pipe_grud_rollout_backtest_v0,bloom_h,source,aquamatch_chla,aquamatch_chla,test,3,290,0.3,24,0.08275862068965517,0,0.0,266,0,24,0,0.0,0.0,1.0,0.4784172661870504,0.0879562411776568,0.5135494987468671,0.07799741156895244
pipe_grud_raw_predictor_recomputed_degradation_v0,temporal_blocks_3m_rate_10,temporal_block_missingness,core,evaluated,20260613,True,True,True,pipe_grud_rollout_backtest_v0,bloom_h,source,lakebed_us_cse,lakebed_us_cse,test,3,1,0.3,0,0.0,0,0.0,1,0,0,0,0.0,0.0,1.0,1.0,0.0,,0.003936947327950788
pipe_grud_raw_predictor_recomputed_degradation_v0,temporal_blocks_3m_rate_10,temporal_block_missingness,core,evaluated,20260613,True,True,True,pipe_grud_rollout_backtest_v0,bloom_h,source,wqp,wqp,test,3,176,0.3,38,0.2159090909090909,9,0.05113636363636364,134,4,33,5,0.5555555555555556,0.13157894736842105,0.9710144927536232,0.5457272410184862,0.4084640006038898,0.7245423340961098,0.16335236994343558
pipe_grud_raw_predictor_recomputed_degradation_v0,temporal_blocks_3m_rate_10,temporal_block_missingness,core,evaluated,20260613,True,True,True,pipe_grud_rollout_backtest_v0,irc_alert,overall,all,all,test,1,512,0.5,196,0.3828125,108,0.2109375,299,17,105,91,0.8425925925925926,0.4642857142857143,0.9462025316455697,0.7146198830409357,0.5962818287037037,0.7052441229656421,0.23828125
pipe_grud_raw_predictor_recomputed_degradation_v0,temporal_blocks_3m_rate_10,temporal_block_missingness,core,evaluated,20260613,True,True,True,pipe_grud_rollout_backtest_v0,irc_alert,source,aquamatch_chla,aquamatch_chla,test,1,290,0.5,68,0.23448275862068965,0,0.0,222,0,68,0,0.0,0.0,1.0,0.43359375,0.23448275862068965,0.5,0.23448275862068965
pipe_grud_raw_predictor_recomputed_degradation_v0,temporal_blocks_3m_rate_10,temporal_block_missingness,core,evaluated,20260613,True,True,True,pipe_grud_rollout_backtest_v0,irc_alert,source,lakebed_us_cse,lakebed_us_cse,test,1,1,0.5,1,1.0,0,0.0,0,0,1,0,0.0,0.0,,0.0,1.0,,1.0
pipe_grud_raw_predictor_recomputed_degradation_v0,temporal_blocks_3m_rate_10,temporal_block_missingness,core,evaluated,20260613,True,True,True,pipe_grud_rollout_backtest_v0,irc_alert,source,wqp,wqp,test,1,221,0.5,127,0.5746606334841629,108,0.48868778280542985,77,17,36,91,0.8425925925925926,0.7165354330708661,0.8191489361702128,0.7592147188816939,0.7666433758374471,0.7678421846205394,0.2398190045248869
pipe_grud_raw_predictor_recomputed_degradation_v0,temporal_blocks_3m_rate_10,temporal_block_missingness,core,evaluated,20260613,True,True,True,pipe_grud_rollout_backtest_v0,irc_alert,overall,all,all,test,2,512,0.5,201,0.392578125,87,0.169921875,293,18,132,69,0.7931034482758621,0.34328358208955223,0.9421221864951769,0.6376811594202899,0.5300718926917138,0.6427028842923644,0.29296875
pipe_grud_raw_predictor_recomputed_degradation_v0,temporal_blocks_3m_rate_10,temporal_block_missingness,core,evaluated,20260613,True,True,True,pipe_grud_rollout_backtest_v0,irc_alert,source,aquamatch_chla,aquamatch_chla,test,2,290,0.5,72,0.2482758620689655,0,0.0,218,0,72,0,0.0,0.0,1.0,0.42913385826771655,0.2482758620689655,0.5,0.2482758620689655
pipe_grud_raw_predictor_recomputed_degradation_v0,temporal_blocks_3m_rate_10,temporal_block_missingness,core,evaluated,20260613,True,True,True,pipe_grud_rollout_backtest_v0,irc_alert,source,lakebed_us_cse,lakebed_us_cse,test,2,1,0.5,1,1.0,0,0.0,0,0,1,0,0.0,0.0,,0.0,1.0,,1.0
pipe_grud_raw_predictor_recomputed_degradation_v0,temporal_blocks_3m_rate_10,temporal_block_missingness,core,evaluated,20260613,True,True,True,pipe_grud_rollout_backtest_v0,irc_alert,source,wqp,wqp,test,2,221,0.5,128,0.579185520361991,87,0.3936651583710407,75,18,59,69,0.7931034482758621,0.5390625,0.8064516129032258,0.6513267083290646,0.6945006533780622,0.6727570564516129,0.34841628959276016
pipe_grud_raw_predictor_recomputed_degradation_v0,temporal_blocks_3m_rate_10,temporal_block_missingness,core,evaluated,20260613,True,True,True,pipe_grud_rollout_backtest_v0,irc_alert,overall,all,all,test,3,512,0.5,188,0.3671875,72,0.140625,313,11,127,61,0.8472222222222222,0.324468085106383,0.9660493827160493,0.6443012484897301,0.5229434471040189,0.6452587339112162,0.26953125
pipe_grud_raw_predictor_recomputed_degradation_v0,temporal_blocks_3m_rate_10,temporal_block_missingness,core,evaluated,20260613,True,True,True,pipe_grud_rollout_backtest_v0,irc_alert,source,aquamatch_chla,aquamatch_chla,test,3,290,0.5,62,0.21379310344827587,0,0.0,228,0,62,0,0.0,0.0,1.0,0.44015444015444016,0.21379310344827587,0.5,0.21379310344827587
pipe_grud_raw_predictor_recomputed_degradation_v0,temporal_blocks_3m_rate_10,temporal_block_missingness,core,evaluated,20260613,True,True,True,pipe_grud_rollout_backtest_v0,irc_alert,source,lakebed_us_cse,lakebed_us_cse,test,3,1,0.5,1,1.0,0,0.0,0,0,1,0,0.0,0.0,,0.0,1.0,,1.0
pipe_grud_raw_predictor_recomputed_degradation_v0,temporal_blocks_3m_rate_10,temporal_block_missingness,core,evaluated,20260613,True,True,True,pipe_grud_rollout_backtest_v0,irc_alert,source,wqp,wqp,test,3,221,0.5,125,0.5656108597285068,72,0.3257918552036199,85,11,64,61,0.8472222222222222,0.488,0.8854166666666666,0.6565834455609655,0.70303720462544,0.6867083333333333,0.3393665158371041
pipe_grud_raw_predictor_recomputed_degradation_v0,temporal_blocks_3m_rate_10,temporal_block_missingness,core,evaluated,20260614,True,True,True,pipe_grud_rollout_backtest_v0,bloom_h,overall,all,all,test,1,461,0.3,60,0.1301518438177874,9,0.019522776572668113,393,8,59,1,0.1111111111111111,0.016666666666666666,0.9800498753117207,0.47521960004757297,0.2961015668373517,0.6746882793017458,0.11060509943905243
pipe_grud_raw_predictor_recomputed_degradation_v0,temporal_blocks_3m_rate_10,temporal_block_missingness,core,evaluated,20260614,True,True,True,pipe_grud_rollout_backtest_v0,bloom_h,source,aquamatch_chla,aquamatch_chla,test,1,290,0.3,25,0.08620689655172414,0,0.0,265,0,25,0,0.0,0.0,1.0,0.4774774774774775,0.09798463562831379,0.5635471698113208,0.08051858331325298
pipe_grud_raw_predictor_recomputed_degradation_v0,temporal_blocks_3m_rate_10,temporal_block_missingness,core,evaluated,20260614,True,True,True,pipe_grud_rollout_backtest_v0,bloom_h,source,lakebed_us_cse,lakebed_us_cse,test,1,1,0.3,0,0.0,0,0.0,1,0,0,0,0.0,0.0,1.0,1.0,0.0,,0.005074694075950551
pipe_grud_raw_predictor_recomputed_degradation_v0,temporal_blocks_3m_rate_10,temporal_block_missingness,core,evaluated,20260614,True,True,True,pipe_grud_rollout_backtest_v0,bloom_h,source,wqp,wqp,test,1,170,0.3,35,0.20588235294117646,9,0.052941176470588235,127,8,34,1,0.1111111111111111,0.02857142857142857,0.9407407407407408,0.45178132678132676,0.4048471134051781,0.7091005291005291,0.16254992344990504
pipe_grud_raw_predictor_recomputed_degradation_v0,temporal_blocks_3m_rate_10,temporal_block_missingness,core,evaluated,20260614,True,True,True,pipe_grud_rollout_backtest_v0,bloom_h,overall,all,all,test,2,460,0.3180428134556575,62,0.13478260869565217,6,0.013043478260869565,396,2,58,4,0.6666666666666666,0.06451612903225806,0.9949748743718593,0.5236122618061309,0.3051725908434599,0.7252593613227428,0.11230312628270492
pipe_grud_raw_predictor_recomputed_degradation_v0,temporal_blocks_3m_rate_10,temporal_block_missingness,core,evaluated,20260614,True,True,True,pipe_grud_rollout_backtest_v0,bloom_h,source,aquamatch_chla,aquamatch_chla,test,2,290,0.3180428134556575,23,0.07931034482758621,0,0.0,267,0,23,0,0.0,0.0,1.0,0.4793536804308797,0.11403251614086296,0.6086142322097379,0.07376610732690256
pipe_grud_raw_predictor_recomputed_degradation_v0,temporal_blocks_3m_rate_10,temporal_block_missingness,core,evaluated,20260614,True,True,True,pipe_grud_rollout_backtest_v0,bloom_h,source,lakebed_us_cse,lakebed_us_cse,test,2,1,0.3180428134556575,0,0.0,0,0.0,1,0,0,0,0.0,0.0,1.0,1.0,0.0,,0.004511918858677072
pipe_grud_raw_predictor_recomputed_degradation_v0,temporal_blocks_3m_rate_10,temporal_block_missingness,core,evaluated,20260614,True,True,True,pipe_grud_rollout_backtest_v0,bloom_h,source,wqp,wqp,test,2,169,0.3180428134556575,39,0.23076923076923078,6,0.03550295857988166,128,2,35,4,0.6666666666666666,0.10256410256410256,0.9846153846153847,0.5257489571482745,0.3767839621715575,0.677120315581854,0.1790695564874783
pipe_grud_raw_predictor_recomputed_degradation_v0,temporal_blocks_3m_rate_10,temporal_block_missingness,core,evaluated,20260614,True,True,True,pipe_grud_rollout_backtest_v0,bloom_h,overall,all,all,test,3,467,0.3,62,0.13276231263383298,9,0.019271948608137045,401,4,57,5,0.5555555555555556,0.08064516129032258,0.9901234567901235,0.5350807043885561,0.3097834255344194,0.7075866188769414,0.11016396281358296
pipe_grud_raw_predictor_recomputed_degradation_v0,temporal_blocks_3m_rate_10,temporal_block_missingness,core,evaluated,20260614,True,True,True,pipe_grud_rollout_backtest_v0,bloom_h,source,aquamatch_chla,aquamatch_chla,test,3,290,0.3,24,0.08275862068965517,0,0.0,266,0,24,0,0.0,0.0,1.0,0.4784172661870504,0.0879562411776568,0.5135494987468671,0.07799741156895244
pipe_grud_raw_predictor_recomputed_degradation_v0,temporal_blocks_3m_rate_10,temporal_block_missingness,core,evaluated,20260614,True,True,True,pipe_grud_rollout_backtest_v0,bloom_h,source,lakebed_us_cse,lakebed_us_cse,test,3,1,0.3,0,0.0,0,0.0,1,0,0,0,0.0,0.0,1.0,1.0,0.0,,0.003936947327950788
pipe_grud_raw_predictor_recomputed_degradation_v0,temporal_blocks_3m_rate_10,temporal_block_missingness,core,evaluated,20260614,True,True,True,pipe_grud_rollout_backtest_v0,bloom_h,source,wqp,wqp,test,3,176,0.3,38,0.2159090909090909,9,0.05113636363636364,134,4,33,5,0.5555555555555556,0.13157894736842105,0.9710144927536232,0.5457272410184862,0.40552557448039456,0.7217772692601068,0.16376922915692663
pipe_grud_raw_predictor_recomputed_degradation_v0,temporal_blocks_3m_rate_10,temporal_block_missingness,core,evaluated,20260614,True,True,True,pipe_grud_rollout_backtest_v0,irc_alert,overall,all,all,test,1,512,0.5,196,0.3828125,108,0.2109375,299,17,105,91,0.8425925925925926,0.4642857142857143,0.9462025316455697,0.7146198830409357,0.5962818287037037,0.7052441229656421,0.23828125
pipe_grud_raw_predictor_recomputed_degradation_v0,temporal_blocks_3m_rate_10,temporal_block_missingness,core,evaluated,20260614,True,True,True,pipe_grud_rollout_backtest_v0,irc_alert,source,aquamatch_chla,aquamatch_chla,test,1,290,0.5,68,0.23448275862068965,0,0.0,222,0,68,0,0.0,0.0,1.0,0.43359375,0.23448275862068965,0.5,0.23448275862068965
pipe_grud_raw_predictor_recomputed_degradation_v0,temporal_blocks_3m_rate_10,temporal_block_missingness,core,evaluated,20260614,True,True,True,pipe_grud_rollout_backtest_v0,irc_alert,source,lakebed_us_cse,lakebed_us_cse,test,1,1,0.5,1,1.0,0,0.0,0,0,1,0,0.0,0.0,,0.0,1.0,,1.0
pipe_grud_raw_predictor_recomputed_degradation_v0,temporal_blocks_3m_rate_10,temporal_block_missingness,core,evaluated,20260614,True,True,True,pipe_grud_rollout_backtest_v0,irc_alert,source,wqp,wqp,test,1,221,0.5,127,0.5746606334841629,108,0.48868778280542985,77,17,36,91,0.8425925925925926,0.7165354330708661,0.8191489361702128,0.7592147188816939,0.7666433758374471,0.7678421846205394,0.2398190045248869
pipe_grud_raw_predictor_recomputed_degradation_v0,temporal_blocks_3m_rate_10,temporal_block_missingness,core,evaluated,20260614,True,True,True,pipe_grud_rollout_backtest_v0,irc_alert,overall,all,all,test,2,512,0.5,201,0.392578125,86,0.16796875,293,18,133,68,0.7906976744186046,0.3383084577114428,0.9421221864951769,0.6344914641237903,0.5272653357485826,0.6402153221033099,0.294921875
pipe_grud_raw_predictor_recomputed_degradation_v0,temporal_blocks_3m_rate_10,temporal_block_missingness,core,evaluated,20260614,True,True,True,pipe_grud_rollout_backtest_v0,irc_alert,source,aquamatch_chla,aquamatch_chla,test,2,290,0.5,72,0.2482758620689655,0,0.0,218,0,72,0,0.0,0.0,1.0,0.42913385826771655,0.2482758620689655,0.5,0.2482758620689655
pipe_grud_raw_predictor_recomputed_degradation_v0,temporal_blocks_3m_rate_10,temporal_block_missingness,core,evaluated,20260614,True,True,True,pipe_grud_rollout_backtest_v0,irc_alert,source,lakebed_us_cse,lakebed_us_cse,test,2,1,0.5,1,1.0,0,0.0,0,0,1,0,0.0,0.0,,0.0,1.0,,1.0
pipe_grud_raw_predictor_recomputed_degradation_v0,temporal_blocks_3m_rate_10,temporal_block_missingness,core,evaluated,20260614,True,True,True,pipe_grud_rollout_backtest_v0,irc_alert,source,wqp,wqp,test,2,221,0.5,128,0.579185520361991,86,0.3891402714932127,75,18,60,68,0.7906976744186046,0.53125,0.8064516129032258,0.6467043777668471,0.691551352204567,0.6688508064516129,0.35294117647058826
pipe_grud_raw_predictor_recomputed_degradation_v0,temporal_blocks_3m_rate_10,temporal_block_missingness,core,evaluated,20260614,True,True,True,pipe_grud_rollout_backtest_v0,irc_alert,overall,all,all,test,3,512,0.5,188,0.3671875,74,0.14453125,311,13,127,61,0.8243243243243243,0.324468085106383,0.9598765432098766,0.6409609104205486,0.5155138100201265,0.6421723141581298,0.2734375
pipe_grud_raw_predictor_recomputed_degradation_v0,temporal_blocks_3m_rate_10,temporal_block_missingness,core,evaluated,20260614,True,True,True,pipe_grud_rollout_backtest_v0,irc_alert,source,aquamatch_chla,aquamatch_chla,test,3,290,0.5,62,0.21379310344827587,0,0.0,228,0,62,0,0.0,0.0,1.0,0.44015444015444016,0.21379310344827587,0.5,0.21379310344827587
pipe_grud_raw_predictor_recomputed_degradation_v0,temporal_blocks_3m_rate_10,temporal_block_missingness,core,evaluated,20260614,True,True,True,pipe_grud_rollout_backtest_v0,irc_alert,source,lakebed_us_cse,lakebed_us_cse,test,3,1,0.5,1,1.0,0,0.0,0,0,1,0,0.0,0.0,,0.0,1.0,,1.0
pipe_grud_raw_predictor_recomputed_degradation_v0,temporal_blocks_3m_rate_10,temporal_block_missingness,core,evaluated,20260614,True,True,True,pipe_grud_rollout_backtest_v0,irc_alert,source,wqp,wqp,test,3,221,0.5,125,0.5656108597285068,74,0.334841628959276,83,13,64,61,0.8243243243243243,0.488,0.8645833333333334,0.6480964493248134,0.6918630304512658,0.6762916666666666,0.34841628959276016
