degradation_version,scenario_id,scenario_family,scenario_tier,scenario_status,seed,score_recomputed,backtest_version,target_event,group_type,group_value,source_id,split,rollout_horizon_months,rows,threshold,positive_rows,positive_rate,predicted_positive_rows,predicted_positive_rate,tn,fp,fn,tp,precision,recall,specificity,macro_f1,pr_auc,roc_auc,brier
pipe_grud_state_recomputed_degradation_v0,control_observed,control,core,evaluated,,True,pipe_grud_rollout_backtest_v0,bloom_h,overall,all,all,test,1,461,0.3,60,0.1301518438177874,38,0.0824295010845987,391,10,32,28,0.7368421052631579,0.4666666666666667,0.9750623441396509,0.7602288488210818,0.7159263819608582,0.93428927680798,0.07011058454445157
pipe_grud_state_recomputed_degradation_v0,control_observed,control,core,evaluated,,True,pipe_grud_rollout_backtest_v0,bloom_h,source,aquamatch_chla,aquamatch_chla,test,1,290,0.3,25,0.08620689655172414,16,0.05517241379310345,259,6,15,10,0.625,0.4,0.9773584905660377,0.7244219195438708,0.6427253239016861,0.9229433962264151,0.05287463456253174
pipe_grud_state_recomputed_degradation_v0,control_observed,control,core,evaluated,,True,pipe_grud_rollout_backtest_v0,bloom_h,source,lakebed_us_cse,lakebed_us_cse,test,1,1,0.3,0,0.0,0,0.0,1,0,0,0,0.0,0.0,1.0,1.0,0.0,,0.018696376509787605
pipe_grud_state_recomputed_degradation_v0,control_observed,control,core,evaluated,,True,pipe_grud_rollout_backtest_v0,bloom_h,source,wqp,wqp,test,1,170,0.3,35,0.20588235294117646,22,0.12941176470588237,131,4,17,18,0.8181818181818182,0.5142857142857142,0.9703703703703703,0.7786870001859774,0.7850137086700912,0.9342857142857144,0.09981552397263631
pipe_grud_state_recomputed_degradation_v0,control_observed,control,core,evaluated,,True,pipe_grud_rollout_backtest_v0,bloom_h,overall,all,all,test,2,460,0.3180428134556575,62,0.13478260869565217,26,0.05652173913043478,394,4,40,22,0.8461538461538461,0.3548387096774194,0.9899497487437185,0.7235576923076923,0.6987659354859325,0.9206111201167126,0.08108200625321628
pipe_grud_state_recomputed_degradation_v0,control_observed,control,core,evaluated,,True,pipe_grud_rollout_backtest_v0,bloom_h,source,aquamatch_chla,aquamatch_chla,test,2,290,0.3180428134556575,23,0.07931034482758621,14,0.04827586206896552,264,3,12,11,0.7857142857142857,0.4782608695652174,0.9887640449438202,0.7834851426011646,0.6774259176882864,0.9433317049340498,0.046563207034826484
pipe_grud_state_recomputed_degradation_v0,control_observed,control,core,evaluated,,True,pipe_grud_rollout_backtest_v0,bloom_h,source,lakebed_us_cse,lakebed_us_cse,test,2,1,0.3180428134556575,0,0.0,0,0.0,1,0,0,0,0.0,0.0,1.0,1.0,0.0,,0.03069735673792775
pipe_grud_state_recomputed_degradation_v0,control_observed,control,core,evaluated,,True,pipe_grud_rollout_backtest_v0,bloom_h,source,wqp,wqp,test,2,169,0.3180428134556575,39,0.23076923076923078,12,0.07100591715976332,129,1,28,11,0.9166666666666666,0.28205128205128205,0.9923076923076923,0.6651636264261802,0.719042507311322,0.8724852071005917,0.1406135827197745
pipe_grud_state_recomputed_degradation_v0,control_observed,control,core,evaluated,,True,pipe_grud_rollout_backtest_v0,bloom_h,overall,all,all,test,3,467,0.3,62,0.13276231263383298,23,0.04925053533190578,399,6,45,17,0.7391304347826086,0.27419354838709675,0.9851851851851852,0.669964664310954,0.6032866342038428,0.9068498606133014,0.08441232706363708
pipe_grud_state_recomputed_degradation_v0,control_observed,control,core,evaluated,,True,pipe_grud_rollout_backtest_v0,bloom_h,source,aquamatch_chla,aquamatch_chla,test,3,290,0.3,24,0.08275862068965517,13,0.04482758620689655,263,3,14,10,0.7692307692307693,0.4166666666666667,0.9887218045112782,0.7546164949479867,0.5721717348202682,0.9219924812030076,0.05267418309791482
pipe_grud_state_recomputed_degradation_v0,control_observed,control,core,evaluated,,True,pipe_grud_rollout_backtest_v0,bloom_h,source,lakebed_us_cse,lakebed_us_cse,test,3,1,0.3,0,0.0,0,0.0,1,0,0,0,0.0,0.0,1.0,1.0,0.0,,0.038959524323841935
pipe_grud_state_recomputed_degradation_v0,control_observed,control,core,evaluated,,True,pipe_grud_rollout_backtest_v0,bloom_h,source,wqp,wqp,test,3,176,0.3,38,0.2159090909090909,10,0.056818181818181816,135,3,31,7,0.7,0.18421052631578946,0.9782608695652174,0.5899122807017544,0.635185735326942,0.8731884057971014,0.13696638702272368
pipe_grud_state_recomputed_degradation_v0,control_observed,control,core,evaluated,,True,pipe_grud_rollout_backtest_v0,irc_alert,overall,all,all,test,1,512,0.5,173,0.337890625,147,0.287109375,316,23,49,124,0.8435374149659864,0.7167630057803468,0.9321533923303835,0.8363636363636364,0.7003195380392041,0.8244581990553651,0.140625
pipe_grud_state_recomputed_degradation_v0,control_observed,control,core,evaluated,,True,pipe_grud_rollout_backtest_v0,irc_alert,source,aquamatch_chla,aquamatch_chla,test,1,290,0.5,68,0.23448275862068965,55,0.1896551724137931,210,12,25,43,0.7818181818181819,0.6323529411764706,0.9459459459459459,0.8091120954973225,0.5805919232896921,0.7891494435612083,0.12758620689655173
pipe_grud_state_recomputed_degradation_v0,control_observed,control,core,evaluated,,True,pipe_grud_rollout_backtest_v0,irc_alert,source,lakebed_us_cse,lakebed_us_cse,test,1,1,0.5,1,1.0,1,1.0,0,0,0,1,1.0,1.0,,1.0,1.0,,0.0
pipe_grud_state_recomputed_degradation_v0,control_observed,control,core,evaluated,,True,pipe_grud_rollout_backtest_v0,irc_alert,source,wqp,wqp,test,1,221,0.5,104,0.47058823529411764,91,0.4117647058823529,106,11,24,80,0.8791208791208791,0.7692307692307693,0.905982905982906,0.8394062078272604,0.7848441151608572,0.8376068376068376,0.1583710407239819
pipe_grud_state_recomputed_degradation_v0,control_observed,control,core,evaluated,,True,pipe_grud_rollout_backtest_v0,irc_alert,overall,all,all,test,2,512,0.5,178,0.34765625,135,0.263671875,313,21,64,114,0.8444444444444444,0.6404494382022472,0.937125748502994,0.8044422875579103,0.6658239700374532,0.7887875933526206,0.166015625
pipe_grud_state_recomputed_degradation_v0,control_observed,control,core,evaluated,,True,pipe_grud_rollout_backtest_v0,irc_alert,source,aquamatch_chla,aquamatch_chla,test,2,290,0.5,72,0.2482758620689655,49,0.16896551724137931,208,10,33,39,0.7959183673469388,0.5416666666666666,0.9541284403669725,0.7754730909811123,0.5449155524278677,0.7478975535168195,0.1482758620689655
pipe_grud_state_recomputed_degradation_v0,control_observed,control,core,evaluated,,True,pipe_grud_rollout_backtest_v0,irc_alert,source,lakebed_us_cse,lakebed_us_cse,test,2,1,0.5,1,1.0,1,1.0,0,0,0,1,1.0,1.0,,1.0,1.0,,0.0
pipe_grud_state_recomputed_degradation_v0,control_observed,control,core,evaluated,,True,pipe_grud_rollout_backtest_v0,irc_alert,source,wqp,wqp,test,2,221,0.5,105,0.4751131221719457,85,0.38461538461538464,105,11,31,74,0.8705882352941177,0.7047619047619048,0.9051724137931034,0.8061403508771929,0.7538289161818573,0.8049671592775041,0.19004524886877827
pipe_grud_state_recomputed_degradation_v0,control_observed,control,core,evaluated,,True,pipe_grud_rollout_backtest_v0,irc_alert,overall,all,all,test,3,512,0.5,181,0.353515625,131,0.255859375,309,22,72,109,0.8320610687022901,0.6022099447513812,0.9335347432024169,0.7833477384039181,0.6417004502129814,0.7678723439768991,0.18359375
pipe_grud_state_recomputed_degradation_v0,control_observed,control,core,evaluated,,True,pipe_grud_rollout_backtest_v0,irc_alert,source,aquamatch_chla,aquamatch_chla,test,3,290,0.5,62,0.21379310344827587,46,0.15862068965517243,216,12,28,34,0.7391304347826086,0.5483870967741935,0.9473684210526315,0.7724419334588826,0.5018813174058132,0.7478777589134126,0.13793103448275862
pipe_grud_state_recomputed_degradation_v0,control_observed,control,core,evaluated,,True,pipe_grud_rollout_backtest_v0,irc_alert,source,lakebed_us_cse,lakebed_us_cse,test,3,1,0.5,1,1.0,1,1.0,0,0,0,1,1.0,1.0,,1.0,1.0,,0.0
pipe_grud_state_recomputed_degradation_v0,control_observed,control,core,evaluated,,True,pipe_grud_rollout_backtest_v0,irc_alert,source,wqp,wqp,test,3,221,0.5,118,0.5339366515837104,84,0.38009049773755654,93,10,44,74,0.8809523809523809,0.6271186440677966,0.9029126213592233,0.7538366336633664,0.7515566852555885,0.76501563271351,0.24434389140271492
pipe_grud_state_recomputed_degradation_v0,ablate_pipe_state_level,pipe_state_ablation,core,evaluated,,True,pipe_grud_rollout_backtest_v0,bloom_h,overall,all,all,test,1,461,0.3,60,0.1301518438177874,0,0.0,401,0,60,0,0.0,0.0,1.0,0.4651972157772622,0.12112253743251256,0.4551745635910225,0.12456149971662164
pipe_grud_state_recomputed_degradation_v0,ablate_pipe_state_level,pipe_state_ablation,core,evaluated,,True,pipe_grud_rollout_backtest_v0,bloom_h,source,aquamatch_chla,aquamatch_chla,test,1,290,0.3,25,0.08620689655172414,0,0.0,265,0,25,0,0.0,0.0,1.0,0.4774774774774775,0.08142654700047237,0.46173584905660375,0.08246407474328489
pipe_grud_state_recomputed_degradation_v0,ablate_pipe_state_level,pipe_state_ablation,core,evaluated,,True,pipe_grud_rollout_backtest_v0,bloom_h,source,lakebed_us_cse,lakebed_us_cse,test,1,1,0.3,0,0.0,0,0.0,1,0,0,0,0.0,0.0,1.0,1.0,0.0,,0.00044984758200746974
pipe_grud_state_recomputed_degradation_v0,ablate_pipe_state_level,pipe_state_ablation,core,evaluated,,True,pipe_grud_rollout_backtest_v0,bloom_h,source,wqp,wqp,test,1,170,0.3,35,0.20588235294117646,0,0.0,135,0,35,0,0.0,0.0,1.0,0.4426229508196721,0.21758788022251155,0.5207407407407407,0.1971048226248703
pipe_grud_state_recomputed_degradation_v0,ablate_pipe_state_level,pipe_state_ablation,core,evaluated,,True,pipe_grud_rollout_backtest_v0,bloom_h,overall,all,all,test,2,460,0.3180428134556575,62,0.13478260869565217,0,0.0,398,0,62,0,0.0,0.0,1.0,0.46386946386946387,0.11189441721351716,0.40278002917814876,0.12571193651070336
pipe_grud_state_recomputed_degradation_v0,ablate_pipe_state_level,pipe_state_ablation,core,evaluated,,True,pipe_grud_rollout_backtest_v0,bloom_h,source,aquamatch_chla,aquamatch_chla,test,2,290,0.3180428134556575,23,0.07931034482758621,0,0.0,267,0,23,0,0.0,0.0,1.0,0.4793536804308797,0.061725372607813744,0.3538511643054877,0.07456198963449295
pipe_grud_state_recomputed_degradation_v0,ablate_pipe_state_level,pipe_state_ablation,core,evaluated,,True,pipe_grud_rollout_backtest_v0,bloom_h,source,lakebed_us_cse,lakebed_us_cse,test,2,1,0.3180428134556575,0,0.0,0,0.0,1,0,0,0,0.0,0.0,1.0,1.0,0.0,,0.0012770300254590122
pipe_grud_state_recomputed_degradation_v0,ablate_pipe_state_level,pipe_state_ablation,core,evaluated,,True,pipe_grud_rollout_backtest_v0,bloom_h,source,wqp,wqp,test,2,169,0.3180428134556575,39,0.23076923076923078,0,0.0,130,0,39,0,0.0,0.0,1.0,0.43478260869565216,0.2354332686294378,0.498422090729783,0.21422033592245635
pipe_grud_state_recomputed_degradation_v0,ablate_pipe_state_level,pipe_state_ablation,core,evaluated,,True,pipe_grud_rollout_backtest_v0,bloom_h,overall,all,all,test,3,467,0.3,62,0.13276231263383298,0,0.0,405,0,62,0,0.0,0.0,1.0,0.4644495412844037,0.12602787747093314,0.4673835125448028,0.12160684072376206
pipe_grud_state_recomputed_degradation_v0,ablate_pipe_state_level,pipe_state_ablation,core,evaluated,,True,pipe_grud_rollout_backtest_v0,bloom_h,source,aquamatch_chla,aquamatch_chla,test,3,290,0.3,24,0.08275862068965517,0,0.0,266,0,24,0,0.0,0.0,1.0,0.4784172661870504,0.08492679540578066,0.5084586466165414,0.0765089310291042
pipe_grud_state_recomputed_degradation_v0,ablate_pipe_state_level,pipe_state_ablation,core,evaluated,,True,pipe_grud_rollout_backtest_v0,bloom_h,source,lakebed_us_cse,lakebed_us_cse,test,3,1,0.3,0,0.0,0,0.0,1,0,0,0,0.0,0.0,1.0,1.0,0.0,,0.0017224140355262536
pipe_grud_state_recomputed_degradation_v0,ablate_pipe_state_level,pipe_state_ablation,core,evaluated,,True,pipe_grud_rollout_backtest_v0,bloom_h,source,wqp,wqp,test,3,176,0.3,38,0.2159090909090909,0,0.0,138,0,38,0,0.0,0.0,1.0,0.4394904458598726,0.22268712988280578,0.5056254767353165,0.19659705798591556
pipe_grud_state_recomputed_degradation_v0,ablate_pipe_state_level,pipe_state_ablation,core,evaluated,,True,pipe_grud_rollout_backtest_v0,irc_alert,overall,all,all,test,1,512,0.5,173,0.337890625,0,0.0,339,0,173,0,0.0,0.0,1.0,0.3983548766157462,0.337890625,0.5,0.337890625
pipe_grud_state_recomputed_degradation_v0,ablate_pipe_state_level,pipe_state_ablation,core,evaluated,,True,pipe_grud_rollout_backtest_v0,irc_alert,source,aquamatch_chla,aquamatch_chla,test,1,290,0.5,68,0.23448275862068965,0,0.0,222,0,68,0,0.0,0.0,1.0,0.43359375,0.23448275862068965,0.5,0.23448275862068965
pipe_grud_state_recomputed_degradation_v0,ablate_pipe_state_level,pipe_state_ablation,core,evaluated,,True,pipe_grud_rollout_backtest_v0,irc_alert,source,lakebed_us_cse,lakebed_us_cse,test,1,1,0.5,1,1.0,0,0.0,0,0,1,0,0.0,0.0,,0.0,1.0,,1.0
pipe_grud_state_recomputed_degradation_v0,ablate_pipe_state_level,pipe_state_ablation,core,evaluated,,True,pipe_grud_rollout_backtest_v0,irc_alert,source,wqp,wqp,test,1,221,0.5,104,0.47058823529411764,0,0.0,117,0,104,0,0.0,0.0,1.0,0.34615384615384615,0.47058823529411764,0.5,0.47058823529411764
pipe_grud_state_recomputed_degradation_v0,ablate_pipe_state_level,pipe_state_ablation,core,evaluated,,True,pipe_grud_rollout_backtest_v0,irc_alert,overall,all,all,test,2,512,0.5,178,0.34765625,0,0.0,334,0,178,0,0.0,0.0,1.0,0.3947990543735225,0.34765625,0.5,0.34765625
pipe_grud_state_recomputed_degradation_v0,ablate_pipe_state_level,pipe_state_ablation,core,evaluated,,True,pipe_grud_rollout_backtest_v0,irc_alert,source,aquamatch_chla,aquamatch_chla,test,2,290,0.5,72,0.2482758620689655,0,0.0,218,0,72,0,0.0,0.0,1.0,0.42913385826771655,0.2482758620689655,0.5,0.2482758620689655
pipe_grud_state_recomputed_degradation_v0,ablate_pipe_state_level,pipe_state_ablation,core,evaluated,,True,pipe_grud_rollout_backtest_v0,irc_alert,source,lakebed_us_cse,lakebed_us_cse,test,2,1,0.5,1,1.0,0,0.0,0,0,1,0,0.0,0.0,,0.0,1.0,,1.0
pipe_grud_state_recomputed_degradation_v0,ablate_pipe_state_level,pipe_state_ablation,core,evaluated,,True,pipe_grud_rollout_backtest_v0,irc_alert,source,wqp,wqp,test,2,221,0.5,105,0.4751131221719457,0,0.0,116,0,105,0,0.0,0.0,1.0,0.34421364985163205,0.4751131221719457,0.5,0.4751131221719457
pipe_grud_state_recomputed_degradation_v0,ablate_pipe_state_level,pipe_state_ablation,core,evaluated,,True,pipe_grud_rollout_backtest_v0,irc_alert,overall,all,all,test,3,512,0.5,181,0.353515625,0,0.0,331,0,181,0,0.0,0.0,1.0,0.3926453143534994,0.353515625,0.5,0.353515625
pipe_grud_state_recomputed_degradation_v0,ablate_pipe_state_level,pipe_state_ablation,core,evaluated,,True,pipe_grud_rollout_backtest_v0,irc_alert,source,aquamatch_chla,aquamatch_chla,test,3,290,0.5,62,0.21379310344827587,0,0.0,228,0,62,0,0.0,0.0,1.0,0.44015444015444016,0.21379310344827587,0.5,0.21379310344827587
pipe_grud_state_recomputed_degradation_v0,ablate_pipe_state_level,pipe_state_ablation,core,evaluated,,True,pipe_grud_rollout_backtest_v0,irc_alert,source,lakebed_us_cse,lakebed_us_cse,test,3,1,0.5,1,1.0,0,0.0,0,0,1,0,0.0,0.0,,0.0,1.0,,1.0
pipe_grud_state_recomputed_degradation_v0,ablate_pipe_state_level,pipe_state_ablation,core,evaluated,,True,pipe_grud_rollout_backtest_v0,irc_alert,source,wqp,wqp,test,3,221,0.5,118,0.5339366515837104,0,0.0,103,0,118,0,0.0,0.0,1.0,0.31790123456790126,0.5339366515837104,0.5,0.5339366515837104
pipe_grud_state_recomputed_degradation_v0,random_pipe_state_dropout_25,pipe_state_random_dropout,core,evaluated,20260612,True,pipe_grud_rollout_backtest_v0,bloom_h,overall,all,all,test,1,461,0.3,60,0.1301518438177874,22,0.04772234273318872,395,6,44,16,0.7272727272727273,0.26666666666666666,0.9850374064837906,0.6653600464576075,0.47383238415068013,0.780091438071488,0.09332820531918364
pipe_grud_state_recomputed_degradation_v0,random_pipe_state_dropout_25,pipe_state_random_dropout,core,evaluated,20260612,True,pipe_grud_rollout_backtest_v0,bloom_h,source,aquamatch_chla,aquamatch_chla,test,1,290,0.3,25,0.08620689655172414,5,0.017241379310344827,264,1,21,4,0.8,0.16,0.9962264150943396,0.6133333333333333,0.37617649188854607,0.7499622641509435,0.06872032165853603
pipe_grud_state_recomputed_degradation_v0,random_pipe_state_dropout_25,pipe_state_random_dropout,core,evaluated,20260612,True,pipe_grud_rollout_backtest_v0,bloom_h,source,lakebed_us_cse,lakebed_us_cse,test,1,1,0.3,0,0.0,0,0.0,1,0,0,0,0.0,0.0,1.0,1.0,0.0,,3.1863892534591634e-05
pipe_grud_state_recomputed_degradation_v0,random_pipe_state_dropout_25,pipe_state_random_dropout,core,evaluated,20260612,True,pipe_grud_rollout_backtest_v0,bloom_h,source,wqp,wqp,test,1,170,0.3,35,0.20588235294117646,17,0.1,130,5,23,12,0.7058823529411765,0.34285714285714286,0.9629629629629629,0.6821581196581197,0.5511591609906754,0.773015873015873,0.13585516180750393
pipe_grud_state_recomputed_degradation_v0,random_pipe_state_dropout_25,pipe_state_random_dropout,core,evaluated,20260612,True,pipe_grud_rollout_backtest_v0,bloom_h,overall,all,all,test,2,460,0.3180428134556575,62,0.13478260869565217,13,0.02826086956521739,395,3,52,10,0.7692307692307693,0.16129032258064516,0.992462311557789,0.6007889546351085,0.5544871879399527,0.8428432485005674,0.0968588379957205
pipe_grud_state_recomputed_degradation_v0,random_pipe_state_dropout_25,pipe_state_random_dropout,core,evaluated,20260612,True,pipe_grud_rollout_backtest_v0,bloom_h,source,aquamatch_chla,aquamatch_chla,test,2,290,0.3180428134556575,23,0.07931034482758621,1,0.0034482758620689655,267,0,22,1,1.0,0.043478260869565216,1.0,0.5218824940047961,0.5494614246568085,0.8715192965315095,0.06031102174695971
pipe_grud_state_recomputed_degradation_v0,random_pipe_state_dropout_25,pipe_state_random_dropout,core,evaluated,20260612,True,pipe_grud_rollout_backtest_v0,bloom_h,source,lakebed_us_cse,lakebed_us_cse,test,2,1,0.3180428134556575,0,0.0,0,0.0,1,0,0,0,0.0,0.0,1.0,1.0,0.0,,0.0012770300254590122
pipe_grud_state_recomputed_degradation_v0,random_pipe_state_dropout_25,pipe_state_random_dropout,core,evaluated,20260612,True,pipe_grud_rollout_backtest_v0,bloom_h,source,wqp,wqp,test,2,169,0.3180428134556575,39,0.23076923076923078,12,0.07100591715976332,127,3,30,9,0.75,0.23076923076923078,0.9769230769230769,0.6189792990366878,0.5791676466008006,0.7724852071005917,0.16013959846974946
pipe_grud_state_recomputed_degradation_v0,random_pipe_state_dropout_25,pipe_state_random_dropout,core,evaluated,20260612,True,pipe_grud_rollout_backtest_v0,bloom_h,overall,all,all,test,3,467,0.3,62,0.13276231263383298,7,0.014989293361884369,402,3,58,4,0.5714285714285714,0.06451612903225806,0.9925925925925926,0.5227108988858172,0.4539112042849718,0.838231780167264,0.10198273959375116
pipe_grud_state_recomputed_degradation_v0,random_pipe_state_dropout_25,pipe_state_random_dropout,core,evaluated,20260612,True,pipe_grud_rollout_backtest_v0,bloom_h,source,aquamatch_chla,aquamatch_chla,test,3,290,0.3,24,0.08275862068965517,1,0.0034482758620689655,266,0,23,1,1.0,0.041666666666666664,1.0,0.5192792792792793,0.43519113090285527,0.8941885964912282,0.06662278662574789
pipe_grud_state_recomputed_degradation_v0,random_pipe_state_dropout_25,pipe_state_random_dropout,core,evaluated,20260612,True,pipe_grud_rollout_backtest_v0,bloom_h,source,lakebed_us_cse,lakebed_us_cse,test,3,1,0.3,0,0.0,0,0.0,1,0,0,0,0.0,0.0,1.0,1.0,0.0,,0.003653720051136239
pipe_grud_state_recomputed_degradation_v0,random_pipe_state_dropout_25,pipe_state_random_dropout,core,evaluated,20260612,True,pipe_grud_rollout_backtest_v0,bloom_h,source,wqp,wqp,test,3,176,0.3,38,0.2159090909090909,6,0.03409090909090909,135,3,35,3,0.5,0.07894736842105263,0.9782608695652174,0.5064935064935066,0.48671450384858794,0.7608695652173912,0.16080498607252147
pipe_grud_state_recomputed_degradation_v0,random_pipe_state_dropout_25,pipe_state_random_dropout,core,evaluated,20260612,True,pipe_grud_rollout_backtest_v0,irc_alert,overall,all,all,test,1,512,0.5,173,0.337890625,114,0.22265625,317,22,81,92,0.8070175438596491,0.5317919075144508,0.9351032448377581,0.7506796079784794,0.5873685240467498,0.7334475761761045,0.201171875
pipe_grud_state_recomputed_degradation_v0,random_pipe_state_dropout_25,pipe_state_random_dropout,core,evaluated,20260612,True,pipe_grud_rollout_backtest_v0,irc_alert,source,aquamatch_chla,aquamatch_chla,test,1,290,0.5,68,0.23448275862068965,42,0.14482758620689656,211,11,37,31,0.7380952380952381,0.45588235294117646,0.9504504504504504,0.7307543520309477,0.4640708007340868,0.7031664016958135,0.16551724137931034
pipe_grud_state_recomputed_degradation_v0,random_pipe_state_dropout_25,pipe_state_random_dropout,core,evaluated,20260612,True,pipe_grud_rollout_backtest_v0,irc_alert,source,lakebed_us_cse,lakebed_us_cse,test,1,1,0.5,1,1.0,0,0.0,0,0,1,0,0.0,0.0,,0.0,1.0,,1.0
pipe_grud_state_recomputed_degradation_v0,random_pipe_state_dropout_25,pipe_state_random_dropout,core,evaluated,20260612,True,pipe_grud_rollout_backtest_v0,irc_alert,source,wqp,wqp,test,1,221,0.5,104,0.47058823529411764,72,0.3257918552036199,106,11,43,61,0.8472222222222222,0.5865384615384616,0.905982905982906,0.7450871496924129,0.6914985545500252,0.7462606837606838,0.24434389140271492
pipe_grud_state_recomputed_degradation_v0,random_pipe_state_dropout_25,pipe_state_random_dropout,core,evaluated,20260612,True,pipe_grud_rollout_backtest_v0,irc_alert,overall,all,all,test,2,512,0.5,178,0.34765625,98,0.19140625,317,17,97,81,0.826530612244898,0.4550561797752809,0.9491017964071856,0.7172750523134155,0.5655709878754873,0.7020789880912331,0.22265625
pipe_grud_state_recomputed_degradation_v0,random_pipe_state_dropout_25,pipe_state_random_dropout,core,evaluated,20260612,True,pipe_grud_rollout_backtest_v0,irc_alert,source,aquamatch_chla,aquamatch_chla,test,2,290,0.5,72,0.2482758620689655,31,0.10689655172413794,213,5,46,26,0.8387096774193549,0.3611111111111111,0.9770642201834863,0.6989680649691641,0.4614880731677172,0.6690876656472987,0.17586206896551723
pipe_grud_state_recomputed_degradation_v0,random_pipe_state_dropout_25,pipe_state_random_dropout,core,evaluated,20260612,True,pipe_grud_rollout_backtest_v0,irc_alert,source,lakebed_us_cse,lakebed_us_cse,test,2,1,0.5,1,1.0,0,0.0,0,0,1,0,0.0,0.0,,0.0,1.0,,1.0
pipe_grud_state_recomputed_degradation_v0,random_pipe_state_dropout_25,pipe_state_random_dropout,core,evaluated,20260612,True,pipe_grud_rollout_backtest_v0,irc_alert,source,wqp,wqp,test,2,221,0.5,105,0.4751131221719457,67,0.3031674208144796,104,12,50,55,0.8208955223880597,0.5238095238095238,0.896551724137931,0.7049526270456503,0.6562372365708626,0.7101806239737274,0.28054298642533937
pipe_grud_state_recomputed_degradation_v0,random_pipe_state_dropout_25,pipe_state_random_dropout,core,evaluated,20260612,True,pipe_grud_rollout_backtest_v0,irc_alert,overall,all,all,test,3,512,0.5,181,0.353515625,93,0.181640625,320,11,99,82,0.8817204301075269,0.4530386740331492,0.9667673716012085,0.7259367396593674,0.592812829523852,0.7099030228171788,0.21484375
pipe_grud_state_recomputed_degradation_v0,random_pipe_state_dropout_25,pipe_state_random_dropout,core,evaluated,20260612,True,pipe_grud_rollout_backtest_v0,irc_alert,source,aquamatch_chla,aquamatch_chla,test,3,290,0.5,62,0.21379310344827587,27,0.09310344827586207,225,3,38,24,0.8888888888888888,0.3870967741935484,0.9868421052631579,0.7279113938534063,0.475120504263997,0.6869694397283531,0.1413793103448276
pipe_grud_state_recomputed_degradation_v0,random_pipe_state_dropout_25,pipe_state_random_dropout,core,evaluated,20260612,True,pipe_grud_rollout_backtest_v0,irc_alert,source,lakebed_us_cse,lakebed_us_cse,test,3,1,0.5,1,1.0,0,0.0,0,0,1,0,0.0,0.0,,0.0,1.0,,1.0
pipe_grud_state_recomputed_degradation_v0,random_pipe_state_dropout_25,pipe_state_random_dropout,core,evaluated,20260612,True,pipe_grud_rollout_backtest_v0,irc_alert,source,wqp,wqp,test,3,221,0.5,118,0.5339366515837104,66,0.2986425339366516,95,8,60,58,0.8787878787878788,0.4915254237288136,0.9223300970873787,0.6834344455679138,0.7034397971586406,0.7069277604080961,0.3076923076923077
pipe_grud_state_recomputed_degradation_v0,random_pipe_state_dropout_25,pipe_state_random_dropout,core,evaluated,20260613,True,pipe_grud_rollout_backtest_v0,bloom_h,overall,all,all,test,1,461,0.3,60,0.1301518438177874,17,0.0368763557483731,399,2,45,15,0.8823529411764706,0.25,0.9950124688279302,0.6669945439176208,0.6556141931280834,0.8844347464671654,0.08499915969600463
pipe_grud_state_recomputed_degradation_v0,random_pipe_state_dropout_25,pipe_state_random_dropout,core,evaluated,20260613,True,pipe_grud_rollout_backtest_v0,bloom_h,source,aquamatch_chla,aquamatch_chla,test,1,290,0.3,25,0.08620689655172414,6,0.020689655172413793,264,1,20,5,0.8333333333333334,0.2,0.9962264150943396,0.6421646395205358,0.5738525297102838,0.8969056603773584,0.06105659341711881
pipe_grud_state_recomputed_degradation_v0,random_pipe_state_dropout_25,pipe_state_random_dropout,core,evaluated,20260613,True,pipe_grud_rollout_backtest_v0,bloom_h,source,lakebed_us_cse,lakebed_us_cse,test,1,1,0.3,0,0.0,0,0.0,1,0,0,0,0.0,0.0,1.0,1.0,0.0,,0.04260490646836305
pipe_grud_state_recomputed_degradation_v0,random_pipe_state_dropout_25,pipe_state_random_dropout,core,evaluated,20260613,True,pipe_grud_rollout_backtest_v0,bloom_h,source,wqp,wqp,test,1,170,0.3,35,0.20588235294117646,11,0.06470588235294118,134,1,25,10,0.9090909090909091,0.2857142857142857,0.9925925925925926,0.6731736172729962,0.7290958709665022,0.8638095238095238,0.126091738955443
pipe_grud_state_recomputed_degradation_v0,random_pipe_state_dropout_25,pipe_state_random_dropout,core,evaluated,20260613,True,pipe_grud_rollout_backtest_v0,bloom_h,overall,all,all,test,2,460,0.3180428134556575,62,0.13478260869565217,10,0.021739130434782608,398,0,52,10,1.0,0.16129032258064516,1.0,0.6082285115303983,0.5758374210792416,0.8403509482898364,0.09874219797881109
pipe_grud_state_recomputed_degradation_v0,random_pipe_state_dropout_25,pipe_state_random_dropout,core,evaluated,20260613,True,pipe_grud_rollout_backtest_v0,bloom_h,source,aquamatch_chla,aquamatch_chla,test,2,290,0.3180428134556575,23,0.07931034482758621,4,0.013793103448275862,267,0,19,4,1.0,0.17391304347826086,1.0,0.6309691246400106,0.587922308752298,0.8443250284969874,0.05773736686575261
pipe_grud_state_recomputed_degradation_v0,random_pipe_state_dropout_25,pipe_state_random_dropout,core,evaluated,20260613,True,pipe_grud_rollout_backtest_v0,bloom_h,source,lakebed_us_cse,lakebed_us_cse,test,2,1,0.3180428134556575,0,0.0,0,0.0,1,0,0,0,0.0,0.0,1.0,1.0,0.0,,0.06139088271834419
pipe_grud_state_recomputed_degradation_v0,random_pipe_state_dropout_25,pipe_state_random_dropout,core,evaluated,20260613,True,pipe_grud_rollout_backtest_v0,bloom_h,source,wqp,wqp,test,2,169,0.3180428134556575,39,0.23076923076923078,6,0.03550295857988166,130,0,33,6,1.0,0.15384615384615385,1.0,0.5770193401592719,0.5883843019673544,0.7833333333333332,0.16932653134003842
pipe_grud_state_recomputed_degradation_v0,random_pipe_state_dropout_25,pipe_state_random_dropout,core,evaluated,20260613,True,pipe_grud_rollout_backtest_v0,bloom_h,overall,all,all,test,3,467,0.3,62,0.13276231263383298,7,0.014989293361884369,403,2,57,5,0.7142857142857143,0.08064516129032258,0.9950617283950617,0.5383597218731675,0.46618769374471375,0.8428514536041418,0.10106650820514995
pipe_grud_state_recomputed_degradation_v0,random_pipe_state_dropout_25,pipe_state_random_dropout,core,evaluated,20260613,True,pipe_grud_rollout_backtest_v0,bloom_h,source,aquamatch_chla,aquamatch_chla,test,3,290,0.3,24,0.08275862068965517,4,0.013793103448275862,265,1,21,3,0.75,0.125,0.9962406015037594,0.5872153209109731,0.3467514345887653,0.8229166666666665,0.0668188712848103
pipe_grud_state_recomputed_degradation_v0,random_pipe_state_dropout_25,pipe_state_random_dropout,core,evaluated,20260613,True,pipe_grud_rollout_backtest_v0,bloom_h,source,lakebed_us_cse,lakebed_us_cse,test,3,1,0.3,0,0.0,0,0.0,1,0,0,0,0.0,0.0,1.0,1.0,0.0,,0.06376481048868886
pipe_grud_state_recomputed_degradation_v0,random_pipe_state_dropout_25,pipe_state_random_dropout,core,evaluated,20260613,True,pipe_grud_rollout_backtest_v0,bloom_h,source,wqp,wqp,test,3,176,0.3,38,0.2159090909090909,3,0.017045454545454544,137,1,36,2,0.6666666666666666,0.05263157894736842,0.9927536231884058,0.4892949572582542,0.5910753504648683,0.8324752097635393,0.1577092150495531
pipe_grud_state_recomputed_degradation_v0,random_pipe_state_dropout_25,pipe_state_random_dropout,core,evaluated,20260613,True,pipe_grud_rollout_backtest_v0,irc_alert,overall,all,all,test,1,512,0.5,173,0.337890625,111,0.216796875,324,15,77,96,0.8648648648648649,0.5549132947976878,0.9557522123893806,0.7758660068519223,0.6303156367169193,0.7553327535935341,0.1796875
pipe_grud_state_recomputed_degradation_v0,random_pipe_state_dropout_25,pipe_state_random_dropout,core,evaluated,20260613,True,pipe_grud_rollout_backtest_v0,irc_alert,source,aquamatch_chla,aquamatch_chla,test,1,290,0.5,68,0.23448275862068965,35,0.1206896551724138,212,10,43,25,0.7142857142857143,0.36764705882352944,0.954954954954955,0.6871628910463862,0.41088090408577227,0.6613010068892422,0.18275862068965518
pipe_grud_state_recomputed_degradation_v0,random_pipe_state_dropout_25,pipe_state_random_dropout,core,evaluated,20260613,True,pipe_grud_rollout_backtest_v0,irc_alert,source,lakebed_us_cse,lakebed_us_cse,test,1,1,0.5,1,1.0,1,1.0,0,0,0,1,1.0,1.0,,1.0,1.0,,0.0
pipe_grud_state_recomputed_degradation_v0,random_pipe_state_dropout_25,pipe_state_random_dropout,core,evaluated,20260613,True,pipe_grud_rollout_backtest_v0,irc_alert,source,wqp,wqp,test,1,221,0.5,104,0.47058823529411764,75,0.3393665158371041,112,5,34,70,0.9333333333333333,0.6730769230769231,0.9572649572649573,0.8169169658219513,0.7820512820512822,0.8151709401709403,0.17647058823529413
pipe_grud_state_recomputed_degradation_v0,random_pipe_state_dropout_25,pipe_state_random_dropout,core,evaluated,20260613,True,pipe_grud_rollout_backtest_v0,irc_alert,overall,all,all,test,2,512,0.5,178,0.34765625,94,0.18359375,322,12,96,82,0.8723404255319149,0.4606741573033708,0.9640718562874252,0.7296620775969962,0.5893646904135788,0.712373006795398,0.2109375
pipe_grud_state_recomputed_degradation_v0,random_pipe_state_dropout_25,pipe_state_random_dropout,core,evaluated,20260613,True,pipe_grud_rollout_backtest_v0,irc_alert,source,aquamatch_chla,aquamatch_chla,test,2,290,0.5,72,0.2482758620689655,27,0.09310344827586207,215,3,48,24,0.8888888888888888,0.3333333333333333,0.9862385321100917,0.6894096894096895,0.4618135376756066,0.6597859327217125,0.17586206896551723
pipe_grud_state_recomputed_degradation_v0,random_pipe_state_dropout_25,pipe_state_random_dropout,core,evaluated,20260613,True,pipe_grud_rollout_backtest_v0,irc_alert,source,lakebed_us_cse,lakebed_us_cse,test,2,1,0.5,1,1.0,1,1.0,0,0,0,1,1.0,1.0,,1.0,1.0,,0.0
pipe_grud_state_recomputed_degradation_v0,random_pipe_state_dropout_25,pipe_state_random_dropout,core,evaluated,20260613,True,pipe_grud_rollout_backtest_v0,irc_alert,source,wqp,wqp,test,2,221,0.5,105,0.4751131221719457,66,0.2986425339366516,107,9,48,57,0.8636363636363636,0.5428571428571428,0.9224137931034483,0.7281672816728166,0.6860257389669154,0.7326354679802954,0.2579185520361991
pipe_grud_state_recomputed_degradation_v0,random_pipe_state_dropout_25,pipe_state_random_dropout,core,evaluated,20260613,True,pipe_grud_rollout_backtest_v0,irc_alert,overall,all,all,test,3,512,0.5,181,0.353515625,85,0.166015625,319,12,108,73,0.8588235294117647,0.40331491712707185,0.9637462235649547,0.6952804174023449,0.5573138405914853,0.6835305703460132,0.234375
pipe_grud_state_recomputed_degradation_v0,random_pipe_state_dropout_25,pipe_state_random_dropout,core,evaluated,20260613,True,pipe_grud_rollout_backtest_v0,irc_alert,source,aquamatch_chla,aquamatch_chla,test,3,290,0.5,62,0.21379310344827587,22,0.07586206896551724,223,5,45,17,0.7727272727272727,0.27419354838709675,0.9780701754385965,0.6519777265745008,0.36704924663767824,0.6261318619128466,0.1724137931034483
pipe_grud_state_recomputed_degradation_v0,random_pipe_state_dropout_25,pipe_state_random_dropout,core,evaluated,20260613,True,pipe_grud_rollout_backtest_v0,irc_alert,source,lakebed_us_cse,lakebed_us_cse,test,3,1,0.5,1,1.0,1,1.0,0,0,0,1,1.0,1.0,,1.0,1.0,,0.0
pipe_grud_state_recomputed_degradation_v0,random_pipe_state_dropout_25,pipe_state_random_dropout,core,evaluated,20260613,True,pipe_grud_rollout_backtest_v0,irc_alert,source,wqp,wqp,test,3,221,0.5,118,0.5339366515837104,62,0.28054298642533937,96,7,63,55,0.8870967741935484,0.4661016949152542,0.9320388349514563,0.6719677692960135,0.6985451833086349,0.6990702649333553,0.3167420814479638
pipe_grud_state_recomputed_degradation_v0,random_pipe_state_dropout_25,pipe_state_random_dropout,core,evaluated,20260614,True,pipe_grud_rollout_backtest_v0,bloom_h,overall,all,all,test,1,461,0.3,60,0.1301518438177874,19,0.04121475054229935,397,4,45,15,0.7894736842105263,0.25,0.9900249376558603,0.6608105470216377,0.5158312722310718,0.7996051537822111,0.09118000721503486
pipe_grud_state_recomputed_degradation_v0,random_pipe_state_dropout_25,pipe_state_random_dropout,core,evaluated,20260614,True,pipe_grud_rollout_backtest_v0,bloom_h,source,aquamatch_chla,aquamatch_chla,test,1,290,0.3,25,0.08620689655172414,4,0.013793103448275862,265,0,21,4,1.0,0.16,1.0,0.6188747731397459,0.4758274807181575,0.8537358490566037,0.06451322858148362
pipe_grud_state_recomputed_degradation_v0,random_pipe_state_dropout_25,pipe_state_random_dropout,core,evaluated,20260614,True,pipe_grud_rollout_backtest_v0,bloom_h,source,lakebed_us_cse,lakebed_us_cse,test,1,1,0.3,0,0.0,0,0.0,1,0,0,0,0.0,0.0,1.0,1.0,0.0,,0.03894856737198975
pipe_grud_state_recomputed_degradation_v0,random_pipe_state_dropout_25,pipe_state_random_dropout,core,evaluated,20260614,True,pipe_grud_rollout_backtest_v0,bloom_h,source,wqp,wqp,test,1,170,0.3,35,0.20588235294117646,15,0.08823529411764706,131,4,24,11,0.7333333333333333,0.3142857142857143,0.9703703703703703,0.6717241379310345,0.5748679509785113,0.7361904761904762,0.13697763805958135
pipe_grud_state_recomputed_degradation_v0,random_pipe_state_dropout_25,pipe_state_random_dropout,core,evaluated,20260614,True,pipe_grud_rollout_backtest_v0,bloom_h,overall,all,all,test,2,460,0.3180428134556575,62,0.13478260869565217,12,0.02608695652173913,395,3,53,9,0.75,0.14516129032258066,0.992462311557789,0.5885246949076737,0.5271955003549825,0.8090857513373317,0.09968518691317686
pipe_grud_state_recomputed_degradation_v0,random_pipe_state_dropout_25,pipe_state_random_dropout,core,evaluated,20260614,True,pipe_grud_rollout_backtest_v0,bloom_h,source,aquamatch_chla,aquamatch_chla,test,2,290,0.3180428134556575,23,0.07931034482758621,2,0.006896551724137931,267,0,21,2,1.0,0.08695652173913043,1.0,0.5610810810810811,0.5460925811072588,0.8994463442436086,0.05967118428533579
pipe_grud_state_recomputed_degradation_v0,random_pipe_state_dropout_25,pipe_state_random_dropout,core,evaluated,20260614,True,pipe_grud_rollout_backtest_v0,bloom_h,source,lakebed_us_cse,lakebed_us_cse,test,2,1,0.3180428134556575,0,0.0,0,0.0,1,0,0,0,0.0,0.0,1.0,1.0,0.0,,0.0525743265171507
pipe_grud_state_recomputed_degradation_v0,random_pipe_state_dropout_25,pipe_state_random_dropout,core,evaluated,20260614,True,pipe_grud_rollout_backtest_v0,bloom_h,source,wqp,wqp,test,2,169,0.3180428134556575,39,0.23076923076923078,10,0.05917159763313609,127,3,32,7,0.7,0.1794871794871795,0.9769230769230769,0.5823035096391498,0.5492253121781845,0.7241617357001973,0.1686270308331173
pipe_grud_state_recomputed_degradation_v0,random_pipe_state_dropout_25,pipe_state_random_dropout,core,evaluated,20260614,True,pipe_grud_rollout_backtest_v0,bloom_h,overall,all,all,test,3,467,0.3,62,0.13276231263383298,9,0.019271948608137045,402,3,56,6,0.6666666666666666,0.0967741935483871,0.9925925925925926,0.5503239599823739,0.45098468765405253,0.8258064516129032,0.10180885330088572
pipe_grud_state_recomputed_degradation_v0,random_pipe_state_dropout_25,pipe_state_random_dropout,core,evaluated,20260614,True,pipe_grud_rollout_backtest_v0,bloom_h,source,aquamatch_chla,aquamatch_chla,test,3,290,0.3,24,0.08275862068965517,1,0.0034482758620689655,266,0,23,1,1.0,0.041666666666666664,1.0,0.5192792792792793,0.46598762302987246,0.8638784461152881,0.06534376592376541
pipe_grud_state_recomputed_degradation_v0,random_pipe_state_dropout_25,pipe_state_random_dropout,core,evaluated,20260614,True,pipe_grud_rollout_backtest_v0,bloom_h,source,lakebed_us_cse,lakebed_us_cse,test,3,1,0.3,0,0.0,0,0.0,1,0,0,0,0.0,0.0,1.0,1.0,0.0,,0.06376481048868886
pipe_grud_state_recomputed_degradation_v0,random_pipe_state_dropout_25,pipe_state_random_dropout,core,evaluated,20260614,True,pipe_grud_rollout_backtest_v0,bloom_h,source,wqp,wqp,test,3,176,0.3,38,0.2159090909090909,8,0.045454545454545456,135,3,33,5,0.625,0.13157894736842105,0.9782608695652174,0.5498721227621484,0.48668911985624586,0.7606788710907704,0.16210953160871006
pipe_grud_state_recomputed_degradation_v0,random_pipe_state_dropout_25,pipe_state_random_dropout,core,evaluated,20260614,True,pipe_grud_rollout_backtest_v0,irc_alert,overall,all,all,test,1,512,0.5,173,0.337890625,110,0.21484375,320,19,82,91,0.8272727272727273,0.5260115606936416,0.943952802359882,0.7534036232195057,0.5953112683920126,0.7349821815267619,0.197265625
pipe_grud_state_recomputed_degradation_v0,random_pipe_state_dropout_25,pipe_state_random_dropout,core,evaluated,20260614,True,pipe_grud_rollout_backtest_v0,irc_alert,source,aquamatch_chla,aquamatch_chla,test,1,290,0.5,68,0.23448275862068965,43,0.1482758620689655,211,11,36,32,0.7441860465116279,0.47058823529411764,0.9504504504504504,0.738181678480186,0.4743431293928959,0.7105193428722841,0.16206896551724137
pipe_grud_state_recomputed_degradation_v0,random_pipe_state_dropout_25,pipe_state_random_dropout,core,evaluated,20260614,True,pipe_grud_rollout_backtest_v0,irc_alert,source,lakebed_us_cse,lakebed_us_cse,test,1,1,0.5,1,1.0,1,1.0,0,0,0,1,1.0,1.0,,1.0,1.0,,0.0
pipe_grud_state_recomputed_degradation_v0,random_pipe_state_dropout_25,pipe_state_random_dropout,core,evaluated,20260614,True,pipe_grud_rollout_backtest_v0,irc_alert,source,wqp,wqp,test,1,221,0.5,104,0.47058823529411764,66,0.2986425339366516,109,8,46,58,0.8787878787878788,0.5576923076923077,0.9316239316239316,0.7419117647058824,0.6982380364733306,0.7446581196581197,0.24434389140271492
pipe_grud_state_recomputed_degradation_v0,random_pipe_state_dropout_25,pipe_state_random_dropout,core,evaluated,20260614,True,pipe_grud_rollout_backtest_v0,irc_alert,overall,all,all,test,2,512,0.5,178,0.34765625,98,0.19140625,317,17,97,81,0.826530612244898,0.4550561797752809,0.9491017964071856,0.7172750523134155,0.5655709878754873,0.7020789880912331,0.22265625
pipe_grud_state_recomputed_degradation_v0,random_pipe_state_dropout_25,pipe_state_random_dropout,core,evaluated,20260614,True,pipe_grud_rollout_backtest_v0,irc_alert,source,aquamatch_chla,aquamatch_chla,test,2,290,0.5,72,0.2482758620689655,33,0.11379310344827587,210,8,47,25,0.7575757575757576,0.3472222222222222,0.963302752293578,0.6802005012531328,0.4251161035643794,0.6552624872579002,0.1896551724137931
pipe_grud_state_recomputed_degradation_v0,random_pipe_state_dropout_25,pipe_state_random_dropout,core,evaluated,20260614,True,pipe_grud_rollout_backtest_v0,irc_alert,source,lakebed_us_cse,lakebed_us_cse,test,2,1,0.5,1,1.0,1,1.0,0,0,0,1,1.0,1.0,,1.0,1.0,,0.0
pipe_grud_state_recomputed_degradation_v0,random_pipe_state_dropout_25,pipe_state_random_dropout,core,evaluated,20260614,True,pipe_grud_rollout_backtest_v0,irc_alert,source,wqp,wqp,test,2,221,0.5,105,0.4751131221719457,64,0.2895927601809955,107,9,50,55,0.859375,0.5238095238095238,0.9224137931034483,0.7173851789236405,0.6763931534152122,0.723111658456486,0.2669683257918552
pipe_grud_state_recomputed_degradation_v0,random_pipe_state_dropout_25,pipe_state_random_dropout,core,evaluated,20260614,True,pipe_grud_rollout_backtest_v0,irc_alert,overall,all,all,test,3,512,0.5,181,0.353515625,87,0.169921875,320,11,105,76,0.8735632183908046,0.4198895027624309,0.9667673716012085,0.706862512832662,0.5718781504016638,0.6933284371818196,0.2265625
pipe_grud_state_recomputed_degradation_v0,random_pipe_state_dropout_25,pipe_state_random_dropout,core,evaluated,20260614,True,pipe_grud_rollout_backtest_v0,irc_alert,source,aquamatch_chla,aquamatch_chla,test,3,290,0.5,62,0.21379310344827587,27,0.09310344827586207,222,6,41,21,0.7777777777777778,0.3387096774193548,0.9736842105263158,0.6880935490514657,0.4048201705598814,0.6561969439728352,0.16206896551724137
pipe_grud_state_recomputed_degradation_v0,random_pipe_state_dropout_25,pipe_state_random_dropout,core,evaluated,20260614,True,pipe_grud_rollout_backtest_v0,irc_alert,source,lakebed_us_cse,lakebed_us_cse,test,3,1,0.5,1,1.0,1,1.0,0,0,0,1,1.0,1.0,,1.0,1.0,,0.0
pipe_grud_state_recomputed_degradation_v0,random_pipe_state_dropout_25,pipe_state_random_dropout,core,evaluated,20260614,True,pipe_grud_rollout_backtest_v0,irc_alert,source,wqp,wqp,test,3,221,0.5,118,0.5339366515837104,59,0.2669683257918552,98,5,64,54,0.9152542372881356,0.4576271186440678,0.9514563106796117,0.6748960665174288,0.7084379196179389,0.7045417146618399,0.31221719457013575
pipe_grud_state_recomputed_degradation_v0,temporal_pipe_state_blocks_3m_rate_10,pipe_state_temporal_block_missingness,core,evaluated,20260612,True,pipe_grud_rollout_backtest_v0,bloom_h,overall,all,all,test,1,461,0.3,60,0.1301518438177874,38,0.0824295010845987,391,10,32,28,0.7368421052631579,0.4666666666666667,0.9750623441396509,0.7602288488210818,0.7014148633574077,0.9221737323358271,0.07129316721866387
pipe_grud_state_recomputed_degradation_v0,temporal_pipe_state_blocks_3m_rate_10,pipe_state_temporal_block_missingness,core,evaluated,20260612,True,pipe_grud_rollout_backtest_v0,bloom_h,source,aquamatch_chla,aquamatch_chla,test,1,290,0.3,25,0.08620689655172414,16,0.05517241379310345,259,6,15,10,0.625,0.4,0.9773584905660377,0.7244219195438708,0.6205236053956361,0.9085283018867925,0.053907299155518104
pipe_grud_state_recomputed_degradation_v0,temporal_pipe_state_blocks_3m_rate_10,pipe_state_temporal_block_missingness,core,evaluated,20260612,True,pipe_grud_rollout_backtest_v0,bloom_h,source,lakebed_us_cse,lakebed_us_cse,test,1,1,0.3,0,0.0,0,0.0,1,0,0,0,0.0,0.0,1.0,1.0,0.0,,0.018696376509787605
pipe_grud_state_recomputed_degradation_v0,temporal_pipe_state_blocks_3m_rate_10,pipe_state_temporal_block_missingness,core,evaluated,20260612,True,pipe_grud_rollout_backtest_v0,bloom_h,source,wqp,wqp,test,1,170,0.3,35,0.20588235294117646,22,0.12941176470588237,131,4,17,18,0.8181818181818182,0.5142857142857142,0.9703703703703703,0.7786870001859774,0.7765892301679822,0.9216931216931217,0.1012608056246706
pipe_grud_state_recomputed_degradation_v0,temporal_pipe_state_blocks_3m_rate_10,pipe_state_temporal_block_missingness,core,evaluated,20260612,True,pipe_grud_rollout_backtest_v0,bloom_h,overall,all,all,test,2,460,0.3180428134556575,62,0.13478260869565217,26,0.05652173913043478,394,4,40,22,0.8461538461538461,0.3548387096774194,0.9899497487437185,0.7235576923076923,0.6950487197768747,0.918139082509321,0.08154039763233156
pipe_grud_state_recomputed_degradation_v0,temporal_pipe_state_blocks_3m_rate_10,pipe_state_temporal_block_missingness,core,evaluated,20260612,True,pipe_grud_rollout_backtest_v0,bloom_h,source,aquamatch_chla,aquamatch_chla,test,2,290,0.3180428134556575,23,0.07931034482758621,14,0.04827586206896552,264,3,12,11,0.7857142857142857,0.4782608695652174,0.9887640449438202,0.7834851426011646,0.682713004334035,0.9445530043966781,0.04638399490143801
pipe_grud_state_recomputed_degradation_v0,temporal_pipe_state_blocks_3m_rate_10,pipe_state_temporal_block_missingness,core,evaluated,20260612,True,pipe_grud_rollout_backtest_v0,bloom_h,source,lakebed_us_cse,lakebed_us_cse,test,2,1,0.3180428134556575,0,0.0,0,0.0,1,0,0,0,0.0,0.0,1.0,1.0,0.0,,0.03069735673792775
pipe_grud_state_recomputed_degradation_v0,temporal_pipe_state_blocks_3m_rate_10,pipe_state_temporal_block_missingness,core,evaluated,20260612,True,pipe_grud_rollout_backtest_v0,bloom_h,source,wqp,wqp,test,2,169,0.3180428134556575,39,0.23076923076923078,12,0.07100591715976332,129,1,28,11,0.9166666666666666,0.28205128205128205,0.9923076923076923,0.6651636264261802,0.7107333086962482,0.8642011834319526,0.14216879901016316
pipe_grud_state_recomputed_degradation_v0,temporal_pipe_state_blocks_3m_rate_10,pipe_state_temporal_block_missingness,core,evaluated,20260612,True,pipe_grud_rollout_backtest_v0,bloom_h,overall,all,all,test,3,467,0.3,62,0.13276231263383298,23,0.04925053533190578,399,6,45,17,0.7391304347826086,0.27419354838709675,0.9851851851851852,0.669964664310954,0.5933377313718702,0.8996614894464358,0.08531139610046244
pipe_grud_state_recomputed_degradation_v0,temporal_pipe_state_blocks_3m_rate_10,pipe_state_temporal_block_missingness,core,evaluated,20260612,True,pipe_grud_rollout_backtest_v0,bloom_h,source,aquamatch_chla,aquamatch_chla,test,3,290,0.3,24,0.08275862068965517,13,0.04482758620689655,263,3,14,10,0.7692307692307693,0.4166666666666667,0.9887218045112782,0.7546164949479867,0.5536299520243486,0.9117324561403508,0.05362076336395396
pipe_grud_state_recomputed_degradation_v0,temporal_pipe_state_blocks_3m_rate_10,pipe_state_temporal_block_missingness,core,evaluated,20260612,True,pipe_grud_rollout_backtest_v0,bloom_h,source,lakebed_us_cse,lakebed_us_cse,test,3,1,0.3,0,0.0,0,0.0,1,0,0,0,0.0,0.0,1.0,1.0,0.0,,0.038959524323841935
pipe_grud_state_recomputed_degradation_v0,temporal_pipe_state_blocks_3m_rate_10,pipe_state_temporal_block_missingness,core,evaluated,20260612,True,pipe_grud_rollout_backtest_v0,bloom_h,source,wqp,wqp,test,3,176,0.3,38,0.2159090909090909,10,0.056818181818181816,135,3,31,7,0.7,0.18421052631578946,0.9782608695652174,0.5899122807017544,0.6328913819584159,0.8699466056445462,0.1377922788582129
pipe_grud_state_recomputed_degradation_v0,temporal_pipe_state_blocks_3m_rate_10,pipe_state_temporal_block_missingness,core,evaluated,20260612,True,pipe_grud_rollout_backtest_v0,irc_alert,overall,all,all,test,1,512,0.5,173,0.337890625,142,0.27734375,317,22,53,120,0.8450704225352113,0.6936416184971098,0.9351032448377581,0.8280609846195177,0.6896916406313603,0.814372431667434,0.146484375
pipe_grud_state_recomputed_degradation_v0,temporal_pipe_state_blocks_3m_rate_10,pipe_state_temporal_block_missingness,core,evaluated,20260612,True,pipe_grud_rollout_backtest_v0,irc_alert,source,aquamatch_chla,aquamatch_chla,test,1,290,0.5,68,0.23448275862068965,53,0.18275862068965518,211,11,26,42,0.7924528301886793,0.6176470588235294,0.9504504504504504,0.8068024271232828,0.5791113322362127,0.7840487546369899,0.12758620689655173
pipe_grud_state_recomputed_degradation_v0,temporal_pipe_state_blocks_3m_rate_10,pipe_state_temporal_block_missingness,core,evaluated,20260612,True,pipe_grud_rollout_backtest_v0,irc_alert,source,lakebed_us_cse,lakebed_us_cse,test,1,1,0.5,1,1.0,1,1.0,0,0,0,1,1.0,1.0,,1.0,1.0,,0.0
pipe_grud_state_recomputed_degradation_v0,temporal_pipe_state_blocks_3m_rate_10,pipe_state_temporal_block_missingness,core,evaluated,20260612,True,pipe_grud_rollout_backtest_v0,irc_alert,source,wqp,wqp,test,1,221,0.5,104,0.47058823529411764,88,0.39819004524886875,106,11,27,77,0.875,0.7403846153846154,0.905982905982906,0.8250416666666667,0.770008484162896,0.8231837606837606,0.17194570135746606
pipe_grud_state_recomputed_degradation_v0,temporal_pipe_state_blocks_3m_rate_10,pipe_state_temporal_block_missingness,core,evaluated,20260612,True,pipe_grud_rollout_backtest_v0,irc_alert,overall,all,all,test,2,512,0.5,178,0.34765625,132,0.2578125,313,21,67,111,0.8409090909090909,0.6235955056179775,0.937125748502994,0.7964398662690884,0.6552465047242084,0.7803606270604858,0.171875
pipe_grud_state_recomputed_degradation_v0,temporal_pipe_state_blocks_3m_rate_10,pipe_state_temporal_block_missingness,core,evaluated,20260612,True,pipe_grud_rollout_backtest_v0,irc_alert,source,aquamatch_chla,aquamatch_chla,test,2,290,0.5,72,0.2482758620689655,48,0.16551724137931034,208,10,34,38,0.7916666666666666,0.5277777777777778,0.9541284403669725,0.768840579710145,0.5350654533844189,0.7409531090723752,0.15172413793103448
pipe_grud_state_recomputed_degradation_v0,temporal_pipe_state_blocks_3m_rate_10,pipe_state_temporal_block_missingness,core,evaluated,20260612,True,pipe_grud_rollout_backtest_v0,irc_alert,source,lakebed_us_cse,lakebed_us_cse,test,2,1,0.5,1,1.0,1,1.0,0,0,0,1,1.0,1.0,,1.0,1.0,,0.0
pipe_grud_state_recomputed_degradation_v0,temporal_pipe_state_blocks_3m_rate_10,pipe_state_temporal_block_missingness,core,evaluated,20260612,True,pipe_grud_rollout_backtest_v0,irc_alert,source,wqp,wqp,test,2,221,0.5,105,0.4751131221719457,83,0.3755656108597285,105,11,33,72,0.8674698795180723,0.6857142857142857,0.9051724137931034,0.7963645501759089,0.7441577557807183,0.7954433497536946,0.19909502262443438
pipe_grud_state_recomputed_degradation_v0,temporal_pipe_state_blocks_3m_rate_10,pipe_state_temporal_block_missingness,core,evaluated,20260612,True,pipe_grud_rollout_backtest_v0,irc_alert,overall,all,all,test,3,512,0.5,181,0.353515625,126,0.24609375,309,22,77,104,0.8253968253968254,0.574585635359116,0.9335347432024169,0.7697245580799477,0.6246517843440322,0.7540601892807663,0.193359375
pipe_grud_state_recomputed_degradation_v0,temporal_pipe_state_blocks_3m_rate_10,pipe_state_temporal_block_missingness,core,evaluated,20260612,True,pipe_grud_rollout_backtest_v0,irc_alert,source,aquamatch_chla,aquamatch_chla,test,3,290,0.5,62,0.21379310344827587,45,0.15517241379310345,216,12,29,33,0.7333333333333333,0.532258064516129,0.9473684210526315,0.7650708344035881,0.4903225806451612,0.7398132427843803,0.1413793103448276
pipe_grud_state_recomputed_degradation_v0,temporal_pipe_state_blocks_3m_rate_10,pipe_state_temporal_block_missingness,core,evaluated,20260612,True,pipe_grud_rollout_backtest_v0,irc_alert,source,lakebed_us_cse,lakebed_us_cse,test,3,1,0.5,1,1.0,1,1.0,0,0,0,1,1.0,1.0,,1.0,1.0,,0.0
pipe_grud_state_recomputed_degradation_v0,temporal_pipe_state_blocks_3m_rate_10,pipe_state_temporal_block_missingness,core,evaluated,20260612,True,pipe_grud_rollout_backtest_v0,irc_alert,source,wqp,wqp,test,3,221,0.5,118,0.5339366515837104,80,0.36199095022624433,93,10,48,70,0.875,0.5932203389830508,0.9029126213592233,0.7346828945189601,0.736262366745916,0.7480664801711371,0.26244343891402716
pipe_grud_state_recomputed_degradation_v0,temporal_pipe_state_blocks_3m_rate_10,pipe_state_temporal_block_missingness,core,evaluated,20260613,True,pipe_grud_rollout_backtest_v0,bloom_h,overall,all,all,test,1,461,0.3,60,0.1301518438177874,38,0.0824295010845987,391,10,32,28,0.7368421052631579,0.4666666666666667,0.9750623441396509,0.7602288488210818,0.7095083781704811,0.927431421446384,0.07066750956394262
pipe_grud_state_recomputed_degradation_v0,temporal_pipe_state_blocks_3m_rate_10,pipe_state_temporal_block_missingness,core,evaluated,20260613,True,pipe_grud_rollout_backtest_v0,bloom_h,source,aquamatch_chla,aquamatch_chla,test,1,290,0.3,25,0.08620689655172414,16,0.05517241379310345,259,6,15,10,0.625,0.4,0.9773584905660377,0.7244219195438708,0.6236497872373203,0.909056603773585,0.053767496215696174
pipe_grud_state_recomputed_degradation_v0,temporal_pipe_state_blocks_3m_rate_10,pipe_state_temporal_block_missingness,core,evaluated,20260613,True,pipe_grud_rollout_backtest_v0,bloom_h,source,lakebed_us_cse,lakebed_us_cse,test,1,1,0.3,0,0.0,0,0.0,1,0,0,0,0.0,0.0,1.0,1.0,0.0,,0.018696376509787605
pipe_grud_state_recomputed_degradation_v0,temporal_pipe_state_blocks_3m_rate_10,pipe_state_temporal_block_missingness,core,evaluated,20260613,True,pipe_grud_rollout_backtest_v0,bloom_h,source,wqp,wqp,test,1,170,0.3,35,0.20588235294117646,22,0.12941176470588237,131,4,17,18,0.8181818181818182,0.5142857142857142,0.9703703703703703,0.7786870001859774,0.7856698668914776,0.9346031746031747,0.09980265664656392
pipe_grud_state_recomputed_degradation_v0,temporal_pipe_state_blocks_3m_rate_10,pipe_state_temporal_block_missingness,core,evaluated,20260613,True,pipe_grud_rollout_backtest_v0,bloom_h,overall,all,all,test,2,460,0.3180428134556575,62,0.13478260869565217,26,0.05652173913043478,394,4,40,22,0.8461538461538461,0.3548387096774194,0.9899497487437185,0.7235576923076923,0.7004495281692035,0.9211176852001944,0.08098990006773162
pipe_grud_state_recomputed_degradation_v0,temporal_pipe_state_blocks_3m_rate_10,pipe_state_temporal_block_missingness,core,evaluated,20260613,True,pipe_grud_rollout_backtest_v0,bloom_h,source,aquamatch_chla,aquamatch_chla,test,2,290,0.3180428134556575,23,0.07931034482758621,14,0.04827586206896552,264,3,12,11,0.7857142857142857,0.4782608695652174,0.9887640449438202,0.7834851426011646,0.681084917497961,0.9444715844325029,0.046424119696902
pipe_grud_state_recomputed_degradation_v0,temporal_pipe_state_blocks_3m_rate_10,pipe_state_temporal_block_missingness,core,evaluated,20260613,True,pipe_grud_rollout_backtest_v0,bloom_h,source,lakebed_us_cse,lakebed_us_cse,test,2,1,0.3180428134556575,0,0.0,0,0.0,1,0,0,0,0.0,0.0,1.0,1.0,0.0,,0.03069735673792775
pipe_grud_state_recomputed_degradation_v0,temporal_pipe_state_blocks_3m_rate_10,pipe_state_temporal_block_missingness,core,evaluated,20260613,True,pipe_grud_rollout_backtest_v0,bloom_h,source,wqp,wqp,test,2,169,0.3180428134556575,39,0.23076923076923078,12,0.07100591715976332,129,1,28,11,0.9166666666666666,0.28205128205128205,0.9923076923076923,0.6651636264261802,0.7188087518373014,0.8723865877712031,0.14060155007288194
pipe_grud_state_recomputed_degradation_v0,temporal_pipe_state_blocks_3m_rate_10,pipe_state_temporal_block_missingness,core,evaluated,20260613,True,pipe_grud_rollout_backtest_v0,bloom_h,overall,all,all,test,3,467,0.3,62,0.13276231263383298,23,0.04925053533190578,399,6,45,17,0.7391304347826086,0.27419354838709675,0.9851851851851852,0.669964664310954,0.5954227112332546,0.9011748307447232,0.08504004018585301
pipe_grud_state_recomputed_degradation_v0,temporal_pipe_state_blocks_3m_rate_10,pipe_state_temporal_block_missingness,core,evaluated,20260613,True,pipe_grud_rollout_backtest_v0,bloom_h,source,aquamatch_chla,aquamatch_chla,test,3,290,0.3,24,0.08275862068965517,13,0.04482758620689655,263,3,14,10,0.7692307692307693,0.4166666666666667,0.9887218045112782,0.7546164949479867,0.5526287807536261,0.9118107769423559,0.053685017677483265
pipe_grud_state_recomputed_degradation_v0,temporal_pipe_state_blocks_3m_rate_10,pipe_state_temporal_block_missingness,core,evaluated,20260613,True,pipe_grud_rollout_backtest_v0,bloom_h,source,lakebed_us_cse,lakebed_us_cse,test,3,1,0.3,0,0.0,0,0.0,1,0,0,0,0.0,0.0,1.0,1.0,0.0,,0.038959524323841935
pipe_grud_state_recomputed_degradation_v0,temporal_pipe_state_blocks_3m_rate_10,pipe_state_temporal_block_missingness,core,evaluated,20260613,True,pipe_grud_rollout_backtest_v0,bloom_h,source,wqp,wqp,test,3,176,0.3,38,0.2159090909090909,10,0.056818181818181816,135,3,31,7,0.7,0.18421052631578946,0.9782608695652174,0.5899122807017544,0.635185735326942,0.8731884057971014,0.13696638702272368
pipe_grud_state_recomputed_degradation_v0,temporal_pipe_state_blocks_3m_rate_10,pipe_state_temporal_block_missingness,core,evaluated,20260613,True,pipe_grud_rollout_backtest_v0,irc_alert,overall,all,all,test,1,512,0.5,173,0.337890625,146,0.28515625,316,23,50,123,0.8424657534246576,0.7109826589595376,0.9321533923303835,0.8338068876586852,0.6966347914522132,0.8215680256449607,0.142578125
pipe_grud_state_recomputed_degradation_v0,temporal_pipe_state_blocks_3m_rate_10,pipe_state_temporal_block_missingness,core,evaluated,20260613,True,pipe_grud_rollout_backtest_v0,irc_alert,source,aquamatch_chla,aquamatch_chla,test,1,290,0.5,68,0.23448275862068965,55,0.1896551724137931,209,13,26,42,0.7636363636363637,0.6176470588235294,0.9414414414414415,0.7987938303890698,0.5613129264244883,0.7795442501324854,0.13448275862068965
pipe_grud_state_recomputed_degradation_v0,temporal_pipe_state_blocks_3m_rate_10,pipe_state_temporal_block_missingness,core,evaluated,20260613,True,pipe_grud_rollout_backtest_v0,irc_alert,source,lakebed_us_cse,lakebed_us_cse,test,1,1,0.5,1,1.0,1,1.0,0,0,0,1,1.0,1.0,,1.0,1.0,,0.0
pipe_grud_state_recomputed_degradation_v0,temporal_pipe_state_blocks_3m_rate_10,pipe_state_temporal_block_missingness,core,evaluated,20260613,True,pipe_grud_rollout_backtest_v0,irc_alert,source,wqp,wqp,test,1,221,0.5,104,0.47058823529411764,90,0.4072398190045249,107,10,24,80,0.8888888888888888,0.7692307692307693,0.9145299145299145,0.8438227469238444,0.792357968828557,0.8418803418803419,0.15384615384615385
pipe_grud_state_recomputed_degradation_v0,temporal_pipe_state_blocks_3m_rate_10,pipe_state_temporal_block_missingness,core,evaluated,20260613,True,pipe_grud_rollout_backtest_v0,irc_alert,overall,all,all,test,2,512,0.5,178,0.34765625,135,0.263671875,313,21,64,114,0.8444444444444444,0.6404494382022472,0.937125748502994,0.8044422875579103,0.6658239700374532,0.7887875933526206,0.166015625
pipe_grud_state_recomputed_degradation_v0,temporal_pipe_state_blocks_3m_rate_10,pipe_state_temporal_block_missingness,core,evaluated,20260613,True,pipe_grud_rollout_backtest_v0,irc_alert,source,aquamatch_chla,aquamatch_chla,test,2,290,0.5,72,0.2482758620689655,49,0.16896551724137931,208,10,33,39,0.7959183673469388,0.5416666666666666,0.9541284403669725,0.7754730909811123,0.5449155524278677,0.7478975535168195,0.1482758620689655
pipe_grud_state_recomputed_degradation_v0,temporal_pipe_state_blocks_3m_rate_10,pipe_state_temporal_block_missingness,core,evaluated,20260613,True,pipe_grud_rollout_backtest_v0,irc_alert,source,lakebed_us_cse,lakebed_us_cse,test,2,1,0.5,1,1.0,1,1.0,0,0,0,1,1.0,1.0,,1.0,1.0,,0.0
pipe_grud_state_recomputed_degradation_v0,temporal_pipe_state_blocks_3m_rate_10,pipe_state_temporal_block_missingness,core,evaluated,20260613,True,pipe_grud_rollout_backtest_v0,irc_alert,source,wqp,wqp,test,2,221,0.5,105,0.4751131221719457,85,0.38461538461538464,105,11,31,74,0.8705882352941177,0.7047619047619048,0.9051724137931034,0.8061403508771929,0.7538289161818573,0.8049671592775041,0.19004524886877827
pipe_grud_state_recomputed_degradation_v0,temporal_pipe_state_blocks_3m_rate_10,pipe_state_temporal_block_missingness,core,evaluated,20260613,True,pipe_grud_rollout_backtest_v0,irc_alert,overall,all,all,test,3,512,0.5,181,0.353515625,132,0.2578125,308,23,72,109,0.8257575757575758,0.6022099447513812,0.9305135951661632,0.7814354978588408,0.6379044240750043,0.7663617699587723,0.185546875
pipe_grud_state_recomputed_degradation_v0,temporal_pipe_state_blocks_3m_rate_10,pipe_state_temporal_block_missingness,core,evaluated,20260613,True,pipe_grud_rollout_backtest_v0,irc_alert,source,aquamatch_chla,aquamatch_chla,test,3,290,0.5,62,0.21379310344827587,47,0.16206896551724137,215,13,28,34,0.723404255319149,0.5483870967741935,0.9429824561403509,0.7684021893687061,0.4932572835064966,0.7456847764572723,0.1413793103448276
pipe_grud_state_recomputed_degradation_v0,temporal_pipe_state_blocks_3m_rate_10,pipe_state_temporal_block_missingness,core,evaluated,20260613,True,pipe_grud_rollout_backtest_v0,irc_alert,source,lakebed_us_cse,lakebed_us_cse,test,3,1,0.5,1,1.0,1,1.0,0,0,0,1,1.0,1.0,,1.0,1.0,,0.0
pipe_grud_state_recomputed_degradation_v0,temporal_pipe_state_blocks_3m_rate_10,pipe_state_temporal_block_missingness,core,evaluated,20260613,True,pipe_grud_rollout_backtest_v0,irc_alert,source,wqp,wqp,test,3,221,0.5,118,0.5339366515837104,84,0.38009049773755654,93,10,44,74,0.8809523809523809,0.6271186440677966,0.9029126213592233,0.7538366336633664,0.7515566852555885,0.76501563271351,0.24434389140271492
pipe_grud_state_recomputed_degradation_v0,temporal_pipe_state_blocks_3m_rate_10,pipe_state_temporal_block_missingness,core,evaluated,20260614,True,pipe_grud_rollout_backtest_v0,bloom_h,overall,all,all,test,1,461,0.3,60,0.1301518438177874,36,0.07809110629067245,391,10,34,26,0.7222222222222222,0.43333333333333335,0.9750623441396509,0.7441989507667474,0.6840188549912148,0.9154405652535328,0.0730701048164756
pipe_grud_state_recomputed_degradation_v0,temporal_pipe_state_blocks_3m_rate_10,pipe_state_temporal_block_missingness,core,evaluated,20260614,True,pipe_grud_rollout_backtest_v0,bloom_h,source,aquamatch_chla,aquamatch_chla,test,1,290,0.3,25,0.08620689655172414,16,0.05517241379310345,259,6,15,10,0.625,0.4,0.9773584905660377,0.7244219195438708,0.621746569315724,0.910188679245283,0.053861209350574285
pipe_grud_state_recomputed_degradation_v0,temporal_pipe_state_blocks_3m_rate_10,pipe_state_temporal_block_missingness,core,evaluated,20260614,True,pipe_grud_rollout_backtest_v0,bloom_h,source,lakebed_us_cse,lakebed_us_cse,test,1,1,0.3,0,0.0,0,0.0,1,0,0,0,0.0,0.0,1.0,1.0,0.0,,0.018696376509787605
pipe_grud_state_recomputed_degradation_v0,temporal_pipe_state_blocks_3m_rate_10,pipe_state_temporal_block_missingness,core,evaluated,20260614,True,pipe_grud_rollout_backtest_v0,bloom_h,source,wqp,wqp,test,1,170,0.3,35,0.20588235294117646,20,0.11764705882352941,131,4,19,16,0.8,0.45714285714285713,0.9703703703703703,0.7505582137161084,0.7466344564273512,0.9019047619047619,0.10615806607187604
pipe_grud_state_recomputed_degradation_v0,temporal_pipe_state_blocks_3m_rate_10,pipe_state_temporal_block_missingness,core,evaluated,20260614,True,pipe_grud_rollout_backtest_v0,bloom_h,overall,all,all,test,2,460,0.3180428134556575,62,0.13478260869565217,25,0.05434782608695652,393,5,42,20,0.8,0.3225806451612903,0.9874371859296482,0.7016737729574589,0.6635716255702724,0.8991124979737397,0.08358929816854334
pipe_grud_state_recomputed_degradation_v0,temporal_pipe_state_blocks_3m_rate_10,pipe_state_temporal_block_missingness,core,evaluated,20260614,True,pipe_grud_rollout_backtest_v0,bloom_h,source,aquamatch_chla,aquamatch_chla,test,2,290,0.3180428134556575,23,0.07931034482758621,14,0.04827586206896552,264,3,12,11,0.7857142857142857,0.4782608695652174,0.9887640449438202,0.7834851426011646,0.6442340727787066,0.9089724800521087,0.047631718822443395
pipe_grud_state_recomputed_degradation_v0,temporal_pipe_state_blocks_3m_rate_10,pipe_state_temporal_block_missingness,core,evaluated,20260614,True,pipe_grud_rollout_backtest_v0,bloom_h,source,lakebed_us_cse,lakebed_us_cse,test,2,1,0.3180428134556575,0,0.0,0,0.0,1,0,0,0,0.0,0.0,1.0,1.0,0.0,,0.03069735673792775
pipe_grud_state_recomputed_degradation_v0,temporal_pipe_state_blocks_3m_rate_10,pipe_state_temporal_block_missingness,core,evaluated,20260614,True,pipe_grud_rollout_backtest_v0,bloom_h,source,wqp,wqp,test,2,169,0.3180428134556575,39,0.23076923076923078,11,0.0650887573964497,128,2,30,9,0.8181818181818182,0.23076923076923078,0.9846153846153847,0.6244444444444444,0.6763139630250697,0.8474358974358974,0.1456046233271209
pipe_grud_state_recomputed_degradation_v0,temporal_pipe_state_blocks_3m_rate_10,pipe_state_temporal_block_missingness,core,evaluated,20260614,True,pipe_grud_rollout_backtest_v0,bloom_h,overall,all,all,test,3,467,0.3,62,0.13276231263383298,22,0.047109207708779445,399,6,46,16,0.7272727272727273,0.25806451612903225,0.9851851851851852,0.6598879551820729,0.574444034495535,0.8954002389486261,0.08636319461608866
pipe_grud_state_recomputed_degradation_v0,temporal_pipe_state_blocks_3m_rate_10,pipe_state_temporal_block_missingness,core,evaluated,20260614,True,pipe_grud_rollout_backtest_v0,bloom_h,source,aquamatch_chla,aquamatch_chla,test,3,290,0.3,24,0.08275862068965517,13,0.04482758620689655,263,3,14,10,0.7692307692307693,0.4166666666666667,0.9887218045112782,0.7546164949479867,0.555994364572327,0.9170582706766918,0.05345873653618835
pipe_grud_state_recomputed_degradation_v0,temporal_pipe_state_blocks_3m_rate_10,pipe_state_temporal_block_missingness,core,evaluated,20260614,True,pipe_grud_rollout_backtest_v0,bloom_h,source,lakebed_us_cse,lakebed_us_cse,test,3,1,0.3,0,0.0,0,0.0,1,0,0,0,0.0,0.0,1.0,1.0,0.0,,0.038959524323841935
pipe_grud_state_recomputed_degradation_v0,temporal_pipe_state_blocks_3m_rate_10,pipe_state_temporal_block_missingness,core,evaluated,20260614,True,pipe_grud_rollout_backtest_v0,bloom_h,source,wqp,wqp,test,3,176,0.3,38,0.2159090909090909,9,0.05113636363636364,135,3,32,6,0.6666666666666666,0.15789473684210525,0.9782608695652174,0.5702825252877572,0.5981779835598195,0.8496376811594204,0.14085010662440303
pipe_grud_state_recomputed_degradation_v0,temporal_pipe_state_blocks_3m_rate_10,pipe_state_temporal_block_missingness,core,evaluated,20260614,True,pipe_grud_rollout_backtest_v0,irc_alert,overall,all,all,test,1,512,0.5,173,0.337890625,143,0.279296875,316,23,53,120,0.8391608391608392,0.6936416184971098,0.9321533923303835,0.8260745190588572,0.6855925076549173,0.8128975054137467,0.1484375
pipe_grud_state_recomputed_degradation_v0,temporal_pipe_state_blocks_3m_rate_10,pipe_state_temporal_block_missingness,core,evaluated,20260614,True,pipe_grud_rollout_backtest_v0,irc_alert,source,aquamatch_chla,aquamatch_chla,test,1,290,0.5,68,0.23448275862068965,53,0.18275862068965518,210,12,27,41,0.7735849056603774,0.6029411764705882,0.9459459459459459,0.7963593150758925,0.559529641394619,0.7744435612082671,0.13448275862068965
pipe_grud_state_recomputed_degradation_v0,temporal_pipe_state_blocks_3m_rate_10,pipe_state_temporal_block_missingness,core,evaluated,20260614,True,pipe_grud_rollout_backtest_v0,irc_alert,source,lakebed_us_cse,lakebed_us_cse,test,1,1,0.5,1,1.0,1,1.0,0,0,0,1,1.0,1.0,,1.0,1.0,,0.0
pipe_grud_state_recomputed_degradation_v0,temporal_pipe_state_blocks_3m_rate_10,pipe_state_temporal_block_missingness,core,evaluated,20260614,True,pipe_grud_rollout_backtest_v0,irc_alert,source,wqp,wqp,test,1,221,0.5,104,0.47058823529411764,89,0.40271493212669685,106,11,26,78,0.8764044943820225,0.75,0.905982905982906,0.8298478889651872,0.7749504296100463,0.8279914529914529,0.167420814479638
pipe_grud_state_recomputed_degradation_v0,temporal_pipe_state_blocks_3m_rate_10,pipe_state_temporal_block_missingness,core,evaluated,20260614,True,pipe_grud_rollout_backtest_v0,irc_alert,overall,all,all,test,2,512,0.5,178,0.34765625,131,0.255859375,314,20,67,111,0.8473282442748091,0.6235955056179775,0.9401197604790419,0.7983841401317129,0.6592494599129427,0.7818576330485096,0.169921875
pipe_grud_state_recomputed_degradation_v0,temporal_pipe_state_blocks_3m_rate_10,pipe_state_temporal_block_missingness,core,evaluated,20260614,True,pipe_grud_rollout_backtest_v0,irc_alert,source,aquamatch_chla,aquamatch_chla,test,2,290,0.5,72,0.2482758620689655,47,0.16206896551724137,209,9,34,38,0.8085106382978723,0.5277777777777778,0.9587155963302753,0.7726899870577297,0.5439553273008886,0.7432466870540265,0.1482758620689655
pipe_grud_state_recomputed_degradation_v0,temporal_pipe_state_blocks_3m_rate_10,pipe_state_temporal_block_missingness,core,evaluated,20260614,True,pipe_grud_rollout_backtest_v0,irc_alert,source,lakebed_us_cse,lakebed_us_cse,test,2,1,0.5,1,1.0,1,1.0,0,0,0,1,1.0,1.0,,1.0,1.0,,0.0
pipe_grud_state_recomputed_degradation_v0,temporal_pipe_state_blocks_3m_rate_10,pipe_state_temporal_block_missingness,core,evaluated,20260614,True,pipe_grud_rollout_backtest_v0,irc_alert,source,wqp,wqp,test,2,221,0.5,105,0.4751131221719457,83,0.3755656108597285,105,11,33,72,0.8674698795180723,0.6857142857142857,0.9051724137931034,0.7963645501759089,0.7441577557807183,0.7954433497536946,0.19909502262443438
pipe_grud_state_recomputed_degradation_v0,temporal_pipe_state_blocks_3m_rate_10,pipe_state_temporal_block_missingness,core,evaluated,20260614,True,pipe_grud_rollout_backtest_v0,irc_alert,overall,all,all,test,3,512,0.5,181,0.353515625,127,0.248046875,310,21,75,106,0.8346456692913385,0.585635359116022,0.9365558912386707,0.7771167380105928,0.6352823912700657,0.7610956251773464,0.1875
pipe_grud_state_recomputed_degradation_v0,temporal_pipe_state_blocks_3m_rate_10,pipe_state_temporal_block_missingness,core,evaluated,20260614,True,pipe_grud_rollout_backtest_v0,irc_alert,source,aquamatch_chla,aquamatch_chla,test,3,290,0.5,62,0.21379310344827587,44,0.15172413793103448,217,11,29,33,0.75,0.532258064516129,0.9517543859649122,0.7691266618899769,0.49919354838709673,0.7420062252405206,0.13793103448275862
pipe_grud_state_recomputed_degradation_v0,temporal_pipe_state_blocks_3m_rate_10,pipe_state_temporal_block_missingness,core,evaluated,20260614,True,pipe_grud_rollout_backtest_v0,irc_alert,source,lakebed_us_cse,lakebed_us_cse,test,3,1,0.5,1,1.0,1,1.0,0,0,0,1,1.0,1.0,,1.0,1.0,,0.0
pipe_grud_state_recomputed_degradation_v0,temporal_pipe_state_blocks_3m_rate_10,pipe_state_temporal_block_missingness,core,evaluated,20260614,True,pipe_grud_rollout_backtest_v0,irc_alert,source,wqp,wqp,test,3,221,0.5,118,0.5339366515837104,82,0.37104072398190047,93,10,46,72,0.8780487804878049,0.6101694915254238,0.9029126213592233,0.7442975206611571,0.7439033743048529,0.7565410564423236,0.25339366515837103
