mifal_degradation_version,scenario_id,scenario_family,scenario_tier,seed,surface,split,horizon_months,mifal_variable,rows,present_rows,coverage_rate
mifal_controlled_degradation_v0,control_observed,control,core,,observable_no_current_chla,test,1,Tw,4673,2280,0.4879092659961481
mifal_controlled_degradation_v0,control_observed,control,core,,observable_no_current_chla,test,1,TP,4673,4300,0.920179756045367
mifal_controlled_degradation_v0,control_observed,control,core,,observable_no_current_chla,test,1,TN,4673,3193,0.6832869676867109
mifal_controlled_degradation_v0,control_observed,control,core,,observable_no_current_chla,test,1,Secchi,4673,4283,0.9165418360796063
mifal_controlled_degradation_v0,control_observed,control,core,,observable_no_current_chla,test,1,Turb,4673,2205,0.47185961908838003
mifal_controlled_degradation_v0,control_observed,control,core,,observable_no_current_chla,test,1,DOb,4673,2217,0.47442756259362295
mifal_controlled_degradation_v0,control_observed,control,core,,observable_no_current_chla,test,1,Chl,4673,0,0.0
mifal_controlled_degradation_v0,control_observed,control,core,,observable_no_current_chla,test,1,Chl_prev,4673,4443,0.950781082816178
mifal_controlled_degradation_v0,control_observed,control,core,,observable_no_current_chla,test,2,Tw,4710,2317,0.491932059447983
mifal_controlled_degradation_v0,control_observed,control,core,,observable_no_current_chla,test,2,TP,4710,4333,0.9199575371549894
mifal_controlled_degradation_v0,control_observed,control,core,,observable_no_current_chla,test,2,TN,4710,3222,0.6840764331210191
mifal_controlled_degradation_v0,control_observed,control,core,,observable_no_current_chla,test,2,Secchi,4710,4294,0.9116772823779193
mifal_controlled_degradation_v0,control_observed,control,core,,observable_no_current_chla,test,2,Turb,4710,2243,0.4762208067940552
mifal_controlled_degradation_v0,control_observed,control,core,,observable_no_current_chla,test,2,DOb,4710,2255,0.47876857749469215
mifal_controlled_degradation_v0,control_observed,control,core,,observable_no_current_chla,test,2,Chl,4710,0,0.0
mifal_controlled_degradation_v0,control_observed,control,core,,observable_no_current_chla,test,2,Chl_prev,4710,4415,0.9373673036093418
mifal_controlled_degradation_v0,control_observed,control,core,,observable_no_current_chla,test,3,Tw,4757,2351,0.4942190456169855
mifal_controlled_degradation_v0,control_observed,control,core,,observable_no_current_chla,test,3,TP,4757,4412,0.9274752995585454
mifal_controlled_degradation_v0,control_observed,control,core,,observable_no_current_chla,test,3,TN,4757,3283,0.6901408450704225
mifal_controlled_degradation_v0,control_observed,control,core,,observable_no_current_chla,test,3,Secchi,4757,4316,0.9072945133487492
mifal_controlled_degradation_v0,control_observed,control,core,,observable_no_current_chla,test,3,Turb,4757,2300,0.4834980029430313
mifal_controlled_degradation_v0,control_observed,control,core,,observable_no_current_chla,test,3,DOb,4757,2286,0.4805549716207694
mifal_controlled_degradation_v0,control_observed,control,core,,observable_no_current_chla,test,3,Chl,4757,0,0.0
mifal_controlled_degradation_v0,control_observed,control,core,,observable_no_current_chla,test,3,Chl_prev,4757,4354,0.9152827412234602
mifal_controlled_degradation_v0,control_observed,control,core,,observable_no_current_chla,validation,1,Tw,3049,1413,0.4634306329944244
mifal_controlled_degradation_v0,control_observed,control,core,,observable_no_current_chla,validation,1,TP,3049,2505,0.8215808461790751
mifal_controlled_degradation_v0,control_observed,control,core,,observable_no_current_chla,validation,1,TN,3049,1909,0.6261069203017383
mifal_controlled_degradation_v0,control_observed,control,core,,observable_no_current_chla,validation,1,Secchi,3049,2717,0.8911118399475237
mifal_controlled_degradation_v0,control_observed,control,core,,observable_no_current_chla,validation,1,Turb,3049,1368,0.4486716956379141
mifal_controlled_degradation_v0,control_observed,control,core,,observable_no_current_chla,validation,1,DOb,3049,1377,0.45162348310921613
mifal_controlled_degradation_v0,control_observed,control,core,,observable_no_current_chla,validation,1,Chl,3049,0,0.0
mifal_controlled_degradation_v0,control_observed,control,core,,observable_no_current_chla,validation,1,Chl_prev,3049,2614,0.8573302722204001
mifal_controlled_degradation_v0,control_observed,control,core,,observable_no_current_chla,validation,2,Tw,3158,1407,0.44553514882837236
mifal_controlled_degradation_v0,control_observed,control,core,,observable_no_current_chla,validation,2,TP,3158,2640,0.8359721342621913
mifal_controlled_degradation_v0,control_observed,control,core,,observable_no_current_chla,validation,2,TN,3158,2024,0.6409119696010133
mifal_controlled_degradation_v0,control_observed,control,core,,observable_no_current_chla,validation,2,Secchi,3158,2830,0.896136795440152
mifal_controlled_degradation_v0,control_observed,control,core,,observable_no_current_chla,validation,2,Turb,3158,1353,0.42843571880937303
mifal_controlled_degradation_v0,control_observed,control,core,,observable_no_current_chla,validation,2,DOb,3158,1372,0.4344521849271691
mifal_controlled_degradation_v0,control_observed,control,core,,observable_no_current_chla,validation,2,Chl,3158,0,0.0
mifal_controlled_degradation_v0,control_observed,control,core,,observable_no_current_chla,validation,2,Chl_prev,3158,2543,0.805256491450285
mifal_controlled_degradation_v0,control_observed,control,core,,observable_no_current_chla,validation,3,Tw,3184,1389,0.43624371859296485
mifal_controlled_degradation_v0,control_observed,control,core,,observable_no_current_chla,validation,3,TP,3184,2676,0.8404522613065326
mifal_controlled_degradation_v0,control_observed,control,core,,observable_no_current_chla,validation,3,TN,3184,2057,0.6460427135678392
mifal_controlled_degradation_v0,control_observed,control,core,,observable_no_current_chla,validation,3,Secchi,3184,2842,0.8925879396984925
mifal_controlled_degradation_v0,control_observed,control,core,,observable_no_current_chla,validation,3,Turb,3184,1329,0.4173994974874372
mifal_controlled_degradation_v0,control_observed,control,core,,observable_no_current_chla,validation,3,DOb,3184,1354,0.42525125628140703
mifal_controlled_degradation_v0,control_observed,control,core,,observable_no_current_chla,validation,3,Chl,3184,0,0.0
mifal_controlled_degradation_v0,control_observed,control,core,,observable_no_current_chla,validation,3,Chl_prev,3184,2426,0.7619346733668342
mifal_controlled_degradation_v0,ablate_nutrients,feature_family_ablation,core,,observable_no_current_chla,test,1,Tw,4673,2280,0.4879092659961481
mifal_controlled_degradation_v0,ablate_nutrients,feature_family_ablation,core,,observable_no_current_chla,test,1,TP,4673,0,0.0
mifal_controlled_degradation_v0,ablate_nutrients,feature_family_ablation,core,,observable_no_current_chla,test,1,TN,4673,0,0.0
mifal_controlled_degradation_v0,ablate_nutrients,feature_family_ablation,core,,observable_no_current_chla,test,1,Secchi,4673,4283,0.9165418360796063
mifal_controlled_degradation_v0,ablate_nutrients,feature_family_ablation,core,,observable_no_current_chla,test,1,Turb,4673,2205,0.47185961908838003
mifal_controlled_degradation_v0,ablate_nutrients,feature_family_ablation,core,,observable_no_current_chla,test,1,DOb,4673,2217,0.47442756259362295
mifal_controlled_degradation_v0,ablate_nutrients,feature_family_ablation,core,,observable_no_current_chla,test,1,Chl,4673,0,0.0
mifal_controlled_degradation_v0,ablate_nutrients,feature_family_ablation,core,,observable_no_current_chla,test,1,Chl_prev,4673,4443,0.950781082816178
mifal_controlled_degradation_v0,ablate_nutrients,feature_family_ablation,core,,observable_no_current_chla,test,2,Tw,4710,2317,0.491932059447983
mifal_controlled_degradation_v0,ablate_nutrients,feature_family_ablation,core,,observable_no_current_chla,test,2,TP,4710,0,0.0
mifal_controlled_degradation_v0,ablate_nutrients,feature_family_ablation,core,,observable_no_current_chla,test,2,TN,4710,0,0.0
mifal_controlled_degradation_v0,ablate_nutrients,feature_family_ablation,core,,observable_no_current_chla,test,2,Secchi,4710,4294,0.9116772823779193
mifal_controlled_degradation_v0,ablate_nutrients,feature_family_ablation,core,,observable_no_current_chla,test,2,Turb,4710,2243,0.4762208067940552
mifal_controlled_degradation_v0,ablate_nutrients,feature_family_ablation,core,,observable_no_current_chla,test,2,DOb,4710,2255,0.47876857749469215
mifal_controlled_degradation_v0,ablate_nutrients,feature_family_ablation,core,,observable_no_current_chla,test,2,Chl,4710,0,0.0
mifal_controlled_degradation_v0,ablate_nutrients,feature_family_ablation,core,,observable_no_current_chla,test,2,Chl_prev,4710,4415,0.9373673036093418
mifal_controlled_degradation_v0,ablate_nutrients,feature_family_ablation,core,,observable_no_current_chla,test,3,Tw,4757,2351,0.4942190456169855
mifal_controlled_degradation_v0,ablate_nutrients,feature_family_ablation,core,,observable_no_current_chla,test,3,TP,4757,0,0.0
mifal_controlled_degradation_v0,ablate_nutrients,feature_family_ablation,core,,observable_no_current_chla,test,3,TN,4757,0,0.0
mifal_controlled_degradation_v0,ablate_nutrients,feature_family_ablation,core,,observable_no_current_chla,test,3,Secchi,4757,4316,0.9072945133487492
mifal_controlled_degradation_v0,ablate_nutrients,feature_family_ablation,core,,observable_no_current_chla,test,3,Turb,4757,2300,0.4834980029430313
mifal_controlled_degradation_v0,ablate_nutrients,feature_family_ablation,core,,observable_no_current_chla,test,3,DOb,4757,2286,0.4805549716207694
mifal_controlled_degradation_v0,ablate_nutrients,feature_family_ablation,core,,observable_no_current_chla,test,3,Chl,4757,0,0.0
mifal_controlled_degradation_v0,ablate_nutrients,feature_family_ablation,core,,observable_no_current_chla,test,3,Chl_prev,4757,4354,0.9152827412234602
mifal_controlled_degradation_v0,ablate_nutrients,feature_family_ablation,core,,observable_no_current_chla,validation,1,Tw,3049,1413,0.4634306329944244
mifal_controlled_degradation_v0,ablate_nutrients,feature_family_ablation,core,,observable_no_current_chla,validation,1,TP,3049,0,0.0
mifal_controlled_degradation_v0,ablate_nutrients,feature_family_ablation,core,,observable_no_current_chla,validation,1,TN,3049,0,0.0
mifal_controlled_degradation_v0,ablate_nutrients,feature_family_ablation,core,,observable_no_current_chla,validation,1,Secchi,3049,2717,0.8911118399475237
mifal_controlled_degradation_v0,ablate_nutrients,feature_family_ablation,core,,observable_no_current_chla,validation,1,Turb,3049,1368,0.4486716956379141
mifal_controlled_degradation_v0,ablate_nutrients,feature_family_ablation,core,,observable_no_current_chla,validation,1,DOb,3049,1377,0.45162348310921613
mifal_controlled_degradation_v0,ablate_nutrients,feature_family_ablation,core,,observable_no_current_chla,validation,1,Chl,3049,0,0.0
mifal_controlled_degradation_v0,ablate_nutrients,feature_family_ablation,core,,observable_no_current_chla,validation,1,Chl_prev,3049,2614,0.8573302722204001
mifal_controlled_degradation_v0,ablate_nutrients,feature_family_ablation,core,,observable_no_current_chla,validation,2,Tw,3158,1407,0.44553514882837236
mifal_controlled_degradation_v0,ablate_nutrients,feature_family_ablation,core,,observable_no_current_chla,validation,2,TP,3158,0,0.0
mifal_controlled_degradation_v0,ablate_nutrients,feature_family_ablation,core,,observable_no_current_chla,validation,2,TN,3158,0,0.0
mifal_controlled_degradation_v0,ablate_nutrients,feature_family_ablation,core,,observable_no_current_chla,validation,2,Secchi,3158,2830,0.896136795440152
mifal_controlled_degradation_v0,ablate_nutrients,feature_family_ablation,core,,observable_no_current_chla,validation,2,Turb,3158,1353,0.42843571880937303
mifal_controlled_degradation_v0,ablate_nutrients,feature_family_ablation,core,,observable_no_current_chla,validation,2,DOb,3158,1372,0.4344521849271691
mifal_controlled_degradation_v0,ablate_nutrients,feature_family_ablation,core,,observable_no_current_chla,validation,2,Chl,3158,0,0.0
mifal_controlled_degradation_v0,ablate_nutrients,feature_family_ablation,core,,observable_no_current_chla,validation,2,Chl_prev,3158,2543,0.805256491450285
mifal_controlled_degradation_v0,ablate_nutrients,feature_family_ablation,core,,observable_no_current_chla,validation,3,Tw,3184,1389,0.43624371859296485
mifal_controlled_degradation_v0,ablate_nutrients,feature_family_ablation,core,,observable_no_current_chla,validation,3,TP,3184,0,0.0
mifal_controlled_degradation_v0,ablate_nutrients,feature_family_ablation,core,,observable_no_current_chla,validation,3,TN,3184,0,0.0
mifal_controlled_degradation_v0,ablate_nutrients,feature_family_ablation,core,,observable_no_current_chla,validation,3,Secchi,3184,2842,0.8925879396984925
mifal_controlled_degradation_v0,ablate_nutrients,feature_family_ablation,core,,observable_no_current_chla,validation,3,Turb,3184,1329,0.4173994974874372
mifal_controlled_degradation_v0,ablate_nutrients,feature_family_ablation,core,,observable_no_current_chla,validation,3,DOb,3184,1354,0.42525125628140703
mifal_controlled_degradation_v0,ablate_nutrients,feature_family_ablation,core,,observable_no_current_chla,validation,3,Chl,3184,0,0.0
mifal_controlled_degradation_v0,ablate_nutrients,feature_family_ablation,core,,observable_no_current_chla,validation,3,Chl_prev,3184,2426,0.7619346733668342
mifal_controlled_degradation_v0,ablate_light,feature_family_ablation,core,,observable_no_current_chla,test,1,Tw,4673,2280,0.4879092659961481
mifal_controlled_degradation_v0,ablate_light,feature_family_ablation,core,,observable_no_current_chla,test,1,TP,4673,4300,0.920179756045367
mifal_controlled_degradation_v0,ablate_light,feature_family_ablation,core,,observable_no_current_chla,test,1,TN,4673,3193,0.6832869676867109
mifal_controlled_degradation_v0,ablate_light,feature_family_ablation,core,,observable_no_current_chla,test,1,Secchi,4673,0,0.0
mifal_controlled_degradation_v0,ablate_light,feature_family_ablation,core,,observable_no_current_chla,test,1,Turb,4673,0,0.0
mifal_controlled_degradation_v0,ablate_light,feature_family_ablation,core,,observable_no_current_chla,test,1,DOb,4673,2217,0.47442756259362295
mifal_controlled_degradation_v0,ablate_light,feature_family_ablation,core,,observable_no_current_chla,test,1,Chl,4673,0,0.0
mifal_controlled_degradation_v0,ablate_light,feature_family_ablation,core,,observable_no_current_chla,test,1,Chl_prev,4673,4443,0.950781082816178
mifal_controlled_degradation_v0,ablate_light,feature_family_ablation,core,,observable_no_current_chla,test,2,Tw,4710,2317,0.491932059447983
mifal_controlled_degradation_v0,ablate_light,feature_family_ablation,core,,observable_no_current_chla,test,2,TP,4710,4333,0.9199575371549894
mifal_controlled_degradation_v0,ablate_light,feature_family_ablation,core,,observable_no_current_chla,test,2,TN,4710,3222,0.6840764331210191
mifal_controlled_degradation_v0,ablate_light,feature_family_ablation,core,,observable_no_current_chla,test,2,Secchi,4710,0,0.0
mifal_controlled_degradation_v0,ablate_light,feature_family_ablation,core,,observable_no_current_chla,test,2,Turb,4710,0,0.0
mifal_controlled_degradation_v0,ablate_light,feature_family_ablation,core,,observable_no_current_chla,test,2,DOb,4710,2255,0.47876857749469215
mifal_controlled_degradation_v0,ablate_light,feature_family_ablation,core,,observable_no_current_chla,test,2,Chl,4710,0,0.0
mifal_controlled_degradation_v0,ablate_light,feature_family_ablation,core,,observable_no_current_chla,test,2,Chl_prev,4710,4415,0.9373673036093418
mifal_controlled_degradation_v0,ablate_light,feature_family_ablation,core,,observable_no_current_chla,test,3,Tw,4757,2351,0.4942190456169855
mifal_controlled_degradation_v0,ablate_light,feature_family_ablation,core,,observable_no_current_chla,test,3,TP,4757,4412,0.9274752995585454
mifal_controlled_degradation_v0,ablate_light,feature_family_ablation,core,,observable_no_current_chla,test,3,TN,4757,3283,0.6901408450704225
mifal_controlled_degradation_v0,ablate_light,feature_family_ablation,core,,observable_no_current_chla,test,3,Secchi,4757,0,0.0
mifal_controlled_degradation_v0,ablate_light,feature_family_ablation,core,,observable_no_current_chla,test,3,Turb,4757,0,0.0
mifal_controlled_degradation_v0,ablate_light,feature_family_ablation,core,,observable_no_current_chla,test,3,DOb,4757,2286,0.4805549716207694
mifal_controlled_degradation_v0,ablate_light,feature_family_ablation,core,,observable_no_current_chla,test,3,Chl,4757,0,0.0
mifal_controlled_degradation_v0,ablate_light,feature_family_ablation,core,,observable_no_current_chla,test,3,Chl_prev,4757,4354,0.9152827412234602
mifal_controlled_degradation_v0,ablate_light,feature_family_ablation,core,,observable_no_current_chla,validation,1,Tw,3049,1413,0.4634306329944244
mifal_controlled_degradation_v0,ablate_light,feature_family_ablation,core,,observable_no_current_chla,validation,1,TP,3049,2505,0.8215808461790751
mifal_controlled_degradation_v0,ablate_light,feature_family_ablation,core,,observable_no_current_chla,validation,1,TN,3049,1909,0.6261069203017383
mifal_controlled_degradation_v0,ablate_light,feature_family_ablation,core,,observable_no_current_chla,validation,1,Secchi,3049,0,0.0
mifal_controlled_degradation_v0,ablate_light,feature_family_ablation,core,,observable_no_current_chla,validation,1,Turb,3049,0,0.0
mifal_controlled_degradation_v0,ablate_light,feature_family_ablation,core,,observable_no_current_chla,validation,1,DOb,3049,1377,0.45162348310921613
mifal_controlled_degradation_v0,ablate_light,feature_family_ablation,core,,observable_no_current_chla,validation,1,Chl,3049,0,0.0
mifal_controlled_degradation_v0,ablate_light,feature_family_ablation,core,,observable_no_current_chla,validation,1,Chl_prev,3049,2614,0.8573302722204001
mifal_controlled_degradation_v0,ablate_light,feature_family_ablation,core,,observable_no_current_chla,validation,2,Tw,3158,1407,0.44553514882837236
mifal_controlled_degradation_v0,ablate_light,feature_family_ablation,core,,observable_no_current_chla,validation,2,TP,3158,2640,0.8359721342621913
mifal_controlled_degradation_v0,ablate_light,feature_family_ablation,core,,observable_no_current_chla,validation,2,TN,3158,2024,0.6409119696010133
mifal_controlled_degradation_v0,ablate_light,feature_family_ablation,core,,observable_no_current_chla,validation,2,Secchi,3158,0,0.0
mifal_controlled_degradation_v0,ablate_light,feature_family_ablation,core,,observable_no_current_chla,validation,2,Turb,3158,0,0.0
mifal_controlled_degradation_v0,ablate_light,feature_family_ablation,core,,observable_no_current_chla,validation,2,DOb,3158,1372,0.4344521849271691
mifal_controlled_degradation_v0,ablate_light,feature_family_ablation,core,,observable_no_current_chla,validation,2,Chl,3158,0,0.0
mifal_controlled_degradation_v0,ablate_light,feature_family_ablation,core,,observable_no_current_chla,validation,2,Chl_prev,3158,2543,0.805256491450285
mifal_controlled_degradation_v0,ablate_light,feature_family_ablation,core,,observable_no_current_chla,validation,3,Tw,3184,1389,0.43624371859296485
mifal_controlled_degradation_v0,ablate_light,feature_family_ablation,core,,observable_no_current_chla,validation,3,TP,3184,2676,0.8404522613065326
mifal_controlled_degradation_v0,ablate_light,feature_family_ablation,core,,observable_no_current_chla,validation,3,TN,3184,2057,0.6460427135678392
mifal_controlled_degradation_v0,ablate_light,feature_family_ablation,core,,observable_no_current_chla,validation,3,Secchi,3184,0,0.0
mifal_controlled_degradation_v0,ablate_light,feature_family_ablation,core,,observable_no_current_chla,validation,3,Turb,3184,0,0.0
mifal_controlled_degradation_v0,ablate_light,feature_family_ablation,core,,observable_no_current_chla,validation,3,DOb,3184,1354,0.42525125628140703
mifal_controlled_degradation_v0,ablate_light,feature_family_ablation,core,,observable_no_current_chla,validation,3,Chl,3184,0,0.0
mifal_controlled_degradation_v0,ablate_light,feature_family_ablation,core,,observable_no_current_chla,validation,3,Chl_prev,3184,2426,0.7619346733668342
mifal_controlled_degradation_v0,random_dropout_mcar_25,random_value_dropout,core,20260612,observable_no_current_chla,test,1,Tw,4673,1691,0.36186603894714314
mifal_controlled_degradation_v0,random_dropout_mcar_25,random_value_dropout,core,20260612,observable_no_current_chla,test,1,TP,4673,3252,0.6959126899208218
mifal_controlled_degradation_v0,random_dropout_mcar_25,random_value_dropout,core,20260612,observable_no_current_chla,test,1,TN,4673,2381,0.509522790498609
mifal_controlled_degradation_v0,random_dropout_mcar_25,random_value_dropout,core,20260612,observable_no_current_chla,test,1,Secchi,4673,3210,0.6869248876524716
mifal_controlled_degradation_v0,random_dropout_mcar_25,random_value_dropout,core,20260612,observable_no_current_chla,test,1,Turb,4673,1642,0.35138026963406804
mifal_controlled_degradation_v0,random_dropout_mcar_25,random_value_dropout,core,20260612,observable_no_current_chla,test,1,DOb,4673,1623,0.34731435908410013
mifal_controlled_degradation_v0,random_dropout_mcar_25,random_value_dropout,core,20260612,observable_no_current_chla,test,1,Chl,4673,0,0.0
mifal_controlled_degradation_v0,random_dropout_mcar_25,random_value_dropout,core,20260612,observable_no_current_chla,test,1,Chl_prev,4673,3322,0.7108923603680719
mifal_controlled_degradation_v0,random_dropout_mcar_25,random_value_dropout,core,20260612,observable_no_current_chla,test,2,Tw,4710,1743,0.3700636942675159
mifal_controlled_degradation_v0,random_dropout_mcar_25,random_value_dropout,core,20260612,observable_no_current_chla,test,2,TP,4710,3265,0.6932059447983014
mifal_controlled_degradation_v0,random_dropout_mcar_25,random_value_dropout,core,20260612,observable_no_current_chla,test,2,TN,4710,2368,0.50276008492569
mifal_controlled_degradation_v0,random_dropout_mcar_25,random_value_dropout,core,20260612,observable_no_current_chla,test,2,Secchi,4710,3218,0.6832271762208068
mifal_controlled_degradation_v0,random_dropout_mcar_25,random_value_dropout,core,20260612,observable_no_current_chla,test,2,Turb,4710,1693,0.35944798301486197
mifal_controlled_degradation_v0,random_dropout_mcar_25,random_value_dropout,core,20260612,observable_no_current_chla,test,2,DOb,4710,1725,0.3662420382165605
mifal_controlled_degradation_v0,random_dropout_mcar_25,random_value_dropout,core,20260612,observable_no_current_chla,test,2,Chl,4710,0,0.0
mifal_controlled_degradation_v0,random_dropout_mcar_25,random_value_dropout,core,20260612,observable_no_current_chla,test,2,Chl_prev,4710,3344,0.7099787685774946
mifal_controlled_degradation_v0,random_dropout_mcar_25,random_value_dropout,core,20260612,observable_no_current_chla,test,3,Tw,4757,1796,0.37754887534160186
mifal_controlled_degradation_v0,random_dropout_mcar_25,random_value_dropout,core,20260612,observable_no_current_chla,test,3,TP,4757,3342,0.7025436199285264
mifal_controlled_degradation_v0,random_dropout_mcar_25,random_value_dropout,core,20260612,observable_no_current_chla,test,3,TN,4757,2458,0.5167122135799874
mifal_controlled_degradation_v0,random_dropout_mcar_25,random_value_dropout,core,20260612,observable_no_current_chla,test,3,Secchi,4757,3222,0.6773176371662812
mifal_controlled_degradation_v0,random_dropout_mcar_25,random_value_dropout,core,20260612,observable_no_current_chla,test,3,Turb,4757,1701,0.35757830565482446
mifal_controlled_degradation_v0,random_dropout_mcar_25,random_value_dropout,core,20260612,observable_no_current_chla,test,3,DOb,4757,1679,0.35295354214841285
mifal_controlled_degradation_v0,random_dropout_mcar_25,random_value_dropout,core,20260612,observable_no_current_chla,test,3,Chl,4757,0,0.0
mifal_controlled_degradation_v0,random_dropout_mcar_25,random_value_dropout,core,20260612,observable_no_current_chla,test,3,Chl_prev,4757,3228,0.6785789363043935
mifal_controlled_degradation_v0,random_dropout_mcar_25,random_value_dropout,core,20260612,observable_no_current_chla,validation,1,Tw,3049,1065,0.3492948507707445
mifal_controlled_degradation_v0,random_dropout_mcar_25,random_value_dropout,core,20260612,observable_no_current_chla,validation,1,TP,3049,1839,0.6031485733027222
mifal_controlled_degradation_v0,random_dropout_mcar_25,random_value_dropout,core,20260612,observable_no_current_chla,validation,1,TN,3049,1423,0.4667103968514267
mifal_controlled_degradation_v0,random_dropout_mcar_25,random_value_dropout,core,20260612,observable_no_current_chla,validation,1,Secchi,3049,2017,0.6615283699573631
mifal_controlled_degradation_v0,random_dropout_mcar_25,random_value_dropout,core,20260612,observable_no_current_chla,validation,1,Turb,3049,1017,0.3335519842571335
mifal_controlled_degradation_v0,random_dropout_mcar_25,random_value_dropout,core,20260612,observable_no_current_chla,validation,1,DOb,3049,1008,0.3306001967858314
mifal_controlled_degradation_v0,random_dropout_mcar_25,random_value_dropout,core,20260612,observable_no_current_chla,validation,1,Chl,3049,0,0.0
mifal_controlled_degradation_v0,random_dropout_mcar_25,random_value_dropout,core,20260612,observable_no_current_chla,validation,1,Chl_prev,3049,1944,0.6375860938012463
mifal_controlled_degradation_v0,random_dropout_mcar_25,random_value_dropout,core,20260612,observable_no_current_chla,validation,2,Tw,3158,1091,0.3454718176060798
mifal_controlled_degradation_v0,random_dropout_mcar_25,random_value_dropout,core,20260612,observable_no_current_chla,validation,2,TP,3158,1953,0.6184293856871438
mifal_controlled_degradation_v0,random_dropout_mcar_25,random_value_dropout,core,20260612,observable_no_current_chla,validation,2,TN,3158,1481,0.46896770107663077
mifal_controlled_degradation_v0,random_dropout_mcar_25,random_value_dropout,core,20260612,observable_no_current_chla,validation,2,Secchi,3158,2096,0.6637112096263458
mifal_controlled_degradation_v0,random_dropout_mcar_25,random_value_dropout,core,20260612,observable_no_current_chla,validation,2,Turb,3158,1009,0.3195060164661178
mifal_controlled_degradation_v0,random_dropout_mcar_25,random_value_dropout,core,20260612,observable_no_current_chla,validation,2,DOb,3158,1025,0.324572514249525
mifal_controlled_degradation_v0,random_dropout_mcar_25,random_value_dropout,core,20260612,observable_no_current_chla,validation,2,Chl,3158,0,0.0
mifal_controlled_degradation_v0,random_dropout_mcar_25,random_value_dropout,core,20260612,observable_no_current_chla,validation,2,Chl_prev,3158,1915,0.6063964534515516
mifal_controlled_degradation_v0,random_dropout_mcar_25,random_value_dropout,core,20260612,observable_no_current_chla,validation,3,Tw,3184,1025,0.3219221105527638
mifal_controlled_degradation_v0,random_dropout_mcar_25,random_value_dropout,core,20260612,observable_no_current_chla,validation,3,TP,3184,2005,0.6297110552763819
mifal_controlled_degradation_v0,random_dropout_mcar_25,random_value_dropout,core,20260612,observable_no_current_chla,validation,3,TN,3184,1534,0.48178391959798994
mifal_controlled_degradation_v0,random_dropout_mcar_25,random_value_dropout,core,20260612,observable_no_current_chla,validation,3,Secchi,3184,2146,0.6739949748743719
mifal_controlled_degradation_v0,random_dropout_mcar_25,random_value_dropout,core,20260612,observable_no_current_chla,validation,3,Turb,3184,999,0.31375628140703515
mifal_controlled_degradation_v0,random_dropout_mcar_25,random_value_dropout,core,20260612,observable_no_current_chla,validation,3,DOb,3184,1018,0.31972361809045224
mifal_controlled_degradation_v0,random_dropout_mcar_25,random_value_dropout,core,20260612,observable_no_current_chla,validation,3,Chl,3184,0,0.0
mifal_controlled_degradation_v0,random_dropout_mcar_25,random_value_dropout,core,20260612,observable_no_current_chla,validation,3,Chl_prev,3184,1801,0.565640703517588
mifal_controlled_degradation_v0,random_dropout_mcar_25,random_value_dropout,core,20260613,observable_no_current_chla,test,1,Tw,4673,1744,0.3732077894286326
mifal_controlled_degradation_v0,random_dropout_mcar_25,random_value_dropout,core,20260613,observable_no_current_chla,test,1,TP,4673,3205,0.6858549111919537
mifal_controlled_degradation_v0,random_dropout_mcar_25,random_value_dropout,core,20260613,observable_no_current_chla,test,1,TN,4673,2420,0.5178686068906484
mifal_controlled_degradation_v0,random_dropout_mcar_25,random_value_dropout,core,20260613,observable_no_current_chla,test,1,Secchi,4673,3215,0.6879948641129895
mifal_controlled_degradation_v0,random_dropout_mcar_25,random_value_dropout,core,20260613,observable_no_current_chla,test,1,Turb,4673,1639,0.35073828375775734
mifal_controlled_degradation_v0,random_dropout_mcar_25,random_value_dropout,core,20260613,observable_no_current_chla,test,1,DOb,4673,1636,0.3500962978814466
mifal_controlled_degradation_v0,random_dropout_mcar_25,random_value_dropout,core,20260613,observable_no_current_chla,test,1,Chl,4673,0,0.0
mifal_controlled_degradation_v0,random_dropout_mcar_25,random_value_dropout,core,20260613,observable_no_current_chla,test,1,Chl_prev,4673,3367,0.7205221485127328
mifal_controlled_degradation_v0,random_dropout_mcar_25,random_value_dropout,core,20260613,observable_no_current_chla,test,2,Tw,4710,1757,0.373036093418259
mifal_controlled_degradation_v0,random_dropout_mcar_25,random_value_dropout,core,20260613,observable_no_current_chla,test,2,TP,4710,3255,0.6910828025477707
mifal_controlled_degradation_v0,random_dropout_mcar_25,random_value_dropout,core,20260613,observable_no_current_chla,test,2,TN,4710,2437,0.5174097664543524
mifal_controlled_degradation_v0,random_dropout_mcar_25,random_value_dropout,core,20260613,observable_no_current_chla,test,2,Secchi,4710,3235,0.6868365180467091
mifal_controlled_degradation_v0,random_dropout_mcar_25,random_value_dropout,core,20260613,observable_no_current_chla,test,2,Turb,4710,1691,0.3590233545647558
mifal_controlled_degradation_v0,random_dropout_mcar_25,random_value_dropout,core,20260613,observable_no_current_chla,test,2,DOb,4710,1660,0.3524416135881104
mifal_controlled_degradation_v0,random_dropout_mcar_25,random_value_dropout,core,20260613,observable_no_current_chla,test,2,Chl,4710,0,0.0
mifal_controlled_degradation_v0,random_dropout_mcar_25,random_value_dropout,core,20260613,observable_no_current_chla,test,2,Chl_prev,4710,3290,0.6985138004246284
mifal_controlled_degradation_v0,random_dropout_mcar_25,random_value_dropout,core,20260613,observable_no_current_chla,test,3,Tw,4757,1754,0.36871978137481604
mifal_controlled_degradation_v0,random_dropout_mcar_25,random_value_dropout,core,20260613,observable_no_current_chla,test,3,TP,4757,3346,0.7033844860206012
mifal_controlled_degradation_v0,random_dropout_mcar_25,random_value_dropout,core,20260613,observable_no_current_chla,test,3,TN,4757,2477,0.5207063275173429
mifal_controlled_degradation_v0,random_dropout_mcar_25,random_value_dropout,core,20260613,observable_no_current_chla,test,3,Secchi,4757,3219,0.6766869875972251
mifal_controlled_degradation_v0,random_dropout_mcar_25,random_value_dropout,core,20260613,observable_no_current_chla,test,3,Turb,4757,1719,0.3613622030691612
mifal_controlled_degradation_v0,random_dropout_mcar_25,random_value_dropout,core,20260613,observable_no_current_chla,test,3,DOb,4757,1681,0.3533739751944503
mifal_controlled_degradation_v0,random_dropout_mcar_25,random_value_dropout,core,20260613,observable_no_current_chla,test,3,Chl,4757,0,0.0
mifal_controlled_degradation_v0,random_dropout_mcar_25,random_value_dropout,core,20260613,observable_no_current_chla,test,3,Chl_prev,4757,3219,0.6766869875972251
mifal_controlled_degradation_v0,random_dropout_mcar_25,random_value_dropout,core,20260613,observable_no_current_chla,validation,1,Tw,3049,1040,0.34109544112823875
mifal_controlled_degradation_v0,random_dropout_mcar_25,random_value_dropout,core,20260613,observable_no_current_chla,validation,1,TP,3049,1909,0.6261069203017383
mifal_controlled_degradation_v0,random_dropout_mcar_25,random_value_dropout,core,20260613,observable_no_current_chla,validation,1,TN,3049,1416,0.4644145621515251
mifal_controlled_degradation_v0,random_dropout_mcar_25,random_value_dropout,core,20260613,observable_no_current_chla,validation,1,Secchi,3049,2016,0.6612003935716628
mifal_controlled_degradation_v0,random_dropout_mcar_25,random_value_dropout,core,20260613,observable_no_current_chla,validation,1,Turb,3049,1044,0.34240734667103967
mifal_controlled_degradation_v0,random_dropout_mcar_25,random_value_dropout,core,20260613,observable_no_current_chla,validation,1,DOb,3049,1039,0.34076746474253855
mifal_controlled_degradation_v0,random_dropout_mcar_25,random_value_dropout,core,20260613,observable_no_current_chla,validation,1,Chl,3049,0,0.0
mifal_controlled_degradation_v0,random_dropout_mcar_25,random_value_dropout,core,20260613,observable_no_current_chla,validation,1,Chl_prev,3049,1955,0.6411938340439488
mifal_controlled_degradation_v0,random_dropout_mcar_25,random_value_dropout,core,20260613,observable_no_current_chla,validation,2,Tw,3158,1077,0.3410386320455985
mifal_controlled_degradation_v0,random_dropout_mcar_25,random_value_dropout,core,20260613,observable_no_current_chla,validation,2,TP,3158,2019,0.6393286890436986
mifal_controlled_degradation_v0,random_dropout_mcar_25,random_value_dropout,core,20260613,observable_no_current_chla,validation,2,TN,3158,1511,0.47846738442051934
mifal_controlled_degradation_v0,random_dropout_mcar_25,random_value_dropout,core,20260613,observable_no_current_chla,validation,2,Secchi,3158,2150,0.6808106396453452
mifal_controlled_degradation_v0,random_dropout_mcar_25,random_value_dropout,core,20260613,observable_no_current_chla,validation,2,Turb,3158,1024,0.32425585813806207
mifal_controlled_degradation_v0,random_dropout_mcar_25,random_value_dropout,core,20260613,observable_no_current_chla,validation,2,DOb,3158,1041,0.3296390120329322
mifal_controlled_degradation_v0,random_dropout_mcar_25,random_value_dropout,core,20260613,observable_no_current_chla,validation,2,Chl,3158,0,0.0
mifal_controlled_degradation_v0,random_dropout_mcar_25,random_value_dropout,core,20260613,observable_no_current_chla,validation,2,Chl_prev,3158,1893,0.5994300189993667
mifal_controlled_degradation_v0,random_dropout_mcar_25,random_value_dropout,core,20260613,observable_no_current_chla,validation,3,Tw,3184,1070,0.3360552763819096
mifal_controlled_degradation_v0,random_dropout_mcar_25,random_value_dropout,core,20260613,observable_no_current_chla,validation,3,TP,3184,2052,0.6444723618090452
mifal_controlled_degradation_v0,random_dropout_mcar_25,random_value_dropout,core,20260613,observable_no_current_chla,validation,3,TN,3184,1524,0.478643216080402
mifal_controlled_degradation_v0,random_dropout_mcar_25,random_value_dropout,core,20260613,observable_no_current_chla,validation,3,Secchi,3184,2133,0.6699120603015075
mifal_controlled_degradation_v0,random_dropout_mcar_25,random_value_dropout,core,20260613,observable_no_current_chla,validation,3,Turb,3184,991,0.31124371859296485
mifal_controlled_degradation_v0,random_dropout_mcar_25,random_value_dropout,core,20260613,observable_no_current_chla,validation,3,DOb,3184,1015,0.3187814070351759
mifal_controlled_degradation_v0,random_dropout_mcar_25,random_value_dropout,core,20260613,observable_no_current_chla,validation,3,Chl,3184,0,0.0
mifal_controlled_degradation_v0,random_dropout_mcar_25,random_value_dropout,core,20260613,observable_no_current_chla,validation,3,Chl_prev,3184,1819,0.5712939698492462
mifal_controlled_degradation_v0,random_dropout_mcar_25,random_value_dropout,core,20260614,observable_no_current_chla,test,1,Tw,4673,1703,0.36443398245238606
mifal_controlled_degradation_v0,random_dropout_mcar_25,random_value_dropout,core,20260614,observable_no_current_chla,test,1,TP,4673,3270,0.6997646051786861
mifal_controlled_degradation_v0,random_dropout_mcar_25,random_value_dropout,core,20260614,observable_no_current_chla,test,1,TN,4673,2383,0.5099507810828162
mifal_controlled_degradation_v0,random_dropout_mcar_25,random_value_dropout,core,20260614,observable_no_current_chla,test,1,Secchi,4673,3193,0.6832869676867109
mifal_controlled_degradation_v0,random_dropout_mcar_25,random_value_dropout,core,20260614,observable_no_current_chla,test,1,Turb,4673,1621,0.346886368499893
mifal_controlled_degradation_v0,random_dropout_mcar_25,random_value_dropout,core,20260614,observable_no_current_chla,test,1,DOb,4673,1641,0.35116627434196446
mifal_controlled_degradation_v0,random_dropout_mcar_25,random_value_dropout,core,20260614,observable_no_current_chla,test,1,Chl,4673,0,0.0
mifal_controlled_degradation_v0,random_dropout_mcar_25,random_value_dropout,core,20260614,observable_no_current_chla,test,1,Chl_prev,4673,3330,0.7126043227049005
mifal_controlled_degradation_v0,random_dropout_mcar_25,random_value_dropout,core,20260614,observable_no_current_chla,test,2,Tw,4710,1755,0.37261146496815284
mifal_controlled_degradation_v0,random_dropout_mcar_25,random_value_dropout,core,20260614,observable_no_current_chla,test,2,TP,4710,3232,0.6861995753715499
mifal_controlled_degradation_v0,random_dropout_mcar_25,random_value_dropout,core,20260614,observable_no_current_chla,test,2,TN,4710,2400,0.5095541401273885
mifal_controlled_degradation_v0,random_dropout_mcar_25,random_value_dropout,core,20260614,observable_no_current_chla,test,2,Secchi,4710,3218,0.6832271762208068
mifal_controlled_degradation_v0,random_dropout_mcar_25,random_value_dropout,core,20260614,observable_no_current_chla,test,2,Turb,4710,1684,0.35753715498938426
mifal_controlled_degradation_v0,random_dropout_mcar_25,random_value_dropout,core,20260614,observable_no_current_chla,test,2,DOb,4710,1691,0.3590233545647558
mifal_controlled_degradation_v0,random_dropout_mcar_25,random_value_dropout,core,20260614,observable_no_current_chla,test,2,Chl,4710,0,0.0
mifal_controlled_degradation_v0,random_dropout_mcar_25,random_value_dropout,core,20260614,observable_no_current_chla,test,2,Chl_prev,4710,3307,0.7021231422505307
mifal_controlled_degradation_v0,random_dropout_mcar_25,random_value_dropout,core,20260614,observable_no_current_chla,test,3,Tw,4757,1747,0.3672482657136851
mifal_controlled_degradation_v0,random_dropout_mcar_25,random_value_dropout,core,20260614,observable_no_current_chla,test,3,TP,4757,3330,0.7000210216523018
mifal_controlled_degradation_v0,random_dropout_mcar_25,random_value_dropout,core,20260614,observable_no_current_chla,test,3,TN,4757,2485,0.5223880597014925
mifal_controlled_degradation_v0,random_dropout_mcar_25,random_value_dropout,core,20260614,observable_no_current_chla,test,3,Secchi,4757,3209,0.6745848223670381
mifal_controlled_degradation_v0,random_dropout_mcar_25,random_value_dropout,core,20260614,observable_no_current_chla,test,3,Turb,4757,1690,0.35526592390161865
mifal_controlled_degradation_v0,random_dropout_mcar_25,random_value_dropout,core,20260614,observable_no_current_chla,test,3,DOb,4757,1673,0.3516922430103006
mifal_controlled_degradation_v0,random_dropout_mcar_25,random_value_dropout,core,20260614,observable_no_current_chla,test,3,Chl,4757,0,0.0
mifal_controlled_degradation_v0,random_dropout_mcar_25,random_value_dropout,core,20260614,observable_no_current_chla,test,3,Chl_prev,4757,3235,0.6800504519655245
mifal_controlled_degradation_v0,random_dropout_mcar_25,random_value_dropout,core,20260614,observable_no_current_chla,validation,1,Tw,3049,1037,0.3401115119711381
mifal_controlled_degradation_v0,random_dropout_mcar_25,random_value_dropout,core,20260614,observable_no_current_chla,validation,1,TP,3049,1857,0.6090521482453264
mifal_controlled_degradation_v0,random_dropout_mcar_25,random_value_dropout,core,20260614,observable_no_current_chla,validation,1,TN,3049,1461,0.4791734995080354
mifal_controlled_degradation_v0,random_dropout_mcar_25,random_value_dropout,core,20260614,observable_no_current_chla,validation,1,Secchi,3049,2054,0.6736634962282716
mifal_controlled_degradation_v0,random_dropout_mcar_25,random_value_dropout,core,20260614,observable_no_current_chla,validation,1,Turb,3049,1020,0.33453591341423417
mifal_controlled_degradation_v0,random_dropout_mcar_25,random_value_dropout,core,20260614,observable_no_current_chla,validation,1,DOb,3049,1032,0.3384716300426369
mifal_controlled_degradation_v0,random_dropout_mcar_25,random_value_dropout,core,20260614,observable_no_current_chla,validation,1,Chl,3049,0,0.0
mifal_controlled_degradation_v0,random_dropout_mcar_25,random_value_dropout,core,20260614,observable_no_current_chla,validation,1,Chl_prev,3049,1959,0.6425057395867497
mifal_controlled_degradation_v0,random_dropout_mcar_25,random_value_dropout,core,20260614,observable_no_current_chla,validation,2,Tw,3158,1084,0.34325522482583914
mifal_controlled_degradation_v0,random_dropout_mcar_25,random_value_dropout,core,20260614,observable_no_current_chla,validation,2,TP,3158,1959,0.6203293223559214
mifal_controlled_degradation_v0,random_dropout_mcar_25,random_value_dropout,core,20260614,observable_no_current_chla,validation,2,TN,3158,1518,0.48068397720075995
mifal_controlled_degradation_v0,random_dropout_mcar_25,random_value_dropout,core,20260614,observable_no_current_chla,validation,2,Secchi,3158,2125,0.6728942368587714
mifal_controlled_degradation_v0,random_dropout_mcar_25,random_value_dropout,core,20260614,observable_no_current_chla,validation,2,Turb,3158,1035,0.32773907536415453
mifal_controlled_degradation_v0,random_dropout_mcar_25,random_value_dropout,core,20260614,observable_no_current_chla,validation,2,DOb,3158,1022,0.3236225459151362
mifal_controlled_degradation_v0,random_dropout_mcar_25,random_value_dropout,core,20260614,observable_no_current_chla,validation,2,Chl,3158,0,0.0
mifal_controlled_degradation_v0,random_dropout_mcar_25,random_value_dropout,core,20260614,observable_no_current_chla,validation,2,Chl_prev,3158,1878,0.5946801773274224
mifal_controlled_degradation_v0,random_dropout_mcar_25,random_value_dropout,core,20260614,observable_no_current_chla,validation,3,Tw,3184,1033,0.3244346733668342
mifal_controlled_degradation_v0,random_dropout_mcar_25,random_value_dropout,core,20260614,observable_no_current_chla,validation,3,TP,3184,2027,0.6366206030150754
mifal_controlled_degradation_v0,random_dropout_mcar_25,random_value_dropout,core,20260614,observable_no_current_chla,validation,3,TN,3184,1531,0.4808417085427136
mifal_controlled_degradation_v0,random_dropout_mcar_25,random_value_dropout,core,20260614,observable_no_current_chla,validation,3,Secchi,3184,2093,0.6573492462311558
mifal_controlled_degradation_v0,random_dropout_mcar_25,random_value_dropout,core,20260614,observable_no_current_chla,validation,3,Turb,3184,985,0.30935929648241206
mifal_controlled_degradation_v0,random_dropout_mcar_25,random_value_dropout,core,20260614,observable_no_current_chla,validation,3,DOb,3184,1022,0.32097989949748745
mifal_controlled_degradation_v0,random_dropout_mcar_25,random_value_dropout,core,20260614,observable_no_current_chla,validation,3,Chl,3184,0,0.0
mifal_controlled_degradation_v0,random_dropout_mcar_25,random_value_dropout,core,20260614,observable_no_current_chla,validation,3,Chl_prev,3184,1836,0.5766331658291457
mifal_controlled_degradation_v0,temporal_blocks_3m_rate_10,temporal_block_missingness,core,20260612,observable_no_current_chla,test,1,Tw,4673,2233,0.4778514872672801
mifal_controlled_degradation_v0,temporal_blocks_3m_rate_10,temporal_block_missingness,core,20260612,observable_no_current_chla,test,1,TP,4673,4172,0.8927883586561096
mifal_controlled_degradation_v0,temporal_blocks_3m_rate_10,temporal_block_missingness,core,20260612,observable_no_current_chla,test,1,TN,4673,3085,0.6601754761395249
mifal_controlled_degradation_v0,temporal_blocks_3m_rate_10,temporal_block_missingness,core,20260612,observable_no_current_chla,test,1,Secchi,4673,4150,0.888080462229831
mifal_controlled_degradation_v0,temporal_blocks_3m_rate_10,temporal_block_missingness,core,20260612,observable_no_current_chla,test,1,Turb,4673,2157,0.4615878450674085
mifal_controlled_degradation_v0,temporal_blocks_3m_rate_10,temporal_block_missingness,core,20260612,observable_no_current_chla,test,1,DOb,4673,2172,0.46479777444896214
mifal_controlled_degradation_v0,temporal_blocks_3m_rate_10,temporal_block_missingness,core,20260612,observable_no_current_chla,test,1,Chl,4673,0,0.0
mifal_controlled_degradation_v0,temporal_blocks_3m_rate_10,temporal_block_missingness,core,20260612,observable_no_current_chla,test,1,Chl_prev,4673,4306,0.9214637277979885
mifal_controlled_degradation_v0,temporal_blocks_3m_rate_10,temporal_block_missingness,core,20260612,observable_no_current_chla,test,2,Tw,4710,2267,0.4813163481953291
mifal_controlled_degradation_v0,temporal_blocks_3m_rate_10,temporal_block_missingness,core,20260612,observable_no_current_chla,test,2,TP,4710,4203,0.8923566878980892
mifal_controlled_degradation_v0,temporal_blocks_3m_rate_10,temporal_block_missingness,core,20260612,observable_no_current_chla,test,2,TN,4710,3110,0.6602972399150743
mifal_controlled_degradation_v0,temporal_blocks_3m_rate_10,temporal_block_missingness,core,20260612,observable_no_current_chla,test,2,Secchi,4710,4161,0.8834394904458599
mifal_controlled_degradation_v0,temporal_blocks_3m_rate_10,temporal_block_missingness,core,20260612,observable_no_current_chla,test,2,Turb,4710,2193,0.4656050955414013
mifal_controlled_degradation_v0,temporal_blocks_3m_rate_10,temporal_block_missingness,core,20260612,observable_no_current_chla,test,2,DOb,4710,2207,0.4685774946921444
mifal_controlled_degradation_v0,temporal_blocks_3m_rate_10,temporal_block_missingness,core,20260612,observable_no_current_chla,test,2,Chl,4710,0,0.0
mifal_controlled_degradation_v0,temporal_blocks_3m_rate_10,temporal_block_missingness,core,20260612,observable_no_current_chla,test,2,Chl_prev,4710,4279,0.9084925690021232
mifal_controlled_degradation_v0,temporal_blocks_3m_rate_10,temporal_block_missingness,core,20260612,observable_no_current_chla,test,3,Tw,4757,2300,0.4834980029430313
mifal_controlled_degradation_v0,temporal_blocks_3m_rate_10,temporal_block_missingness,core,20260612,observable_no_current_chla,test,3,TP,4757,4279,0.899516501997057
mifal_controlled_degradation_v0,temporal_blocks_3m_rate_10,temporal_block_missingness,core,20260612,observable_no_current_chla,test,3,TN,4757,3168,0.665965944923271
mifal_controlled_degradation_v0,temporal_blocks_3m_rate_10,temporal_block_missingness,core,20260612,observable_no_current_chla,test,3,Secchi,4757,4182,0.8791254992642422
mifal_controlled_degradation_v0,temporal_blocks_3m_rate_10,temporal_block_missingness,core,20260612,observable_no_current_chla,test,3,Turb,4757,2249,0.4727769602690772
mifal_controlled_degradation_v0,temporal_blocks_3m_rate_10,temporal_block_missingness,core,20260612,observable_no_current_chla,test,3,DOb,4757,2237,0.47025436199285264
mifal_controlled_degradation_v0,temporal_blocks_3m_rate_10,temporal_block_missingness,core,20260612,observable_no_current_chla,test,3,Chl,4757,0,0.0
mifal_controlled_degradation_v0,temporal_blocks_3m_rate_10,temporal_block_missingness,core,20260612,observable_no_current_chla,test,3,Chl_prev,4757,4220,0.8871137271389531
mifal_controlled_degradation_v0,temporal_blocks_3m_rate_10,temporal_block_missingness,core,20260612,observable_no_current_chla,validation,1,Tw,3049,1362,0.4467038373237127
mifal_controlled_degradation_v0,temporal_blocks_3m_rate_10,temporal_block_missingness,core,20260612,observable_no_current_chla,validation,1,TP,3049,2426,0.7956707117087569
mifal_controlled_degradation_v0,temporal_blocks_3m_rate_10,temporal_block_missingness,core,20260612,observable_no_current_chla,validation,1,TN,3049,1845,0.6051164316169236
mifal_controlled_degradation_v0,temporal_blocks_3m_rate_10,temporal_block_missingness,core,20260612,observable_no_current_chla,validation,1,Secchi,3049,2631,0.8629058707773041
mifal_controlled_degradation_v0,temporal_blocks_3m_rate_10,temporal_block_missingness,core,20260612,observable_no_current_chla,validation,1,Turb,3049,1319,0.4326008527386028
mifal_controlled_degradation_v0,temporal_blocks_3m_rate_10,temporal_block_missingness,core,20260612,observable_no_current_chla,validation,1,DOb,3049,1327,0.43522466382420466
mifal_controlled_degradation_v0,temporal_blocks_3m_rate_10,temporal_block_missingness,core,20260612,observable_no_current_chla,validation,1,Chl,3049,0,0.0
mifal_controlled_degradation_v0,temporal_blocks_3m_rate_10,temporal_block_missingness,core,20260612,observable_no_current_chla,validation,1,Chl_prev,3049,2530,0.8297802558215809
mifal_controlled_degradation_v0,temporal_blocks_3m_rate_10,temporal_block_missingness,core,20260612,observable_no_current_chla,validation,2,Tw,3158,1358,0.4300189993666878
mifal_controlled_degradation_v0,temporal_blocks_3m_rate_10,temporal_block_missingness,core,20260612,observable_no_current_chla,validation,2,TP,3158,2550,0.8074730842305257
mifal_controlled_degradation_v0,temporal_blocks_3m_rate_10,temporal_block_missingness,core,20260612,observable_no_current_chla,validation,2,TN,3158,1952,0.6181127295756809
mifal_controlled_degradation_v0,temporal_blocks_3m_rate_10,temporal_block_missingness,core,20260612,observable_no_current_chla,validation,2,Secchi,3158,2738,0.8670044331855605
mifal_controlled_degradation_v0,temporal_blocks_3m_rate_10,temporal_block_missingness,core,20260612,observable_no_current_chla,validation,2,Turb,3158,1306,0.4135528815706143
mifal_controlled_degradation_v0,temporal_blocks_3m_rate_10,temporal_block_missingness,core,20260612,observable_no_current_chla,validation,2,DOb,3158,1324,0.41925269157694744
mifal_controlled_degradation_v0,temporal_blocks_3m_rate_10,temporal_block_missingness,core,20260612,observable_no_current_chla,validation,2,Chl,3158,0,0.0
mifal_controlled_degradation_v0,temporal_blocks_3m_rate_10,temporal_block_missingness,core,20260612,observable_no_current_chla,validation,2,Chl_prev,3158,2459,0.7786573780873971
mifal_controlled_degradation_v0,temporal_blocks_3m_rate_10,temporal_block_missingness,core,20260612,observable_no_current_chla,validation,3,Tw,3184,1346,0.42273869346733667
mifal_controlled_degradation_v0,temporal_blocks_3m_rate_10,temporal_block_missingness,core,20260612,observable_no_current_chla,validation,3,TP,3184,2591,0.8137562814070352
mifal_controlled_degradation_v0,temporal_blocks_3m_rate_10,temporal_block_missingness,core,20260612,observable_no_current_chla,validation,3,TN,3184,1987,0.6240577889447236
mifal_controlled_degradation_v0,temporal_blocks_3m_rate_10,temporal_block_missingness,core,20260612,observable_no_current_chla,validation,3,Secchi,3184,2756,0.8655778894472361
mifal_controlled_degradation_v0,temporal_blocks_3m_rate_10,temporal_block_missingness,core,20260612,observable_no_current_chla,validation,3,Turb,3184,1288,0.4045226130653266
mifal_controlled_degradation_v0,temporal_blocks_3m_rate_10,temporal_block_missingness,core,20260612,observable_no_current_chla,validation,3,DOb,3184,1312,0.4120603015075377
mifal_controlled_degradation_v0,temporal_blocks_3m_rate_10,temporal_block_missingness,core,20260612,observable_no_current_chla,validation,3,Chl,3184,0,0.0
mifal_controlled_degradation_v0,temporal_blocks_3m_rate_10,temporal_block_missingness,core,20260612,observable_no_current_chla,validation,3,Chl_prev,3184,2349,0.737751256281407
mifal_controlled_degradation_v0,temporal_blocks_3m_rate_10,temporal_block_missingness,core,20260613,observable_no_current_chla,test,1,Tw,4673,2260,0.4836293601540766
mifal_controlled_degradation_v0,temporal_blocks_3m_rate_10,temporal_block_missingness,core,20260613,observable_no_current_chla,test,1,TP,4673,4215,0.9019901562165632
mifal_controlled_degradation_v0,temporal_blocks_3m_rate_10,temporal_block_missingness,core,20260613,observable_no_current_chla,test,1,TN,4673,3122,0.6680933019473572
mifal_controlled_degradation_v0,temporal_blocks_3m_rate_10,temporal_block_missingness,core,20260613,observable_no_current_chla,test,1,Secchi,4673,4197,0.8981382409586989
mifal_controlled_degradation_v0,temporal_blocks_3m_rate_10,temporal_block_missingness,core,20260613,observable_no_current_chla,test,1,Turb,4673,2186,0.4677937085384122
mifal_controlled_degradation_v0,temporal_blocks_3m_rate_10,temporal_block_missingness,core,20260613,observable_no_current_chla,test,1,DOb,4673,2198,0.47036165204365504
mifal_controlled_degradation_v0,temporal_blocks_3m_rate_10,temporal_block_missingness,core,20260613,observable_no_current_chla,test,1,Chl,4673,0,0.0
mifal_controlled_degradation_v0,temporal_blocks_3m_rate_10,temporal_block_missingness,core,20260613,observable_no_current_chla,test,1,Chl_prev,4673,4358,0.9325914829873743
mifal_controlled_degradation_v0,temporal_blocks_3m_rate_10,temporal_block_missingness,core,20260613,observable_no_current_chla,test,2,Tw,4710,2297,0.48768577494692145
mifal_controlled_degradation_v0,temporal_blocks_3m_rate_10,temporal_block_missingness,core,20260613,observable_no_current_chla,test,2,TP,4710,4247,0.9016985138004247
mifal_controlled_degradation_v0,temporal_blocks_3m_rate_10,temporal_block_missingness,core,20260613,observable_no_current_chla,test,2,TN,4710,3150,0.6687898089171974
mifal_controlled_degradation_v0,temporal_blocks_3m_rate_10,temporal_block_missingness,core,20260613,observable_no_current_chla,test,2,Secchi,4710,4207,0.8932059447983015
mifal_controlled_degradation_v0,temporal_blocks_3m_rate_10,temporal_block_missingness,core,20260613,observable_no_current_chla,test,2,Turb,4710,2224,0.4721868365180467
mifal_controlled_degradation_v0,temporal_blocks_3m_rate_10,temporal_block_missingness,core,20260613,observable_no_current_chla,test,2,DOb,4710,2236,0.47473460721868366
mifal_controlled_degradation_v0,temporal_blocks_3m_rate_10,temporal_block_missingness,core,20260613,observable_no_current_chla,test,2,Chl,4710,0,0.0
mifal_controlled_degradation_v0,temporal_blocks_3m_rate_10,temporal_block_missingness,core,20260613,observable_no_current_chla,test,2,Chl_prev,4710,4330,0.9193205944798302
mifal_controlled_degradation_v0,temporal_blocks_3m_rate_10,temporal_block_missingness,core,20260613,observable_no_current_chla,test,3,Tw,4757,2331,0.4900147151566113
mifal_controlled_degradation_v0,temporal_blocks_3m_rate_10,temporal_block_missingness,core,20260613,observable_no_current_chla,test,3,TP,4757,4325,0.9091864620559176
mifal_controlled_degradation_v0,temporal_blocks_3m_rate_10,temporal_block_missingness,core,20260613,observable_no_current_chla,test,3,TN,4757,3210,0.6747950388900568
mifal_controlled_degradation_v0,temporal_blocks_3m_rate_10,temporal_block_missingness,core,20260613,observable_no_current_chla,test,3,Secchi,4757,4228,0.8887954593231028
mifal_controlled_degradation_v0,temporal_blocks_3m_rate_10,temporal_block_missingness,core,20260613,observable_no_current_chla,test,3,Turb,4757,2281,0.47950388900567587
mifal_controlled_degradation_v0,temporal_blocks_3m_rate_10,temporal_block_missingness,core,20260613,observable_no_current_chla,test,3,DOb,4757,2267,0.47656085768341394
mifal_controlled_degradation_v0,temporal_blocks_3m_rate_10,temporal_block_missingness,core,20260613,observable_no_current_chla,test,3,Chl,4757,0,0.0
mifal_controlled_degradation_v0,temporal_blocks_3m_rate_10,temporal_block_missingness,core,20260613,observable_no_current_chla,test,3,Chl_prev,4757,4268,0.8972041202438512
mifal_controlled_degradation_v0,temporal_blocks_3m_rate_10,temporal_block_missingness,core,20260613,observable_no_current_chla,validation,1,Tw,3049,1379,0.4522794358806166
mifal_controlled_degradation_v0,temporal_blocks_3m_rate_10,temporal_block_missingness,core,20260613,observable_no_current_chla,validation,1,TP,3049,2417,0.7927189242374549
mifal_controlled_degradation_v0,temporal_blocks_3m_rate_10,temporal_block_missingness,core,20260613,observable_no_current_chla,validation,1,TN,3049,1843,0.6044604788455231
mifal_controlled_degradation_v0,temporal_blocks_3m_rate_10,temporal_block_missingness,core,20260613,observable_no_current_chla,validation,1,Secchi,3049,2624,0.8606100360774024
mifal_controlled_degradation_v0,temporal_blocks_3m_rate_10,temporal_block_missingness,core,20260613,observable_no_current_chla,validation,1,Turb,3049,1334,0.43752049852410624
mifal_controlled_degradation_v0,temporal_blocks_3m_rate_10,temporal_block_missingness,core,20260613,observable_no_current_chla,validation,1,DOb,3049,1343,0.44047228599540833
mifal_controlled_degradation_v0,temporal_blocks_3m_rate_10,temporal_block_missingness,core,20260613,observable_no_current_chla,validation,1,Chl,3049,0,0.0
mifal_controlled_degradation_v0,temporal_blocks_3m_rate_10,temporal_block_missingness,core,20260613,observable_no_current_chla,validation,1,Chl_prev,3049,2519,0.8261725155788783
mifal_controlled_degradation_v0,temporal_blocks_3m_rate_10,temporal_block_missingness,core,20260613,observable_no_current_chla,validation,2,Tw,3158,1376,0.4357188093730209
mifal_controlled_degradation_v0,temporal_blocks_3m_rate_10,temporal_block_missingness,core,20260613,observable_no_current_chla,validation,2,TP,3158,2548,0.8068397720075997
mifal_controlled_degradation_v0,temporal_blocks_3m_rate_10,temporal_block_missingness,core,20260613,observable_no_current_chla,validation,2,TN,3158,1956,0.6193793540215327
mifal_controlled_degradation_v0,temporal_blocks_3m_rate_10,temporal_block_missingness,core,20260613,observable_no_current_chla,validation,2,Secchi,3158,2735,0.8660544648511717
mifal_controlled_degradation_v0,temporal_blocks_3m_rate_10,temporal_block_missingness,core,20260613,observable_no_current_chla,validation,2,Turb,3158,1322,0.41861937935402155
mifal_controlled_degradation_v0,temporal_blocks_3m_rate_10,temporal_block_missingness,core,20260613,observable_no_current_chla,validation,2,DOb,3158,1341,0.4246358454718176
mifal_controlled_degradation_v0,temporal_blocks_3m_rate_10,temporal_block_missingness,core,20260613,observable_no_current_chla,validation,2,Chl,3158,0,0.0
mifal_controlled_degradation_v0,temporal_blocks_3m_rate_10,temporal_block_missingness,core,20260613,observable_no_current_chla,validation,2,Chl_prev,3158,2453,0.7767574414186194
mifal_controlled_degradation_v0,temporal_blocks_3m_rate_10,temporal_block_missingness,core,20260613,observable_no_current_chla,validation,3,Tw,3184,1361,0.4274497487437186
mifal_controlled_degradation_v0,temporal_blocks_3m_rate_10,temporal_block_missingness,core,20260613,observable_no_current_chla,validation,3,TP,3184,2583,0.8112437185929648
mifal_controlled_degradation_v0,temporal_blocks_3m_rate_10,temporal_block_missingness,core,20260613,observable_no_current_chla,validation,3,TN,3184,1988,0.6243718592964824
mifal_controlled_degradation_v0,temporal_blocks_3m_rate_10,temporal_block_missingness,core,20260613,observable_no_current_chla,validation,3,Secchi,3184,2747,0.862751256281407
mifal_controlled_degradation_v0,temporal_blocks_3m_rate_10,temporal_block_missingness,core,20260613,observable_no_current_chla,validation,3,Turb,3184,1301,0.40860552763819097
mifal_controlled_degradation_v0,temporal_blocks_3m_rate_10,temporal_block_missingness,core,20260613,observable_no_current_chla,validation,3,DOb,3184,1326,0.4164572864321608
mifal_controlled_degradation_v0,temporal_blocks_3m_rate_10,temporal_block_missingness,core,20260613,observable_no_current_chla,validation,3,Chl,3184,0,0.0
mifal_controlled_degradation_v0,temporal_blocks_3m_rate_10,temporal_block_missingness,core,20260613,observable_no_current_chla,validation,3,Chl_prev,3184,2340,0.7349246231155779
mifal_controlled_degradation_v0,temporal_blocks_3m_rate_10,temporal_block_missingness,core,20260614,observable_no_current_chla,test,1,Tw,4673,2228,0.47678151080676223
mifal_controlled_degradation_v0,temporal_blocks_3m_rate_10,temporal_block_missingness,core,20260614,observable_no_current_chla,test,1,TP,4673,4181,0.8947143162850417
mifal_controlled_degradation_v0,temporal_blocks_3m_rate_10,temporal_block_missingness,core,20260614,observable_no_current_chla,test,1,TN,4673,3111,0.6657393537342179
mifal_controlled_degradation_v0,temporal_blocks_3m_rate_10,temporal_block_missingness,core,20260614,observable_no_current_chla,test,1,Secchi,4673,4174,0.8932163492403167
mifal_controlled_degradation_v0,temporal_blocks_3m_rate_10,temporal_block_missingness,core,20260614,observable_no_current_chla,test,1,Turb,4673,2154,0.4609458591910978
mifal_controlled_degradation_v0,temporal_blocks_3m_rate_10,temporal_block_missingness,core,20260614,observable_no_current_chla,test,1,DOb,4673,2166,0.4635138026963407
mifal_controlled_degradation_v0,temporal_blocks_3m_rate_10,temporal_block_missingness,core,20260614,observable_no_current_chla,test,1,Chl,4673,0,0.0
mifal_controlled_degradation_v0,temporal_blocks_3m_rate_10,temporal_block_missingness,core,20260614,observable_no_current_chla,test,1,Chl_prev,4673,4327,0.9259576289321635
mifal_controlled_degradation_v0,temporal_blocks_3m_rate_10,temporal_block_missingness,core,20260614,observable_no_current_chla,test,2,Tw,4710,2263,0.4804670912951168
mifal_controlled_degradation_v0,temporal_blocks_3m_rate_10,temporal_block_missingness,core,20260614,observable_no_current_chla,test,2,TP,4710,4213,0.89447983014862
mifal_controlled_degradation_v0,temporal_blocks_3m_rate_10,temporal_block_missingness,core,20260614,observable_no_current_chla,test,2,TN,4710,3140,0.6666666666666666
mifal_controlled_degradation_v0,temporal_blocks_3m_rate_10,temporal_block_missingness,core,20260614,observable_no_current_chla,test,2,Secchi,4710,4185,0.8885350318471338
mifal_controlled_degradation_v0,temporal_blocks_3m_rate_10,temporal_block_missingness,core,20260614,observable_no_current_chla,test,2,Turb,4710,2190,0.46496815286624205
mifal_controlled_degradation_v0,temporal_blocks_3m_rate_10,temporal_block_missingness,core,20260614,observable_no_current_chla,test,2,DOb,4710,2202,0.467515923566879
mifal_controlled_degradation_v0,temporal_blocks_3m_rate_10,temporal_block_missingness,core,20260614,observable_no_current_chla,test,2,Chl,4710,0,0.0
mifal_controlled_degradation_v0,temporal_blocks_3m_rate_10,temporal_block_missingness,core,20260614,observable_no_current_chla,test,2,Chl_prev,4710,4300,0.9129511677282378
mifal_controlled_degradation_v0,temporal_blocks_3m_rate_10,temporal_block_missingness,core,20260614,observable_no_current_chla,test,3,Tw,4757,2297,0.4828673533739752
mifal_controlled_degradation_v0,temporal_blocks_3m_rate_10,temporal_block_missingness,core,20260614,observable_no_current_chla,test,3,TP,4757,4293,0.9024595333193189
mifal_controlled_degradation_v0,temporal_blocks_3m_rate_10,temporal_block_missingness,core,20260614,observable_no_current_chla,test,3,TN,4757,3201,0.6729030901828884
mifal_controlled_degradation_v0,temporal_blocks_3m_rate_10,temporal_block_missingness,core,20260614,observable_no_current_chla,test,3,Secchi,4757,4208,0.8845911288627286
mifal_controlled_degradation_v0,temporal_blocks_3m_rate_10,temporal_block_missingness,core,20260614,observable_no_current_chla,test,3,Turb,4757,2247,0.4723565272230397
mifal_controlled_degradation_v0,temporal_blocks_3m_rate_10,temporal_block_missingness,core,20260614,observable_no_current_chla,test,3,DOb,4757,2233,0.4694134959007778
mifal_controlled_degradation_v0,temporal_blocks_3m_rate_10,temporal_block_missingness,core,20260614,observable_no_current_chla,test,3,Chl,4757,0,0.0
mifal_controlled_degradation_v0,temporal_blocks_3m_rate_10,temporal_block_missingness,core,20260614,observable_no_current_chla,test,3,Chl_prev,4757,4240,0.8913180575993274
mifal_controlled_degradation_v0,temporal_blocks_3m_rate_10,temporal_block_missingness,core,20260614,observable_no_current_chla,validation,1,Tw,3049,1377,0.45162348310921613
mifal_controlled_degradation_v0,temporal_blocks_3m_rate_10,temporal_block_missingness,core,20260614,observable_no_current_chla,validation,1,TP,3049,2421,0.7940308297802559
mifal_controlled_degradation_v0,temporal_blocks_3m_rate_10,temporal_block_missingness,core,20260614,observable_no_current_chla,validation,1,TN,3049,1847,0.605772384388324
mifal_controlled_degradation_v0,temporal_blocks_3m_rate_10,temporal_block_missingness,core,20260614,observable_no_current_chla,validation,1,Secchi,3049,2627,0.8615939652345032
mifal_controlled_degradation_v0,temporal_blocks_3m_rate_10,temporal_block_missingness,core,20260614,observable_no_current_chla,validation,1,Turb,3049,1334,0.43752049852410624
mifal_controlled_degradation_v0,temporal_blocks_3m_rate_10,temporal_block_missingness,core,20260614,observable_no_current_chla,validation,1,DOb,3049,1341,0.43981633322400787
mifal_controlled_degradation_v0,temporal_blocks_3m_rate_10,temporal_block_missingness,core,20260614,observable_no_current_chla,validation,1,Chl,3049,0,0.0
mifal_controlled_degradation_v0,temporal_blocks_3m_rate_10,temporal_block_missingness,core,20260614,observable_no_current_chla,validation,1,Chl_prev,3049,2523,0.8274844211216792
mifal_controlled_degradation_v0,temporal_blocks_3m_rate_10,temporal_block_missingness,core,20260614,observable_no_current_chla,validation,2,Tw,3158,1372,0.4344521849271691
mifal_controlled_degradation_v0,temporal_blocks_3m_rate_10,temporal_block_missingness,core,20260614,observable_no_current_chla,validation,2,TP,3158,2552,0.8081063964534515
mifal_controlled_degradation_v0,temporal_blocks_3m_rate_10,temporal_block_missingness,core,20260614,observable_no_current_chla,validation,2,TN,3158,1957,0.6196960101329956
mifal_controlled_degradation_v0,temporal_blocks_3m_rate_10,temporal_block_missingness,core,20260614,observable_no_current_chla,validation,2,Secchi,3158,2736,0.8663711209626346
mifal_controlled_degradation_v0,temporal_blocks_3m_rate_10,temporal_block_missingness,core,20260614,observable_no_current_chla,validation,2,Turb,3158,1320,0.41798606713109565
mifal_controlled_degradation_v0,temporal_blocks_3m_rate_10,temporal_block_missingness,core,20260614,observable_no_current_chla,validation,2,DOb,3158,1337,0.4233692210259658
mifal_controlled_degradation_v0,temporal_blocks_3m_rate_10,temporal_block_missingness,core,20260614,observable_no_current_chla,validation,2,Chl,3158,0,0.0
mifal_controlled_degradation_v0,temporal_blocks_3m_rate_10,temporal_block_missingness,core,20260614,observable_no_current_chla,validation,2,Chl_prev,3158,2452,0.7764407853071564
mifal_controlled_degradation_v0,temporal_blocks_3m_rate_10,temporal_block_missingness,core,20260614,observable_no_current_chla,validation,3,Tw,3184,1355,0.4255653266331658
mifal_controlled_degradation_v0,temporal_blocks_3m_rate_10,temporal_block_missingness,core,20260614,observable_no_current_chla,validation,3,TP,3184,2585,0.8118718592964824
mifal_controlled_degradation_v0,temporal_blocks_3m_rate_10,temporal_block_missingness,core,20260614,observable_no_current_chla,validation,3,TN,3184,1987,0.6240577889447236
mifal_controlled_degradation_v0,temporal_blocks_3m_rate_10,temporal_block_missingness,core,20260614,observable_no_current_chla,validation,3,Secchi,3184,2745,0.8621231155778895
mifal_controlled_degradation_v0,temporal_blocks_3m_rate_10,temporal_block_missingness,core,20260614,observable_no_current_chla,validation,3,Turb,3184,1297,0.40734924623115576
mifal_controlled_degradation_v0,temporal_blocks_3m_rate_10,temporal_block_missingness,core,20260614,observable_no_current_chla,validation,3,DOb,3184,1320,0.41457286432160806
mifal_controlled_degradation_v0,temporal_blocks_3m_rate_10,temporal_block_missingness,core,20260614,observable_no_current_chla,validation,3,Chl,3184,0,0.0
mifal_controlled_degradation_v0,temporal_blocks_3m_rate_10,temporal_block_missingness,core,20260614,observable_no_current_chla,validation,3,Chl_prev,3184,2337,0.7339824120603015
