scenario_id,seed,surface,source_id,site_id,origin_year_month,horizon_months,split,bloom_h,target_risk_chla_h,risk_conservative,mifal_probability_bloom_calibrated,mifal_bloom_probability_threshold,mifal_predicted_bloom_h,uncertainty,data_reliability,confidence,payload_variables
control_observed,,observable_no_current_chla,wqp,wqp:21SCSANT_WQX-SC-030,2023-05,3,test,0,0.323682506995679,0.5733857284683814,0.25719591457753027,0.135593220338983,1,0.6950130042040986,0.017818474076585832,0.15521069933709322,"DOb,Secchi,Turb,Tw"
control_observed,,observable_no_current_chla,wqp,wqp:21SCSANT_WQX-SC-022,2023-05,3,test,0,0.668156620237124,0.5733857284683814,0.25719591457753027,0.135593220338983,1,0.6950130042040986,0.017294901793977902,0.1551308579683159,"DOb,Secchi,Turb,Tw"
control_observed,,observable_no_current_chla,wqp,wqp:21SC60WQ_WQX-PD-327,2024-04,3,test,0,0.22839442238947819,0.5733857284683814,0.25719591457753027,0.135593220338983,1,0.6950130042040986,0.018091534330504498,0.1552523392503502,"DOb,Secchi,Turb,Tw"
control_observed,,observable_no_current_chla,wqp,wqp:21SC60WQ_WQX-CL-089,2024-06,3,test,0,0.6684938186636716,0.5733857284683814,0.25719591457753027,0.135593220338983,1,0.6950130042040986,0.017659070604183702,0.15518639134400955,"DOb,Secchi,Turb,Tw"
control_observed,,observable_no_current_chla,wqp,wqp:21SC60WQ_WQX-PD-327,2021-05,3,validation,0,0.6475461520495154,0.5733857284683814,0.25719591457753027,0.135593220338983,1,0.6950130042040986,0.018092375161145747,0.1552524674715558,"DOb,Secchi,Turb,Tw"
ablate_chlorophyll_memory,,observable_no_current_chla,wqp,wqp:21FLCBA_WQX-WAL-TRESCA-2,2023-04,3,test,0,0.1008560701867831,0.5733857284683814,0.25719591457753027,0.135593220338983,1,0.6950130042040986,0.01798387724342194,0.15523592224456748,"DOb,Secchi,Turb,Tw"
ablate_chlorophyll_memory,,observable_no_current_chla,wqp,wqp:21NC03WQ-NEU019L,2023-07,3,test,1,1.0,0.5733857284683814,0.25719591457753027,0.135593220338983,1,0.6950130042040986,0.016733608326067472,0.15504526436404698,"DOb,Secchi,Turb,Tw"
ablate_chlorophyll_memory,,observable_no_current_chla,wqp,wqp:21NC03WQ-NEU019P,2023-07,3,test,1,1.0,0.5733857284683814,0.25719591457753027,0.135593220338983,1,0.6950130042040986,0.016205780115668134,0.15496477399395397,"DOb,Secchi,Turb,Tw"
ablate_chlorophyll_memory,,observable_no_current_chla,wqp,wqp:21FLCHCO_WQX-MC1991A01,2023-06,3,test,1,1.0,0.5733857284683814,0.25719591457753027,0.135593220338983,1,0.6950130042040986,0.0005999789794815635,0.15258499079119706,"DOb,Tw"
ablate_chlorophyll_memory,,observable_no_current_chla,wqp,wqp:21NC03WQ-LLC01,2023-09,3,test,0,1.0,0.5733857284683814,0.25719591457753027,0.135593220338983,1,0.6950130042040986,0.013752455695025567,0.15459065797157173,"DOb,Secchi,Turb,Tw"
ablate_nutrients,,observable_no_current_chla,wqp,wqp:21FLSWFD_WQX-23144,2023-07,3,test,1,1.0,0.5733857284683814,0.25719591457753027,0.135593220338983,1,0.6950130042040986,0.025360260024363535,0.15636077265666745,"DOb,Secchi,Turb,Tw"
ablate_nutrients,,observable_no_current_chla,wqp,wqp:21FLHESD_WQX-BEAUDETTE POND WEST,2023-12,3,test,1,1.0,0.5733857284683814,0.25719591457753027,0.135593220338983,1,0.6950130042040986,0.005470069209782613,0.15332764788549433,"DOb,Turb,Tw"
ablate_nutrients,,observable_no_current_chla,wqp,wqp:21FLHESD_WQX-BEAUDETTE POND INLET,2023-03,3,test,0,0.7437949788459861,0.5733857284683814,0.25719591457753027,0.135593220338983,1,0.6950130042040986,0.006686202060400759,0.1535131002377937,"DOb,Turb,Tw"
ablate_nutrients,,observable_no_current_chla,wqp,wqp:21FLHESD_WQX-BEAUDETTE POND INLET,2023-02,3,test,1,1.0,0.5733857284683814,0.25719591457753027,0.135593220338983,1,0.6950130042040986,0.00587260839279431,0.15338903249355273,"DOb,Turb,Tw"
ablate_nutrients,,observable_no_current_chla,wqp,wqp:21FLCHCO_WQX-MC1991A01,2023-07,3,test,0,0.6225069207234714,0.5733857284683814,0.25719591457753027,0.135593220338983,1,0.6950130042040986,0.005478312778338701,0.1533289049760986,"DOb,Turb,Tw"
ablate_light,,observable_no_current_chla,wqp,wqp:21SCSANT_WQX-SC-030,2023-05,3,test,0,0.323682506995679,0.5733857284683814,0.25719591457753027,0.135593220338983,1,0.6950130042040986,0.0005967048457389268,0.15258449150709008,"DOb,Tw"
ablate_light,,observable_no_current_chla,wqp,wqp:21SCSANT_WQX-SC-022,2023-05,3,test,0,0.668156620237124,0.5733857284683814,0.25719591457753027,0.135593220338983,1,0.6950130042040986,0.0005962725762186816,0.15258442558879892,"DOb,Tw"
ablate_light,,observable_no_current_chla,wqp,wqp:21SC60WQ_WQX-PD-327,2024-04,3,test,0,0.22839442238947819,0.5733857284683814,0.25719591457753027,0.135593220338983,1,0.6950130042040986,0.0006026653621235667,0.15258540044708285,"DOb,Tw"
ablate_light,,observable_no_current_chla,wqp,wqp:21SC60WQ_WQX-CL-089,2024-06,3,test,0,0.6684938186636716,0.5733857284683814,0.25719591457753027,0.135593220338983,1,0.6950130042040986,0.0006009619552210133,0.15258514068860593,"DOb,Tw"
ablate_light,,observable_no_current_chla,wqp,wqp:21SC60WQ_WQX-PD-327,2021-05,3,validation,0,0.6475461520495154,0.5733857284683814,0.25719591457753027,0.135593220338983,1,0.6950130042040986,0.0006035061927648133,0.15258552866828845,"DOb,Tw"
ablate_physicochemical,,observable_no_current_chla,wqp,wqp:CAPECRD_WQX-290,2021-03,3,validation,0,0.8954255877972012,0.5733856771318614,0.25719591457753027,0.135593220338983,1,0.6950129419780138,0.10474104997274887,0.16846586135365435,"Secchi,TN,TP,Turb"
ablate_physicochemical,,observable_no_current_chla,wqp,wqp:CAPECRD_WQX-262,2019-12,3,validation,0,0.0,0.5733856763521812,0.25719591457753027,0.135593220338983,1,0.6950129410329469,0.10389254290519556,0.16833647003815855,"Secchi,TN,TP,Turb"
ablate_physicochemical,,observable_no_current_chla,wqp,wqp:CAPECRD_WQX-262,2021-04,3,validation,0,0.8954255877972012,0.5733856731555214,0.25719591457753027,0.135593220338983,1,0.6950129371582077,0.08543770610050128,0.16552222894066226,"Secchi,TN,TP,Turb"
ablate_physicochemical,,observable_no_current_chla,wqp,wqp:CAPECRD_WQX-262,2021-03,3,validation,0,0.8954255877972012,0.5733856714818123,0.25719591457753027,0.135593220338983,1,0.6950129351294695,0.08543770610050128,0.16552223004169672,"Secchi,TN,TP,Turb"
ablate_physicochemical,,observable_no_current_chla,wqp,wqp:21DELAWQ_WQX-108111,2023-03,3,test,0,0.6896651638708362,0.5733856702889865,0.25719591457753027,0.135593220338983,1,0.6950129336836199,0.07631832042057862,0.1641315834838229,"Secchi,TN,TP,Turb"
random_dropout_mcar_10,20260612,observable_no_current_chla,wqp,wqp:21FLHESD_WQX-BEAUDETTE POND WEST,2023-12,3,test,1,1.0,0.5733857284683814,0.25719591457753027,0.135593220338983,1,0.6950130042040986,0.005470069209782613,0.15332764788549433,"DOb,Turb,Tw"
random_dropout_mcar_10,20260612,observable_no_current_chla,wqp,wqp:21FLHESD_WQX-BEAUDETTE POND INLET,2023-02,3,test,1,1.0,0.5733857284683814,0.25719591457753027,0.135593220338983,1,0.6950130042040986,0.00587260839279431,0.15338903249355273,"DOb,Turb,Tw"
random_dropout_mcar_10,20260612,observable_no_current_chla,wqp,wqp:21FLCOLL_WQX-LKTRAF8,2023-06,3,test,1,1.0,0.5733857284683814,0.25719591457753027,0.135593220338983,1,0.6950130042040986,0.010907618028201704,0.15415683872480593,"DOb,Secchi,Turb,Tw"
random_dropout_mcar_10,20260612,observable_no_current_chla,wqp,wqp:21NC03WQ-NEU019P,2023-06,3,test,1,1.0,0.5733857284683814,0.25719591457753027,0.135593220338983,1,0.6950130042040986,0.01715921499796964,0.15511016661417404,"DOb,Secchi,Turb,Tw"
random_dropout_mcar_10,20260612,observable_no_current_chla,wqp,wqp:21NC03WQ-CPF055E,2023-05,3,test,1,1.0,0.5733857284683814,0.25719591457753027,0.135593220338983,1,0.6950130042040986,0.01754901079146145,0.15516960793818954,"DOb,Secchi,Tw"
random_dropout_mcar_10,20260613,observable_no_current_chla,wqp,wqp:21NC03WQ-CPF0880A,2023-08,3,test,0,0.6114254494800293,0.5733857284683814,0.25719591457753027,0.135593220338983,1,0.6950130042040986,0.017180398623099856,0.15511339697926832,"DOb,Secchi,Turb,Tw"
random_dropout_mcar_10,20260613,observable_no_current_chla,wqp,wqp:21FLSJWM_WQX-44678,2023-07,3,test,0,0.0,0.5733857284683814,0.25719591457753027,0.135593220338983,1,0.6950130042040986,0.02605127748601126,0.15646614832650269,"DOb,Secchi,Turb,Tw"
random_dropout_mcar_10,20260613,observable_no_current_chla,wqp,wqp:21FLCOLL_WQX-LKTRAF8,2023-11,3,test,1,1.0,0.5733857284683814,0.25719591457753027,0.135593220338983,1,0.6950130042040986,0.030029843767971,0.15707285381545755,"DOb,Secchi,Turb,Tw"
random_dropout_mcar_10,20260613,observable_no_current_chla,wqp,wqp:21NC03WQ-NEU020D,2023-07,3,test,1,1.0,0.5733857284683814,0.25719591457753027,0.135593220338983,1,0.6950130042040986,0.01620759004338046,0.15496504999616179,"DOb,Secchi,Turb,Tw"
random_dropout_mcar_10,20260613,observable_no_current_chla,wqp,wqp:21SCSANT_WQX-SC-030,2023-05,3,test,0,0.323682506995679,0.5733857284683814,0.25719591457753027,0.135593220338983,1,0.6950130042040986,0.017818474076585832,0.15521069933709322,"DOb,Secchi,Turb,Tw"
random_dropout_mcar_10,20260614,observable_no_current_chla,wqp,wqp:21NC03WQ-NEU019P,2023-07,3,test,1,1.0,0.5733857284683814,0.25719591457753027,0.135593220338983,1,0.6950130042040986,0.016205780115668134,0.15496477399395397,"DOb,Secchi,Turb,Tw"
random_dropout_mcar_10,20260614,observable_no_current_chla,wqp,wqp:21NC03WQ-CPF055E,2024-05,3,test,1,1.0,0.5733857284683814,0.25719591457753027,0.135593220338983,1,0.6950130042040986,0.016766091120371286,0.15505021777897188,"DOb,Secchi,Turb,Tw"
random_dropout_mcar_10,20260614,observable_no_current_chla,wqp,wqp:21NC03WQ-CPF086C,2023-09,3,test,1,1.0,0.5733857284683814,0.25719591457753027,0.135593220338983,1,0.6950130042040986,0.013752687842784894,0.1545906933725956,"DOb,Secchi,Turb,Tw"
random_dropout_mcar_10,20260614,observable_no_current_chla,wqp,wqp:21SC60WQ_WQX-SV-338,2023-07,3,test,0,0.0,0.5733857284683814,0.25719591457753027,0.135593220338983,1,0.6950130042040986,0.005479154351892723,0.1533290333105936,"DOb,Turb,Tw"
random_dropout_mcar_10,20260614,observable_no_current_chla,wqp,wqp:21NC03WQ-NEU020D,2023-09,3,test,0,0.77254049891183,0.5733857284683814,0.25719591457753027,0.135593220338983,1,0.6950130042040986,0.016744273011441123,0.15504689065922359,"DOb,Secchi,Turb,Tw"
random_dropout_mcar_25,20260612,observable_no_current_chla,wqp,wqp:21FLMAIT_WQX-LAKE LILY,2024-05,3,test,0,0.0,0.5733857284683814,0.25719591457753027,0.135593220338983,1,0.6950130042040986,0.005478390266863165,0.15332891679259475,"DOb,Turb,Tw"
random_dropout_mcar_25,20260612,observable_no_current_chla,wqp,wqp:21FLHESD_WQX-BEAUDETTE POND WEST,2023-12,3,test,1,1.0,0.5733857284683814,0.25719591457753027,0.135593220338983,1,0.6950130042040986,0.005470069209782613,0.15332764788549433,"DOb,Turb,Tw"
random_dropout_mcar_25,20260612,observable_no_current_chla,wqp,wqp:21NC03WQ-CPF086F,2023-06,3,test,1,1.0,0.5733857284683814,0.25719591457753027,0.135593220338983,1,0.6950130042040986,0.001070951335378889,0.1526568110131611,"DOb,Tw"
random_dropout_mcar_25,20260612,observable_no_current_chla,wqp,wqp:21SC60WQ_WQX-CW-174,2024-04,3,test,0,0.0,0.5733857284683814,0.25719591457753027,0.135593220338983,1,0.6950130042040986,0.007802985844871202,0.15368340250348328,"DOb,Turb"
random_dropout_mcar_25,20260612,observable_no_current_chla,wqp,wqp:21FLHESD_WQX-BEAUDETTE POND INLET,2023-02,3,test,1,1.0,0.5733857284683814,0.25719591457753027,0.135593220338983,1,0.6950130042040986,0.00587260839279431,0.15338903249355273,"DOb,Turb,Tw"
random_dropout_mcar_25,20260613,observable_no_current_chla,wqp,wqp:21FLCBA_WQX-WAL-DRAPER-1,2023-05,3,test,0,0.0,0.5733857284683814,0.25719591457753027,0.135593220338983,1,0.6950130042040986,0.018302375044901488,0.15528449108838788,"DOb,Secchi"
random_dropout_mcar_25,20260613,observable_no_current_chla,wqp,wqp:21NC03WQ-NEU019P,2023-07,3,test,1,1.0,0.5733857284683814,0.25719591457753027,0.135593220338983,1,0.6950130042040986,0.016205780115668134,0.15496477399395397,"DOb,Secchi,Turb,Tw"
random_dropout_mcar_25,20260613,observable_no_current_chla,wqp,wqp:21NC03WQ-CPF0880A,2023-08,3,test,0,0.6114254494800293,0.5733857284683814,0.25719591457753027,0.135593220338983,1,0.6950130042040986,0.016131037526736457,0.15495337623512584,"DOb,Secchi"
random_dropout_mcar_25,20260613,observable_no_current_chla,wqp,wqp:21NC03WQ-CPF0880A,2023-07,3,test,1,1.0,0.5733857284683814,0.25719591457753027,0.135593220338983,1,0.6950130042040986,0.015936250566903197,0.15492367249027594,"DOb,Secchi,Turb,Tw"
random_dropout_mcar_25,20260613,observable_no_current_chla,wqp,wqp:21FLSJWM_WQX-44192,2023-05,3,test,1,1.0,0.5733857284683814,0.25719591457753027,0.135593220338983,1,0.6950130042040986,0.015789169108660905,0.15490124352423265,"DOb,Secchi,Turb,Tw"
random_dropout_mcar_25,20260614,observable_no_current_chla,wqp,wqp:21NC03WQ-NEU019P,2023-07,3,test,1,1.0,0.5733857284683814,0.25719591457753027,0.135593220338983,1,0.6950130042040986,0.016205780115668134,0.15496477399395397,"DOb,Secchi,Turb,Tw"
random_dropout_mcar_25,20260614,observable_no_current_chla,wqp,wqp:21NC03WQ-CPF055E,2024-05,3,test,1,1.0,0.5733857284683814,0.25719591457753027,0.135593220338983,1,0.6950130042040986,0.016766091120371286,0.15505021777897188,"DOb,Secchi,Turb,Tw"
random_dropout_mcar_25,20260614,observable_no_current_chla,wqp,wqp:21NC03WQ-CPF086C,2023-09,3,test,1,1.0,0.5733857284683814,0.25719591457753027,0.135593220338983,1,0.6950130042040986,0.013752687842784894,0.1545906933725956,"DOb,Secchi,Turb,Tw"
random_dropout_mcar_25,20260614,observable_no_current_chla,wqp,wqp:21FLSJWM_WQX-442129,2023-03,3,test,1,1.0,0.5733857284683814,0.25719591457753027,0.135593220338983,1,0.6950130042040986,0.014769730721620489,0.15474578579870144,"DOb,Secchi,Turb,Tw"
random_dropout_mcar_25,20260614,observable_no_current_chla,wqp,wqp:21FLSJWM_WQX-44154,2023-05,3,test,0,0.1431886563822723,0.5733857284683814,0.25719591457753027,0.135593220338983,1,0.6950130042040986,0.011844194360128424,0.15429966052570984,"DOb,Secchi,Turb,Tw"
random_dropout_mcar_50,20260612,observable_no_current_chla,wqp,wqp:21FLCHCO_WQX-MC1991A01,2023-10,3,test,0,0.9470607942718304,0.5733857284683814,0.25719591457753027,0.135593220338983,1,0.6950130042040986,0.005474394039949959,0.15332830739397435,"DOb,Turb,Tw"
random_dropout_mcar_50,20260612,observable_no_current_chla,wqp,wqp:21FLHESD_WQX-BEAUDETTE POND WEST,2023-07,3,test,1,1.0,0.5733857284683814,0.25719591457753027,0.135593220338983,1,0.6950130042040986,0.006414743629779851,0.15347170459217443,"DOb,Turb,Tw"
random_dropout_mcar_50,20260612,observable_no_current_chla,wqp,wqp:21NC03WQ-NEU019P,2023-07,3,test,1,1.0,0.5733857284683814,0.25719591457753027,0.135593220338983,1,0.6950130042040986,0.016205780115668134,0.15496477399395397,"DOb,Secchi,Tw"
random_dropout_mcar_50,20260612,observable_no_current_chla,wqp,wqp:21FLHESD_WQX-BEAUDETTE POND WEST,2023-12,3,test,1,1.0,0.5733857284683814,0.25719591457753027,0.135593220338983,1,0.6950130042040986,0.004876866153044501,0.15323718827640856,"DOb,Turb"
random_dropout_mcar_50,20260612,observable_no_current_chla,wqp,wqp:21NC03WQ-CPF086F,2023-06,3,test,1,1.0,0.5733857284683814,0.25719591457753027,0.135593220338983,1,0.6950130042040986,0.001070951335378889,0.1526568110131611,"DOb,Tw"
random_dropout_mcar_50,20260613,observable_no_current_chla,wqp,wqp:21FLCBA_WQX-WAL-POWELL-1,2023-04,3,test,0,0.0,0.5733857284683814,0.25719591457753027,0.135593220338983,1,0.6950130042040986,0.012647432169597583,0.15442214906891968,"DOb,Turb,Tw"
random_dropout_mcar_50,20260613,observable_no_current_chla,wqp,wqp:21FLCBA_WQX-WAL-DRAPER-1,2023-05,3,test,0,0.0,0.5733857284683814,0.25719591457753027,0.135593220338983,1,0.6950130042040986,0.018302375044901488,0.15528449108838788,"DOb,Secchi"
random_dropout_mcar_50,20260613,observable_no_current_chla,wqp,wqp:21NC03WQ-NEU019P,2023-07,3,test,1,1.0,0.5733857284683814,0.25719591457753027,0.135593220338983,1,0.6950130042040986,0.015187701998857129,0.1548095237007881,"DOb,Secchi,Turb"
random_dropout_mcar_50,20260613,observable_no_current_chla,wqp,wqp:21FLCBA_WQX-WAL-DRAPER-2,2024-03,3,test,0,0.0,0.5733857284683814,0.25719591457753027,0.135593220338983,1,0.6950130042040986,0.018744194863889785,0.15535186573802603,"DOb,Secchi,Tw"
random_dropout_mcar_50,20260613,observable_no_current_chla,wqp,wqp:21FLHESD_WQX-BEAUDETTE POND WEST,2023-12,3,test,1,1.0,0.5733857284683814,0.25719591457753027,0.135593220338983,1,0.6950130042040986,0.004876866153044501,0.15323718827640856,"DOb,Turb"
random_dropout_mcar_50,20260614,observable_no_current_chla,wqp,wqp:21FLMAIT_WQX-PARK LAKE,2023-07,3,test,0,0.47252084348000983,0.5733857284683814,0.25719591457753027,0.135593220338983,1,0.6950130042040986,0.017685083505365174,0.1551903581423012,"DOb,Secchi,Turb,Tw"
random_dropout_mcar_50,20260614,observable_no_current_chla,wqp,wqp:21FLCOLL_WQX-LKTRAF4,2023-05,3,test,1,1.0,0.5733857284683814,0.25719591457753027,0.135593220338983,1,0.6950130042040986,0.0006006617744241938,0.15258509491298622,"DOb,Tw"
random_dropout_mcar_50,20260614,observable_no_current_chla,wqp,wqp:21NC03WQ-LLC01,2023-09,3,test,0,1.0,0.5733857284683814,0.25719591457753027,0.135593220338983,1,0.6950130042040986,0.0010682210586174135,0.15265639466370753,"DOb,Tw"
random_dropout_mcar_50,20260614,observable_no_current_chla,wqp,wqp:21NC03WQ-CPF055E,2024-05,3,test,1,1.0,0.5733857284683814,0.25719591457753027,0.135593220338983,1,0.6950130042040986,0.01570429050221962,0.1548883000886397,"DOb,Secchi"
random_dropout_mcar_50,20260614,observable_no_current_chla,wqp,wqp:21AWIC-23,2023-09,3,test,0,0.0,0.5733857284683814,0.25719591457753027,0.135593220338983,1,0.6950130042040986,0.016536275717054204,0.15501517242424923,"DOb,Secchi,Tw"
temporal_blocks_1m_rate_10,20260612,observable_no_current_chla,wqp,wqp:21SCSANT_WQX-SC-030,2023-05,3,test,0,0.323682506995679,0.5733857284683814,0.25719591457753027,0.135593220338983,1,0.6950130042040986,0.017818474076585832,0.15521069933709322,"DOb,Secchi,Turb,Tw"
temporal_blocks_1m_rate_10,20260612,observable_no_current_chla,wqp,wqp:21SCSANT_WQX-SC-022,2023-05,3,test,0,0.668156620237124,0.5733857284683814,0.25719591457753027,0.135593220338983,1,0.6950130042040986,0.017294901793977902,0.1551308579683159,"DOb,Secchi,Turb,Tw"
temporal_blocks_1m_rate_10,20260612,observable_no_current_chla,wqp,wqp:21SC60WQ_WQX-PD-327,2024-04,3,test,0,0.22839442238947819,0.5733857284683814,0.25719591457753027,0.135593220338983,1,0.6950130042040986,0.018091534330504498,0.1552523392503502,"DOb,Secchi,Turb,Tw"
temporal_blocks_1m_rate_10,20260612,observable_no_current_chla,wqp,wqp:21SC60WQ_WQX-CL-089,2024-06,3,test,0,0.6684938186636716,0.5733857284683814,0.25719591457753027,0.135593220338983,1,0.6950130042040986,0.017659070604183702,0.15518639134400955,"DOb,Secchi,Turb,Tw"
temporal_blocks_1m_rate_10,20260612,observable_no_current_chla,wqp,wqp:21SC60WQ_WQX-PD-327,2021-05,3,validation,0,0.6475461520495154,0.5733857284683814,0.25719591457753027,0.135593220338983,1,0.6950130042040986,0.018092375161145747,0.1552524674715558,"DOb,Secchi,Turb,Tw"
temporal_blocks_1m_rate_10,20260613,observable_no_current_chla,wqp,wqp:21SCSANT_WQX-SC-030,2023-05,3,test,0,0.323682506995679,0.5733857284683814,0.25719591457753027,0.135593220338983,1,0.6950130042040986,0.017818474076585832,0.15521069933709322,"DOb,Secchi,Turb,Tw"
temporal_blocks_1m_rate_10,20260613,observable_no_current_chla,wqp,wqp:21SCSANT_WQX-SC-022,2023-05,3,test,0,0.668156620237124,0.5733857284683814,0.25719591457753027,0.135593220338983,1,0.6950130042040986,0.017294901793977902,0.1551308579683159,"DOb,Secchi,Turb,Tw"
temporal_blocks_1m_rate_10,20260613,observable_no_current_chla,wqp,wqp:21SC60WQ_WQX-PD-327,2024-04,3,test,0,0.22839442238947819,0.5733857284683814,0.25719591457753027,0.135593220338983,1,0.6950130042040986,0.018091534330504498,0.1552523392503502,"DOb,Secchi,Turb,Tw"
temporal_blocks_1m_rate_10,20260613,observable_no_current_chla,wqp,wqp:21SC60WQ_WQX-CL-089,2024-06,3,test,0,0.6684938186636716,0.5733857284683814,0.25719591457753027,0.135593220338983,1,0.6950130042040986,0.017659070604183702,0.15518639134400955,"DOb,Secchi,Turb,Tw"
temporal_blocks_1m_rate_10,20260613,observable_no_current_chla,wqp,wqp:21SC60WQ_WQX-PD-327,2021-05,3,validation,0,0.6475461520495154,0.5733857284683814,0.25719591457753027,0.135593220338983,1,0.6950130042040986,0.018092375161145747,0.1552524674715558,"DOb,Secchi,Turb,Tw"
temporal_blocks_1m_rate_10,20260614,observable_no_current_chla,wqp,wqp:21SCSANT_WQX-SC-030,2023-05,3,test,0,0.323682506995679,0.5733857284683814,0.25719591457753027,0.135593220338983,1,0.6950130042040986,0.017818474076585832,0.15521069933709322,"DOb,Secchi,Turb,Tw"
temporal_blocks_1m_rate_10,20260614,observable_no_current_chla,wqp,wqp:21SCSANT_WQX-SC-022,2023-05,3,test,0,0.668156620237124,0.5733857284683814,0.25719591457753027,0.135593220338983,1,0.6950130042040986,0.017294901793977902,0.1551308579683159,"DOb,Secchi,Turb,Tw"
temporal_blocks_1m_rate_10,20260614,observable_no_current_chla,wqp,wqp:21SC60WQ_WQX-PD-327,2024-04,3,test,0,0.22839442238947819,0.5733857284683814,0.25719591457753027,0.135593220338983,1,0.6950130042040986,0.018091534330504498,0.1552523392503502,"DOb,Secchi,Turb,Tw"
temporal_blocks_1m_rate_10,20260614,observable_no_current_chla,wqp,wqp:21SC60WQ_WQX-CL-089,2024-06,3,test,0,0.6684938186636716,0.5733857284683814,0.25719591457753027,0.135593220338983,1,0.6950130042040986,0.017659070604183702,0.15518639134400955,"DOb,Secchi,Turb,Tw"
temporal_blocks_1m_rate_10,20260614,observable_no_current_chla,wqp,wqp:21SC60WQ_WQX-PD-327,2021-05,3,validation,0,0.6475461520495154,0.5733857284683814,0.25719591457753027,0.135593220338983,1,0.6950130042040986,0.018092375161145747,0.1552524674715558,"DOb,Secchi,Turb,Tw"
temporal_blocks_3m_rate_10,20260612,observable_no_current_chla,wqp,wqp:21SCSANT_WQX-SC-030,2023-05,3,test,0,0.323682506995679,0.5733857284683814,0.25719591457753027,0.135593220338983,1,0.6950130042040986,0.017818474076585832,0.15521069933709322,"DOb,Secchi,Turb,Tw"
temporal_blocks_3m_rate_10,20260612,observable_no_current_chla,wqp,wqp:21SCSANT_WQX-SC-022,2023-05,3,test,0,0.668156620237124,0.5733857284683814,0.25719591457753027,0.135593220338983,1,0.6950130042040986,0.017294901793977902,0.1551308579683159,"DOb,Secchi,Turb,Tw"
temporal_blocks_3m_rate_10,20260612,observable_no_current_chla,wqp,wqp:21SC60WQ_WQX-PD-327,2024-04,3,test,0,0.22839442238947819,0.5733857284683814,0.25719591457753027,0.135593220338983,1,0.6950130042040986,0.018091534330504498,0.1552523392503502,"DOb,Secchi,Turb,Tw"
temporal_blocks_3m_rate_10,20260612,observable_no_current_chla,wqp,wqp:21SC60WQ_WQX-CL-089,2024-06,3,test,0,0.6684938186636716,0.5733857284683814,0.25719591457753027,0.135593220338983,1,0.6950130042040986,0.017659070604183702,0.15518639134400955,"DOb,Secchi,Turb,Tw"
temporal_blocks_3m_rate_10,20260612,observable_no_current_chla,wqp,wqp:21SC60WQ_WQX-PD-327,2021-05,3,validation,0,0.6475461520495154,0.5733857284683814,0.25719591457753027,0.135593220338983,1,0.6950130042040986,0.018092375161145747,0.1552524674715558,"DOb,Secchi,Turb,Tw"
temporal_blocks_3m_rate_10,20260613,observable_no_current_chla,wqp,wqp:21SCSANT_WQX-SC-030,2023-05,3,test,0,0.323682506995679,0.5733857284683814,0.25719591457753027,0.135593220338983,1,0.6950130042040986,0.017818474076585832,0.15521069933709322,"DOb,Secchi,Turb,Tw"
temporal_blocks_3m_rate_10,20260613,observable_no_current_chla,wqp,wqp:21SCSANT_WQX-SC-022,2023-05,3,test,0,0.668156620237124,0.5733857284683814,0.25719591457753027,0.135593220338983,1,0.6950130042040986,0.017294901793977902,0.1551308579683159,"DOb,Secchi,Turb,Tw"
temporal_blocks_3m_rate_10,20260613,observable_no_current_chla,wqp,wqp:21SC60WQ_WQX-PD-327,2024-04,3,test,0,0.22839442238947819,0.5733857284683814,0.25719591457753027,0.135593220338983,1,0.6950130042040986,0.018091534330504498,0.1552523392503502,"DOb,Secchi,Turb,Tw"
temporal_blocks_3m_rate_10,20260613,observable_no_current_chla,wqp,wqp:21SC60WQ_WQX-CL-089,2024-06,3,test,0,0.6684938186636716,0.5733857284683814,0.25719591457753027,0.135593220338983,1,0.6950130042040986,0.017659070604183702,0.15518639134400955,"DOb,Secchi,Turb,Tw"
temporal_blocks_3m_rate_10,20260613,observable_no_current_chla,wqp,wqp:21SC60WQ_WQX-PD-327,2021-05,3,validation,0,0.6475461520495154,0.5733857284683814,0.25719591457753027,0.135593220338983,1,0.6950130042040986,0.018092375161145747,0.1552524674715558,"DOb,Secchi,Turb,Tw"
temporal_blocks_3m_rate_10,20260614,observable_no_current_chla,wqp,wqp:21SCSANT_WQX-SC-030,2023-05,3,test,0,0.323682506995679,0.5733857284683814,0.25719591457753027,0.135593220338983,1,0.6950130042040986,0.017818474076585832,0.15521069933709322,"DOb,Secchi,Turb,Tw"
temporal_blocks_3m_rate_10,20260614,observable_no_current_chla,wqp,wqp:21SCSANT_WQX-SC-022,2023-05,3,test,0,0.668156620237124,0.5733857284683814,0.25719591457753027,0.135593220338983,1,0.6950130042040986,0.017294901793977902,0.1551308579683159,"DOb,Secchi,Turb,Tw"
temporal_blocks_3m_rate_10,20260614,observable_no_current_chla,wqp,wqp:21SC60WQ_WQX-PD-327,2024-04,3,test,0,0.22839442238947819,0.5733857284683814,0.25719591457753027,0.135593220338983,1,0.6950130042040986,0.018091534330504498,0.1552523392503502,"DOb,Secchi,Turb,Tw"
temporal_blocks_3m_rate_10,20260614,observable_no_current_chla,wqp,wqp:21SC60WQ_WQX-CL-089,2024-06,3,test,0,0.6684938186636716,0.5733857284683814,0.25719591457753027,0.135593220338983,1,0.6950130042040986,0.017659070604183702,0.15518639134400955,"DOb,Secchi,Turb,Tw"
temporal_blocks_3m_rate_10,20260614,observable_no_current_chla,wqp,wqp:21SC60WQ_WQX-PD-327,2021-05,3,validation,0,0.6475461520495154,0.5733857284683814,0.25719591457753027,0.135593220338983,1,0.6950130042040986,0.018092375161145747,0.1552524674715558,"DOb,Secchi,Turb,Tw"
temporal_blocks_6m_rate_25,20260612,observable_no_current_chla,wqp,wqp:21SCSANT_WQX-SC-030,2023-05,3,test,0,0.323682506995679,0.5733857284683814,0.25719591457753027,0.135593220338983,1,0.6950130042040986,0.017818474076585832,0.15521069933709322,"DOb,Secchi,Turb,Tw"
temporal_blocks_6m_rate_25,20260612,observable_no_current_chla,wqp,wqp:21SCSANT_WQX-SC-022,2023-05,3,test,0,0.668156620237124,0.5733857284683814,0.25719591457753027,0.135593220338983,1,0.6950130042040986,0.017294901793977902,0.1551308579683159,"DOb,Secchi,Turb,Tw"
temporal_blocks_6m_rate_25,20260612,observable_no_current_chla,wqp,wqp:21SC60WQ_WQX-PD-327,2024-04,3,test,0,0.22839442238947819,0.5733857284683814,0.25719591457753027,0.135593220338983,1,0.6950130042040986,0.018091534330504498,0.1552523392503502,"DOb,Secchi,Turb,Tw"
temporal_blocks_6m_rate_25,20260612,observable_no_current_chla,wqp,wqp:21SC60WQ_WQX-CL-089,2024-06,3,test,0,0.6684938186636716,0.5733857284683814,0.25719591457753027,0.135593220338983,1,0.6950130042040986,0.017659070604183702,0.15518639134400955,"DOb,Secchi,Turb,Tw"
temporal_blocks_6m_rate_25,20260612,observable_no_current_chla,wqp,wqp:21SC60WQ_WQX-PD-327,2021-05,3,validation,0,0.6475461520495154,0.5733857284683814,0.25719591457753027,0.135593220338983,1,0.6950130042040986,0.018092375161145747,0.1552524674715558,"DOb,Secchi,Turb,Tw"
temporal_blocks_6m_rate_25,20260613,observable_no_current_chla,wqp,wqp:21SCSANT_WQX-SC-030,2023-05,3,test,0,0.323682506995679,0.5733857284683814,0.25719591457753027,0.135593220338983,1,0.6950130042040986,0.017818474076585832,0.15521069933709322,"DOb,Secchi,Turb,Tw"
temporal_blocks_6m_rate_25,20260613,observable_no_current_chla,wqp,wqp:21SCSANT_WQX-SC-022,2023-05,3,test,0,0.668156620237124,0.5733857284683814,0.25719591457753027,0.135593220338983,1,0.6950130042040986,0.017294901793977902,0.1551308579683159,"DOb,Secchi,Turb,Tw"
temporal_blocks_6m_rate_25,20260613,observable_no_current_chla,wqp,wqp:21SC60WQ_WQX-PD-327,2024-04,3,test,0,0.22839442238947819,0.5733857284683814,0.25719591457753027,0.135593220338983,1,0.6950130042040986,0.018091534330504498,0.1552523392503502,"DOb,Secchi,Turb,Tw"
temporal_blocks_6m_rate_25,20260613,observable_no_current_chla,wqp,wqp:21SC60WQ_WQX-CL-089,2024-06,3,test,0,0.6684938186636716,0.5733857284683814,0.25719591457753027,0.135593220338983,1,0.6950130042040986,0.017659070604183702,0.15518639134400955,"DOb,Secchi,Turb,Tw"
temporal_blocks_6m_rate_25,20260613,observable_no_current_chla,wqp,wqp:21SC60WQ_WQX-PD-327,2021-05,3,validation,0,0.6475461520495154,0.5733857284683814,0.25719591457753027,0.135593220338983,1,0.6950130042040986,0.018092375161145747,0.1552524674715558,"DOb,Secchi,Turb,Tw"
temporal_blocks_6m_rate_25,20260614,observable_no_current_chla,wqp,wqp:21SCSANT_WQX-SC-030,2023-05,3,test,0,0.323682506995679,0.5733857284683814,0.25719591457753027,0.135593220338983,1,0.6950130042040986,0.017818474076585832,0.15521069933709322,"DOb,Secchi,Turb,Tw"
temporal_blocks_6m_rate_25,20260614,observable_no_current_chla,wqp,wqp:21SCSANT_WQX-SC-022,2023-05,3,test,0,0.668156620237124,0.5733857284683814,0.25719591457753027,0.135593220338983,1,0.6950130042040986,0.017294901793977902,0.1551308579683159,"DOb,Secchi,Turb,Tw"
temporal_blocks_6m_rate_25,20260614,observable_no_current_chla,wqp,wqp:21SC60WQ_WQX-PD-327,2024-04,3,test,0,0.22839442238947819,0.5733857284683814,0.25719591457753027,0.135593220338983,1,0.6950130042040986,0.018091534330504498,0.1552523392503502,"DOb,Secchi,Turb,Tw"
temporal_blocks_6m_rate_25,20260614,observable_no_current_chla,wqp,wqp:21SC60WQ_WQX-CL-089,2024-06,3,test,0,0.6684938186636716,0.5733857284683814,0.25719591457753027,0.135593220338983,1,0.6950130042040986,0.017659070604183702,0.15518639134400955,"DOb,Secchi,Turb,Tw"
temporal_blocks_6m_rate_25,20260614,observable_no_current_chla,wqp,wqp:21SC60WQ_WQX-PD-327,2021-05,3,validation,0,0.6475461520495154,0.5733857284683814,0.25719591457753027,0.135593220338983,1,0.6950130042040986,0.018092375161145747,0.1552524674715558,"DOb,Secchi,Turb,Tw"
site_retention_75,20260612,observable_no_current_chla,wqp,wqp:21SCSANT_WQX-SC-030,2023-05,3,test,0,0.323682506995679,0.5733857284683814,0.25719591457753027,0.135593220338983,1,0.6950130042040986,0.017818474076585832,0.15521069933709322,"DOb,Secchi,Turb,Tw"
site_retention_75,20260612,observable_no_current_chla,wqp,wqp:21SCSANT_WQX-SC-022,2023-05,3,test,0,0.668156620237124,0.5733857284683814,0.25719591457753027,0.135593220338983,1,0.6950130042040986,0.017294901793977902,0.1551308579683159,"DOb,Secchi,Turb,Tw"
site_retention_75,20260612,observable_no_current_chla,wqp,wqp:21SC60WQ_WQX-PD-327,2024-04,3,test,0,0.22839442238947819,0.5733857284683814,0.25719591457753027,0.135593220338983,1,0.6950130042040986,0.018091534330504498,0.1552523392503502,"DOb,Secchi,Turb,Tw"
site_retention_75,20260612,observable_no_current_chla,wqp,wqp:21SC60WQ_WQX-CL-089,2024-06,3,test,0,0.6684938186636716,0.5733857284683814,0.25719591457753027,0.135593220338983,1,0.6950130042040986,0.017659070604183702,0.15518639134400955,"DOb,Secchi,Turb,Tw"
site_retention_75,20260612,observable_no_current_chla,wqp,wqp:21SC60WQ_WQX-PD-327,2021-05,3,validation,0,0.6475461520495154,0.5733857284683814,0.25719591457753027,0.135593220338983,1,0.6950130042040986,0.018092375161145747,0.1552524674715558,"DOb,Secchi,Turb,Tw"
site_retention_75,20260613,observable_no_current_chla,wqp,wqp:21SCSANT_WQX-SC-030,2023-05,3,test,0,0.323682506995679,0.5733857284683814,0.25719591457753027,0.135593220338983,1,0.6950130042040986,0.017818474076585832,0.15521069933709322,"DOb,Secchi,Turb,Tw"
site_retention_75,20260613,observable_no_current_chla,wqp,wqp:21SCSANT_WQX-SC-022,2023-05,3,test,0,0.668156620237124,0.5733857284683814,0.25719591457753027,0.135593220338983,1,0.6950130042040986,0.017294901793977902,0.1551308579683159,"DOb,Secchi,Turb,Tw"
site_retention_75,20260613,observable_no_current_chla,wqp,wqp:21SC60WQ_WQX-PD-327,2024-04,3,test,0,0.22839442238947819,0.5733857284683814,0.25719591457753027,0.135593220338983,1,0.6950130042040986,0.018091534330504498,0.1552523392503502,"DOb,Secchi,Turb,Tw"
site_retention_75,20260613,observable_no_current_chla,wqp,wqp:21SC60WQ_WQX-CL-089,2024-06,3,test,0,0.6684938186636716,0.5733857284683814,0.25719591457753027,0.135593220338983,1,0.6950130042040986,0.017659070604183702,0.15518639134400955,"DOb,Secchi,Turb,Tw"
site_retention_75,20260613,observable_no_current_chla,wqp,wqp:21SC60WQ_WQX-PD-327,2021-05,3,validation,0,0.6475461520495154,0.5733857284683814,0.25719591457753027,0.135593220338983,1,0.6950130042040986,0.018092375161145747,0.1552524674715558,"DOb,Secchi,Turb,Tw"
site_retention_75,20260614,observable_no_current_chla,wqp,wqp:21SCSANT_WQX-SC-030,2023-05,3,test,0,0.323682506995679,0.5733857284683814,0.25719591457753027,0.135593220338983,1,0.6950130042040986,0.017818474076585832,0.15521069933709322,"DOb,Secchi,Turb,Tw"
site_retention_75,20260614,observable_no_current_chla,wqp,wqp:21SC60WQ_WQX-PD-327,2024-04,3,test,0,0.22839442238947819,0.5733857284683814,0.25719591457753027,0.135593220338983,1,0.6950130042040986,0.018091534330504498,0.1552523392503502,"DOb,Secchi,Turb,Tw"
site_retention_75,20260614,observable_no_current_chla,wqp,wqp:21SC60WQ_WQX-CL-089,2024-06,3,test,0,0.6684938186636716,0.5733857284683814,0.25719591457753027,0.135593220338983,1,0.6950130042040986,0.017659070604183702,0.15518639134400955,"DOb,Secchi,Turb,Tw"
site_retention_75,20260614,observable_no_current_chla,wqp,wqp:21SC60WQ_WQX-PD-327,2021-05,3,validation,0,0.6475461520495154,0.5733857284683814,0.25719591457753027,0.135593220338983,1,0.6950130042040986,0.018092375161145747,0.1552524674715558,"DOb,Secchi,Turb,Tw"
site_retention_75,20260614,observable_no_current_chla,wqp,wqp:21SC60WQ_WQX-PD-327,2021-04,3,validation,0,0.2020148217106326,0.5733857284683814,0.25719591457753027,0.135593220338983,1,0.6950130042040986,0.01708937828335737,0.15509951696928115,"DOb,Secchi,Turb,Tw"
site_retention_50,20260612,observable_no_current_chla,wqp,wqp:21SCSANT_WQX-SC-022,2023-05,3,test,0,0.668156620237124,0.5733857284683814,0.25719591457753027,0.135593220338983,1,0.6950130042040986,0.017294901793977902,0.1551308579683159,"DOb,Secchi,Turb,Tw"
site_retention_50,20260612,observable_no_current_chla,wqp,wqp:21SC60WQ_WQX-PD-327,2021-05,3,validation,0,0.6475461520495154,0.5733857284683814,0.25719591457753027,0.135593220338983,1,0.6950130042040986,0.018092375161145747,0.1552524674715558,"DOb,Secchi,Turb,Tw"
site_retention_50,20260612,observable_no_current_chla,wqp,wqp:21SC60WQ_WQX-PD-327,2021-04,3,validation,0,0.2020148217106326,0.5733857284683814,0.25719591457753027,0.135593220338983,1,0.6950130042040986,0.01708937828335737,0.15509951696928115,"DOb,Secchi,Turb,Tw"
site_retention_50,20260612,observable_no_current_chla,wqp,wqp:21SC60WQ_WQX-S-310,2021-06,3,validation,0,0.5647817157426397,0.5733857284683814,0.25719591457753027,0.135593220338983,1,0.6950130042040986,0.015787737496798758,0.15490102521273216,"DOb,Secchi,Turb,Tw"
site_retention_50,20260612,observable_no_current_chla,wqp,wqp:21SC60WQ_WQX-PD-327,2020-05,3,validation,0,0.32698869377098605,0.5733857284683814,0.25719591457753027,0.135593220338983,1,0.6950130042040986,0.01892112942695272,0.15537884710844654,"DOb,Secchi,Turb,Tw"
site_retention_50,20260613,observable_no_current_chla,wqp,wqp:21SCSANT_WQX-SC-022,2023-05,3,test,0,0.668156620237124,0.5733857284683814,0.25719591457753027,0.135593220338983,1,0.6950130042040986,0.017294901793977902,0.1551308579683159,"DOb,Secchi,Turb,Tw"
site_retention_50,20260613,observable_no_current_chla,wqp,wqp:21SC60WQ_WQX-S-310,2021-06,3,validation,0,0.5647817157426397,0.5733857284683814,0.25719591457753027,0.135593220338983,1,0.6950130042040986,0.015787737496798758,0.15490102521273216,"DOb,Secchi,Turb,Tw"
site_retention_50,20260613,observable_no_current_chla,wqp,wqp:21FLCBA_WQX-WAL-TRESCA-2,2020-08,3,validation,0,0.0,0.5733857157132358,0.25719591457753027,0.135593220338983,1,0.6950129887433162,0.05289134482547597,0.1605590922181762,"DOb,Secchi,TN,TP,Turb,Tw"
site_retention_50,20260613,observable_no_current_chla,wqp,wqp:21FLCBA_WQX-WAL-ALLIGATOR-2,2021-08,3,validation,0,0.18636687230243226,0.5733857156610475,0.25719591457753027,0.135593220338983,1,0.6950129886800576,0.047554399049702954,0.15974524268061363,"DOb,Secchi,TN,TP,Turb,Tw"
site_retention_50,20260613,observable_no_current_chla,wqp,wqp:21FLCBA_WQX-WAL-ALLIGATOR-1,2021-08,3,validation,0,0.1008560701867831,0.5733857150314429,0.25719591457753027,0.135593220338983,1,0.6950129879169005,0.04432245216788864,0.15925239216898998,"DOb,Secchi,TN,TP,Turb,Tw"
site_retention_50,20260614,observable_no_current_chla,wqp,wqp:21SCSANT_WQX-SC-030,2023-05,3,test,0,0.323682506995679,0.5733857284683814,0.25719591457753027,0.135593220338983,1,0.6950130042040986,0.017818474076585832,0.15521069933709322,"DOb,Secchi,Turb,Tw"
site_retention_50,20260614,observable_no_current_chla,wqp,wqp:21SCSANT_WQX-SC-022,2023-05,3,test,0,0.668156620237124,0.5733857284683814,0.25719591457753027,0.135593220338983,1,0.6950130042040986,0.017294901793977902,0.1551308579683159,"DOb,Secchi,Turb,Tw"
site_retention_50,20260614,observable_no_current_chla,wqp,wqp:21SC60WQ_WQX-CL-089,2024-06,3,test,0,0.6684938186636716,0.5733857284683814,0.25719591457753027,0.135593220338983,1,0.6950130042040986,0.017659070604183702,0.15518639134400955,"DOb,Secchi,Turb,Tw"
site_retention_50,20260614,observable_no_current_chla,wqp,wqp:21FLCBA_WQX-WAL-ALLIGATOR-2,2021-08,3,validation,0,0.18636687230243226,0.5733857156610475,0.25719591457753027,0.135593220338983,1,0.6950129886800576,0.047554399049702954,0.15974524268061363,"DOb,Secchi,TN,TP,Turb,Tw"
site_retention_50,20260614,observable_no_current_chla,wqp,wqp:21FLCBA_WQX-WAL-ALLIGATOR-3,2020-07,3,validation,0,0.0,0.5733857153790765,0.25719591457753027,0.135593220338983,1,0.6950129883382745,0.04938184527069669,0.16002391654058848,"DOb,Secchi,TN,TP,Turb,Tw"
site_retention_25,20260612,observable_no_current_chla,wqp,wqp:21SCSANT_WQX-SC-022,2023-05,3,test,0,0.668156620237124,0.5733857284683814,0.25719591457753027,0.135593220338983,1,0.6950130042040986,0.017294901793977902,0.1551308579683159,"DOb,Secchi,Turb,Tw"
site_retention_25,20260612,observable_no_current_chla,wqp,wqp:21FLCBA_WQX-WAL-ALLIGATOR-2,2021-08,3,validation,0,0.18636687230243226,0.5733857156610475,0.25719591457753027,0.135593220338983,1,0.6950129886800576,0.047554399049702954,0.15974524268061363,"DOb,Secchi,TN,TP,Turb,Tw"
site_retention_25,20260612,observable_no_current_chla,wqp,wqp:21FLCBA_WQX-WAL-ALLIGATOR-3,2020-07,3,validation,0,0.0,0.5733857153790765,0.25719591457753027,0.135593220338983,1,0.6950129883382745,0.04938184527069669,0.16002391654058848,"DOb,Secchi,TN,TP,Turb,Tw"
site_retention_25,20260612,observable_no_current_chla,wqp,wqp:21FLCBA_WQX-WAL-ALLIGATOR-1,2021-08,3,validation,0,0.1008560701867831,0.5733857150314429,0.25719591457753027,0.135593220338983,1,0.6950129879169005,0.04432245216788864,0.15925239216898998,"DOb,Secchi,TN,TP,Turb,Tw"
site_retention_25,20260612,observable_no_current_chla,wqp,wqp:21FLCBA_WQX-WAL-ALLIGATOR-1,2020-07,3,validation,0,0.0,0.5733857144748288,0.25719591457753027,0.135593220338983,1,0.6950129872422167,0.049004251485600746,0.15996633651540393,"DOb,Secchi,TN,TP,Turb,Tw"
site_retention_25,20260613,observable_no_current_chla,wqp,wqp:21FLCBA_WQX-WAL-LITTLERE-2,2020-05,3,validation,0,0.18636687230243226,0.5733857141922725,0.25719591457753027,0.135593220338983,1,0.6950129868997242,0.047518039020918224,0.15973969894482398,"DOb,Secchi,TN,TP,Turb,Tw"
site_retention_25,20260613,observable_no_current_chla,wqp,wqp:21FLCBA_WQX-WAL-GRAYTON-1,2020-08,3,validation,0,0.0,0.5733857137905002,0.25719591457753027,0.135593220338983,1,0.6950129864127275,0.0495530746877161,0.1600500289251731,"DOb,Secchi,TN,TP,Turb,Tw"
site_retention_25,20260613,observable_no_current_chla,wqp,wqp:21FLSWFD_WQX-23169,2023-07,3,test,1,1.0,0.5733857133246903,0.25719591457753027,0.135593220338983,1,0.6950129858481096,0.06146523234013461,0.16186655591873014,"DOb,Secchi,TN,TP,Turb,Tw"
site_retention_25,20260613,observable_no_current_chla,wqp,wqp:21FLSWFD_WQX-23169,2023-04,3,test,0,0.5924576656671391,0.5733857000026356,0.25719591457753027,0.135593220338983,1,0.6950129697001644,0.06418407287513092,0.16228117003928502,"DOb,Secchi,TN,TP,Turb,Tw"
site_retention_25,20260613,observable_no_current_chla,wqp,wqp:21FLSWFD_WQX-23113,2023-10,3,test,0,0.9632716959103038,0.5733856999395026,0.25719591457753027,0.135593220338983,1,0.6950129696236396,0.07699086332765129,0.16423412257438652,"DOb,Secchi,TN,TP,Turb,Tw"
site_retention_25,20260614,observable_no_current_chla,wqp,wqp:21SC60WQ_WQX-S-310,2021-06,3,validation,0,0.5647817157426397,0.5733857284683814,0.25719591457753027,0.135593220338983,1,0.6950130042040986,0.015787737496798758,0.15490102521273216,"DOb,Secchi,Turb,Tw"
site_retention_25,20260614,observable_no_current_chla,wqp,wqp:21FLCBA_WQX-WAL-ALLIGATOR-2,2021-08,3,validation,0,0.18636687230243226,0.5733857156610475,0.25719591457753027,0.135593220338983,1,0.6950129886800576,0.047554399049702954,0.15974524268061363,"DOb,Secchi,TN,TP,Turb,Tw"
site_retention_25,20260614,observable_no_current_chla,wqp,wqp:21FLCBA_WQX-WAL-LITTLERE-3,2020-05,3,validation,0,0.14523254730598842,0.5733857138629374,0.25719591457753027,0.135593220338983,1,0.6950129865005301,0.04813823723686521,0.1598342753547352,"DOb,Secchi,TN,TP,Turb,Tw"
site_retention_25,20260614,observable_no_current_chla,wqp,wqp:21FLCBA_WQX-WAL-ALLIGATOR-2,2020-06,3,validation,0,0.0,0.5733857135213264,0.25719591457753027,0.135593220338983,1,0.6950129860864562,0.04849065220314299,0.15988801656585028,"DOb,Secchi,TN,TP,Turb,Tw"
site_retention_25,20260614,observable_no_current_chla,wqp,wqp:21FLSWFD_WQX-23169,2023-07,3,test,1,1.0,0.5733857133246903,0.25719591457753027,0.135593220338983,1,0.6950129858481096,0.06146523234013461,0.16186655591873014,"DOb,Secchi,TN,TP,Turb,Tw"
